f0,f1,f2,f3,f4,f5,f6,f7,f8,f9,outcome
-0.8404007071557065,-0.07986796743298397,4.615090615040308,-3.5499952288707672,-0.2811606550962542,1.9002506971695048,-0.2785931688250458,-1.5495755477839506,0.8698879242135504,0.24857438871043577,1
-3.0673369944899918,7.324286609435727,-0.7705358023071258,1.3195756812333002,3.0464078713600324,1.0798009562344413,0.8277392564007396,3.4079073741388397,-3.4069780522704227,1.3972654489162755,1
1.6231632119556698,0.5292138193406285,-0.14385095316603358,0.01797986687204435,-0.18665819548363305,1.9393410656290064,0.7190274764877128,-0.19975038413609836,-1.671438718821905,1.3358198155151055,0
-0.7917438174104652,3.5402718908200117,-0.8448384782678442,1.9167482421193258,1.767234364556136,0.9095909605508239,1.6321236361279252,0.24708646610404894,-2.7720198009098533,-0.7638871566700284,0
3.2336877651838893,-1.8199528035148635,-0.39065339917460473,-3.768034930028717,1.28959674709261,1.1115342277015172,0.24590243857981642,2.6223624694788406,1.4305544917455495,-0.8429618865315514,0
-0.22327513473672123,1.2569169213551188,-0.10884575066916546,-1.9313845675950705,-0.07190752028249248,0.5654430312605192,2.4766875782308833,0.2729276064051045,0.2737942093594883,0.24424224264229383,1
1.167210354344776,2.7277675566957424,-5.4599675429831285,1.6819349876889693,0.16911916238536195,2.5799676737764026,3.5197689315267,0.6284397661831713,-1.1168872707646624,0.5663391814132059,0
1.828239986633051,0.833978293440608,-3.1500216222331585,2.8589926263075864,-2.853990636584099,4.173268998530874,-0.29050153024916736,-1.3295282517689133,-1.9773922204875047,0.1379059194971331,1
4.035197636236917,-4.982919371253196,2.082478964184856,-1.0188445210850854,-2.907137987905252,0.9222574276037022,-2.587550324321626,-1.3721792481473751,-0.1437402029697047,-0.09422013684566617,0
0.6685507664014253,1.8857041701819066,-1.8032873105072642,-2.059346387719736,1.830090541543412,1.1415883269709688,0.7706203468394709,3.581041054641127,0.40003269380517104,0.49897630116525077,0
-0.9273588848772063,4.088107811809871,-2.372714749680238,1.832110098739328,2.7833488098805823,0.29521390916643064,2.790833864332818,1.186325229105879,-2.250968723954574,-0.6102160146229862,0
-0.9828998615295316,2.7481234165386885,-0.44071995722635204,-2.840243095495405,-0.7773328106268567,0.8234658003717608,3.660667994188447,0.8978514148649218,0.25912546877463916,-0.1766149075276377,1
-4.394093745835716,1.76383817530909,-2.1669745901605024,2.9540206653629584,-0.17628240902415926,-2.6573681126659157,2.08083830007855,-2.147741704796993,1.4871727840545739,1.4502480883870354,0
-1.77355526935613,3.8720514851368892,0.9210281612997487,-0.9027437540605978,0.03869027485593313,0.06019415396834005,-0.4684188921537431,3.069185020889552,-1.8175071227017006,-3.2579603467954903,1
1.335288469944206,0.26014992194585296,0.35730524429499066,-0.8344371246545467,0.9413631773048893,1.1927213463983342,0.01741806854190986,0.8714784000817315,-0.8497915019469829,-0.5711827683089732,0
-0.8186388027580387,2.114914284100351,1.4317389851166398,-2.6628959378160335,-1.1510966367332034,0.10378646586873908,0.9793397998214208,1.7888727046681707,-0.6269261801550209,1.8261297028073227,1
2.8766739985798755,-0.3539893546257931,-0.8119118769093988,-2.627649189383093,0.6110368773829423,2.555011730346253,0.9810689506496783,1.5650876828927953,0.17054639672075722,-0.7178656096116696,0
1.3371602011213524,-2.7862280356893554,-1.250885551048772,2.626200141787154,-2.5207590875170127,-1.5918389897042535,-1.1605783204038949,-1.3745948310467297,-0.3914320778827278,-0.8541683487988009,0
-2.20223399197016,3.7987584835459205,1.9745418870630718,-2.1671669246103664,1.8264795308916302,3.432513512948582,1.9567435481151059,-0.8872239816744427,-0.06524101994247489,0.6148940102296621,1
2.402232262286496,-1.8989319762559072,0.4795805257696326,0.06167974550645396,-1.0403426915052347,0.7521013816305615,-1.998639966617723,0.40884325167909275,-0.8686856510861081,1.3268069469443369,0
2.125994325567173,-1.6010785019637916,-1.3766651319205698,3.371308697222322,-1.7405264400945337,0.6673420852879508,-0.14729085681925103,-2.3995947590232047,-2.038502049430268,1.3573550395354732,1
0.3358468728327305,2.346366261033257,-1.493415734391772,-0.18028295175946085,2.037589623435367,1.2147332287248664,1.5148450918216414,1.6540510964375101,-1.0040334140693963,-1.0329096927432997,0
0.04130550450225012,1.872624545414003,-3.23619397860717,1.6569939041312332,-2.3091566764732887,2.3391039124594304,1.6620883951094312,-0.7914897838380764,-0.8303671447626425,0.4501177116441416,1
-3.6657462261255525,-1.2217039121553717,-1.2082296214194617,1.0095712577976046,-1.705404548257279,-2.7492045629376634,1.0832854192482118,-2.955351539701632,3.9694015136969507,-1.4185162406501048,0
0.9439966203394328,-3.181215909135856,-0.24307982026419084,-0.27700735543090493,-1.4772712331748195,1.7360820088219078,-3.67548687116223,-0.6587254677052943,2.767819107529845,0.16930948584522987,0
1.3379373743870526,-3.035341029054449,-1.2935837531611591,4.566983665871606,-2.516211815178223,-1.8719917591490076,-0.7410930917553844,-3.1583899297257485,-1.4045132224329995,-0.1799786677895379,1
0.6752582919082628,-2.5611677110724425,-2.3370147649076207,1.576429550244988,-0.05962090070046311,0.06118507257484773,-2.681518141301963,0.01367457244446979,2.309643584482802,-0.33102310727988216,0
0.8724649550393007,-2.187409846434796,-0.9031384022404387,1.755181954731797,-2.104074079147005,-0.03555953040181303,-0.9020029832266178,-1.866425183898779,0.31488179550653017,-1.4403323684313445,0
-2.0281423722703797,-1.8572490557433874,-1.0356387188160243,2.598097896412397,-2.695264470245087,-2.8267788071413156,-0.5799460908635943,-2.491508162339654,1.7044882434116853,-0.9443413862113654,0
-1.69221901632456,-2.6740007035459383,-1.290274019087371,0.30041013514658266,-0.6079837249854103,-2.8001309379576984,-0.6751875864569843,-0.9575034118649195,4.0721280986880775,0.1939854419539857,0
-0.8496669480279622,0.0854118612432085,-1.196219284662224,2.1020878540613444,0.19622580405901657,-0.7286141887440531,-0.37554931414316206,-0.627918284296914,0.08108910447573747,-0.06219920923654949,0
1.452032614166738,-2.7721161390407465,0.03115169159501563,1.2174628411260346,-1.8476892204543547,-0.7037347031535335,-2.0117184211466794,-0.7958798575959496,-0.018068092003720393,-0.30971475060837916,0
0.37867374780980934,-0.5399712969727357,0.9653201316192528,-0.5741592775162645,1.1377958140389635,-1.5130952184185391,2.56588592023059,-1.151294579915455,-0.42054258660163313,-1.7793700634299996,1
0.8430321932763627,0.676064609672215,-0.5656196567359391,-0.18131928493533964,-0.6864795423215819,1.144593266529615,1.7954073770152752,-0.5559135659074539,-0.9919642301737192,-0.22526695354018172,1
-2.3454337880397107,0.01942511710362006,-2.0023523806582735,1.673554488393078,0.8408665958894368,-2.0996106937841397,0.10179110261383317,-0.34574500770422134,2.153276818252621,0.3744763021160969,0
-2.213762477291719,5.954333766686045,-0.40266451533657954,0.6866271165583168,4.231956481243378,2.8820316315465835,2.1049411050161377,0.8471924968659165,-2.1855414241109696,0.16622060302328964,1
-0.3223812245622082,0.6606278008639274,-1.5751326508625492,2.93780084299479,0.45374095878424625,0.5627216546987015,-1.6734716553996878,0.00976031371960051,-0.8472687234519689,0.6340984993683759,0
0.5900203503199126,0.04453465021208685,-0.37981535858377435,-0.39303053808259436,-1.582456843398207,-0.3415660946920369,0.947656851950566,0.2855912314897249,-0.6144621071075704,0.6286406251313901,1
2.178838778278487,0.043721809164319524,-1.9314569472119176,-1.4668312828006536,1.0755813832387062,0.8838431321769442,1.8645985436855523,1.71402659375189,0.056361298322464615,0.4528846145322359,0
-1.545856659256975,1.826256728172732,-2.2393880455095965,0.9163020035617635,-0.5849052547500924,-1.4565138753921851,4.172790834667369,-1.0427542664207365,-0.10234487077573662,0.03097374042980535,1
-0.24128236199891306,5.802896688954102,-2.4507166053735165,-2.8715842886502005,0.15024150354475196,6.3271900307381985,4.140353986244001,1.4226829618991998,-0.6419600478548138,0.3912905188091807,1
-0.845309089080055,1.1801731033631493,1.0768135564032464,-1.1683888327287875,0.9717785315587096,0.5459151125669337,0.5824309210032997,0.15564492684877562,0.11232436381433053,1.6717551571872644,1
2.507680317129677,-5.77177928817411,-0.06930396485402579,5.987515311020988,-1.9311194246243013,-2.178309214674234,-2.8657797788587778,-4.820702748612154,-1.440706416830851,-0.48141939059366984,1
0.7376023519269957,-2.3436787849641556,-2.3155688489455164,6.331870443910873,-1.9609377644025348,-2.453190723275414,0.8693524315794238,-4.444513008872471,-2.0591389684677397,-0.7500331193046587,1
0.7778899086494975,0.26636587487337016,0.26792681226132364,-0.27753846615179417,-0.1545823499183061,-0.27364583764812966,-0.4080078507471423,1.3444860217414698,-1.1272783003876263,0.11278105756511482,0
-3.8766351442092164,2.483900867072887,-1.679356473274396,4.344801450736893,-1.5913086052585546,-1.5436057826104679,1.8148807313444864,-3.0749495354008074,-0.8149861140974268,-0.658118985517292,0
-1.0111852917305528,5.105206146344897,-0.46823758270452476,0.9184574153866512,0.041745657280365056,2.628600668625499,1.0889977748387962,1.227578201018812,-3.483371637044292,-1.1210984946149476,0
-0.933191341228696,-2.521860663977172,0.046531210849811266,1.327459704991667,-2.23816564307539,-2.5909717409486173,-1.7928319260348111,-1.1984848539184734,1.5544267622986063,1.047030082583237,0
-0.7296781495117535,5.279895594264622,-1.8461037355942302,1.31984326037154,1.400290271122718,3.7239951288799804,2.3086824876551373,0.4704804971594402,-2.909688414329935,-0.029959624076388018,0
-0.26805380285637237,1.4062156486991422,-2.514844298320078,1.9685712972964529,1.0214877719424968,-1.4570912659111421,1.4003272505830247,1.0744468664823892,-1.0700455705964553,-0.09656619823063527,0
2.3754537219885523,-3.0028787155757732,-2.1070921591841016,1.9822124891754334,1.4727024494505772,-1.843640765241727,1.590395337876958,-1.4679947748212898,0.14006285466991164,-1.1309204402338988,0
-3.7947919152682195,7.3599894352956605,1.3221037444720118,-0.27394821290201743,1.7881136514783074,1.2342509052017931,0.8074373124873765,2.8120426261501703,-3.1277153058032816,-0.1252942059044297,1
0.8028894488327889,-1.516223279146244,-1.6397690995895475,5.603440474686829,0.17715803070665226,-1.808954245207116,1.1954070062929616,-3.874861480222993,-2.336086451538798,-2.001908337155729,0
1.99864776569348,-1.0668617351514134,-1.4848072688082135,2.7178046674549443,-1.8951082178493257,1.5427227178714276,-0.41189991113434465,-1.8389951028316416,-1.7399375619037625,1.791192429977814,1
1.8207134591152405,-1.0299753703383725,-2.791076905677653,5.659319419480327,-2.8969621186005803,1.2137792772702178,-0.2091933702271478,-3.4534562031992087,-2.8925893567633523,-1.2511712492031837,1
-1.531929166414646,-0.8333069862922998,0.7470414995923165,1.0835650372203243,-3.256144898944632,0.9600147331173599,-2.144265003616021,-2.4124066774055546,1.0697263273089246,-1.5399541567292885,0
-1.1717742048938753,0.12837353480573632,-1.7492109820885018,3.5124513675695863,-0.662193740877473,-3.5657321855783053,1.4893572890187707,-1.1333080323981792,-1.1619140961929078,0.6926980386487097,0
-2.1194390470882056,3.904002688452681,-1.702504176344683,1.1037434912937314,1.5755674317444512,-0.13573267688648238,0.4724497441494995,2.3170549010841057,-0.9999042114298708,0.6267799878471356,1
-3.084345640952879,0.06881568637637711,0.9462947253937055,-0.730578901447291,-0.4249854390150245,-2.6273581430928763,-0.3966341155762667,0.0491438696460178,2.2660979990361874,-0.996117976875352,0
-1.1039849786718232,2.7264099017971497,-0.02881949326069777,-0.5126156501164072,1.5121225373884344,0.8730976625828394,1.0457167172407829,1.055733064925491,-0.6936936563989762,1.4993003561922291,1
0.12136342447769399,0.7809627942664137,-3.2067216158753227,3.1671721420429138,-1.8239001902183363,0.8513516814795365,1.7377064127857769,-1.9241842953628612,-1.1140437561145107,-0.7765135928988771,1
-5.921705378792857,3.430417190526923,0.740240898745943,1.1277425356970412,-1.2203795334963297,-2.576577026293437,1.7312867006774368,-1.6296773099728612,0.7323530487879248,0.2832033394184362,0
0.4855071464919588,1.1125391330795114,-3.531670776604785,4.5680595098501415,-2.1243248522886384,1.661341099450108,1.8833027852173168,-2.912923164065811,-2.3177354899142104,0.047176022642439065,1
1.1121337680897216,-0.4352236326155519,-1.4411969567448697,2.145986552651646,-0.3585804009093555,0.45937904226597737,-1.3087674375971656,0.15181470857978896,-1.0702829321536513,0.3826775556851385,0
-4.08552152184507,3.0817156801895162,-1.459886990838735,2.3293154538529,0.14674648376960064,-0.7667807138914466,1.5514210721324795,-1.4107912843966628,0.4564038760036315,0.5175149700207338,0
-1.0750728950065989,0.7557368601994854,-1.758523819923318,3.014612983150676,-0.3702978922733531,1.0986367331996925,-0.3620116126752848,-1.8298198806175057,-0.1724645046072486,0.6265088398238242,0
-2.1089610595239385,1.7921268903112784,-0.48714621745126885,0.6987188202256748,0.6540663262787663,-0.269992179957964,0.9544743407437986,-0.4418726866253456,0.3218761576117979,-0.11228863616641939,0
-0.3404626478886541,2.379662044561375,-1.2049849891038389,0.657352291664339,2.494611296017651,0.3644443903682515,1.2240912626491989,1.3024042873613255,-1.1426339053805816,0.32283909710503056,0
-2.721588617543948,4.0843978799561995,-0.13598529225072742,0.8980517544382467,1.0765599988950816,-0.17604224062945328,-1.2419341177576855,2.701187674424766,-1.352919371363133,0.0739519863652753,1
-2.8119165975345206,4.797701086574578,-3.003717433949592,-0.31389029491017606,-0.21539615751111651,-1.595006712184257,2.9593999893079665,3.354217734359036,-0.3503873579481357,0.7249506569484928,1
-2.256512513464862,-1.0565322324045596,0.4540576160253784,0.3195885268404193,-1.5661583174372122,-0.44091873962581607,-3.214715904203274,-0.4620492156800404,2.6574355485834253,0.6081667342659927,0
0.7181316241368798,-2.2533379707003935,-2.191872951809928,3.2977090457863216,-1.3469149213202676,-2.323690185590098,-0.7124090488690823,-1.0080887181460367,-0.12554913495327358,-0.6091073827268106,0
-0.289014836495066,4.418567644960332,-2.417392329967094,2.0310539405539307,0.03597457589629871,3.2163525633715673,2.2138621254041686,-0.01619221454481412,-3.012092632708759,-1.6177046706821083,0
-2.188095080058185,-1.88037328120202,-0.14577322624027234,-1.0196065314421676,-0.48583610571076674,-1.897859255794076,-2.1964412905661295,0.41342328791757477,4.297245937085307,0.2702560981283974,0
-2.17312589839238,4.689318331671839,0.14852706041476005,0.8018862278772418,2.6351463414894374,1.044734851248906,-0.06699832924073967,2.019870062601336,-2.067500713048685,-0.14347451412611073,1
0.03188648414299844,0.0480674993426686,-0.3196753173669864,0.6550148593254184,-0.6054881492180049,-1.4561188807049805,2.4994903172393723,-1.2233737994883822,-0.9137041193869789,0.5884968314115165,1
0.7300980939683042,-5.094356702557841,0.6072034465841056,-1.982120353767552,-0.13952715010010897,-2.9169103306840216,-4.132611091500419,1.8152414842699023,4.393981161517377,-0.17417461419143684,0
-1.4264264106996545,6.841676773671595,-1.7418978454924616,1.0266404081597154,-0.7993379243041805,3.2298600954681906,2.011522114575687,2.0178904773735375,-4.07655372033596,-0.2987835068067566,0
-1.184814414145423,3.9393765292112475,-1.666043115856152,1.9821070596309447,1.5112054611882888,0.8685109650721974,1.4135641028129735,0.913931645228169,-2.351672675143919,-0.174947053825677,0
-0.782459131320318,2.066046120260874,1.1355322529154572,-2.455054177892209,0.6903810037454277,2.67074580218194,2.3874131994586842,-0.8766208037606449,0.36497289632001495,-1.2043419991261433,1
2.0389356635592764,0.232574179236573,3.1822638537230876,-2.5387007646855952,0.49680716333023556,0.8425852389154002,0.6934589488919626,0.7970685899823957,-2.3767016098026152,-0.06342476800009497,1
0.9023063591781284,-0.8229493387725114,-2.4988350244392725,4.548577372348003,-2.3607393490031208,0.5961441259950158,0.19351178799481517,-3.0439899781624273,-1.7240829520811674,0.19209068185060513,1
-1.1436868342886237,5.5176037535156865,-3.301788484112911,0.6070635019615708,3.7497055708288856,1.257469536542395,3.7719576203211393,2.5141282266213656,-1.7306190112390485,-0.678757253926146,0
-1.0276854454747695,4.727519128287207,-1.1685582282010087,-1.4605946435991508,2.5471831876173923,0.9060729053020528,1.2597525267704248,4.276831427617102,-1.262810562531289,1.5998598005831444,0
0.13216311318881113,2.2977982190194375,-0.06480138681410808,0.7336535397775533,-0.9328861811241316,1.245514456221146,0.28145174562042985,0.6630083872604962,-2.5989871041778616,0.19307071617661323,0
1.2918060591563243,-2.6690867364062956,0.03198103862560542,2.4094071466537645,1.414224865382195,-2.1726131719944117,-0.14632250313053752,-1.7716015627518096,-0.5784238628879906,-0.6087236134693134,0
-1.9180010566691852,-1.6036466901108903,-0.3642218653688645,0.044691315750360616,-1.175547186342798,0.25016096139465094,-1.9895057270445515,-1.5027649413126727,3.6669867783187167,0.13875116273699806,0
1.2298889110707696,-1.1711201850156767,0.5753377690720713,0.6128502699053853,0.10259169633596432,-0.7442321391073403,1.193694452075488,-1.4411609045305893,-1.1012189729005966,0.29184258075456376,1
-0.48632201067539893,3.3214430137180346,-2.3622093093533234,2.04623731831309,0.37279499277535255,0.6498092970854286,1.903617791706362,0.7647338845101913,-2.4007781674623194,-0.5209714403273668,0
0.743987491322708,2.7030076032714248,2.548062628291523,-7.249069874844034,2.800844045655232,2.7495325566952573,3.336178966123442,3.0446216672459974,0.6136027330000868,1.8513990021285582,1
-3.648338335599869,1.9760448993140753,0.5109681133709174,1.0325841794745414,-1.3497594005301772,-1.227793532471791,1.242390503353449,-1.8583375986368056,0.32419553085651054,-0.1722852865316832,0
0.8827784064265856,-1.8805337740860817,0.32372658143195676,0.7138883139780201,-0.37710373914253803,-0.7645366008369776,0.012119680197064997,-1.4497961239705648,-0.006167632782885235,0.2774756048621052,1
-3.32419881638325,-1.158949881493409,-0.8996365747182776,1.7676270327560362,-2.019366063341323,-2.1376441911876425,-1.1772026188565679,-2.1046782395064287,3.1367355927975953,0.9128656759620315,0
-1.375565748605538,-2.7718015921255366,0.03806983358440297,-0.4271624521759763,-1.3200718893791432,-0.9931016933117738,-3.5822424773781716,-0.07816366501797034,4.004268093796673,0.08533294437325525,0
-1.2047843418953978,2.961438009627917,-0.35982904457897025,-3.0252513430588936,-0.9941120342334544,0.23781246512503462,3.5456050478651857,1.5145859809830666,0.1618257586700973,0.2783019468392853,1
2.145072252452966,-0.6429745252398654,-0.445811769656854,-2.8202142713229312,1.838641696835094,1.0084418146242002,-0.04261731714842609,2.6974034040791888,0.9710792835168598,-0.534720466523215,0
2.6288086427235795,2.2629584487225824,-1.4547375716289226,-1.0170444233079234,-1.079501775315528,5.416013879784318,0.8004516675588412,1.0997791924730667,-2.2201445655134124,-0.30115321511437015,1
1.8878959993665483,-1.729646594743575,0.969570138836904,-0.3901853377585412,-0.35447021732316364,-0.19420324716605908,0.020818368093400208,-0.5247651797963498,-0.7430890507703303,0.02180462250324024,1
-1.0250149407320719,5.2086918226983325,-1.6461195356257279,3.9345215734919434,-0.551275032331555,2.08170078613007,2.735270502647185,-1.241997029089712,-5.049709624119392,-0.43063988056836877,0
2.198511932964651,-0.46161162792093424,-0.8491494796520342,1.2930038529458205,-1.9546056687901867,1.7612473592597284,-0.37864865286182425,-0.5685409959575947,-1.9866997434627334,0.45667623913550426,1
2.233722979059802,-1.6302421462594945,-1.8875085229280049,0.20828260145234673,1.030093841548234,-0.12071423247183621,1.1097288570206363,0.11480848766154172,0.3238221198709825,-0.7750777305987281,0
-1.994139701023446,5.899711189217572,0.6985607872969166,0.8122511773937122,2.1618728403220553,0.968527541401606,-1.53664422894509,4.157129616932751,-3.769552228720077,-0.6375356860260599,1
0.15839123993022286,2.839145392191409,-0.8439126364167804,0.2122078591420121,0.8550408762706676,1.9301734405439683,1.177710794563491,1.0312835365019373,-1.916653039414663,0.847875580752877,0
-0.05420417064856675,-1.3910944490899457,-1.5193290832946358,3.387149262735729,-1.0136570800516707,-1.9703605135910833,1.5872755959390852,-3.077568177705985,-0.5670407622287476,1.152584363923729,1
2.183866498076406,-1.6804285380518822,1.8913893533476718,-3.1360110638095633,1.5018364087151572,-0.35480289282077604,-0.8145744053842066,2.2163221494930143,0.3672715757513616,-0.8324950417850724,0
1.1270524797990857,4.810818459699269,-0.784748733296809,-3.9012070185724377,2.371898422939288,5.060652853648276,2.498542227775367,3.6391191859894545,-1.30921566023222,1.3704706992277238,0
-3.056099582642369,1.9835821452707658,-3.5849968562724603,5.5834919811454355,-1.003630144389403,1.4884390802976037,-0.17264891580012587,-3.4202313458814615,0.18817384413385496,1.0813712419753647,0
1.6131945669060404,-2.6149574829662168,-1.5255155747813443,0.9887494506069451,2.0060080001165286,-3.0592882903914607,0.8204805574120129,0.29281968650351964,0.6349543758147462,1.166791046853131,0
0.7729407113822178,2.710144352642628,-3.233241192286137,0.7344087891158225,1.8326775942339308,2.4363433535243937,2.71843460320419,0.7628662406194019,-1.118422301266176,1.0699111393325722,0
-2.273729506759743,-0.11144547767104235,1.0445336750332692,-0.7137080322101066,-1.4111619711816628,-1.0382082212779553,-0.16724751788109793,-0.9965234812861734,1.7640279449924599,0.46761290167482694,0
-1.47182857108108,-2.4161814207577743,-0.6102206026052909,0.825839028011926,-1.345841631063358,-2.520708792212262,-0.500532243805294,-1.6967629971874105,2.8117419857913912,-0.4002590391676054,0
-0.7733459879118842,-0.9163282710815133,0.12487258319738981,0.051103059927822096,-0.597948072360168,-0.3439872252969014,-3.0713297241346114,0.9893639417490745,1.5356600079632907,-0.4979134051890961,0
0.3700817302826327,3.1299265775318745,-3.5665957110240116,0.9301551457361267,2.656701269701869,1.9919669345164213,3.033541374320245,1.0723096686494993,-1.0139844045373207,0.23179355871413165,0
-4.928342564429414,7.074413546107636,-1.097654444745734,1.7167652412831347,1.9842691142369973,-0.7323858388578213,-1.8251574539277629,4.916289210941012,-1.8231812733113746,-1.0307406793683418,1
1.0353861419029098,0.7944385062080492,0.006956302034375694,-1.6361665042913218,1.000808168922592,0.7452295371500799,2.9703906410461673,0.01933000757711545,-0.6193667101808114,0.38353562481589165,1
3.0812810492099114,-2.8047842457343766,-0.6412679824778793,4.3747948648889645,-1.6136775713206402,0.9986468214517906,-1.4785846413109405,-3.239255806859806,-2.735751287544238,-0.8424633232459792,1
-0.4706961412850794,-1.3410276750475945,-0.009038169973287213,0.9992240225575545,-0.41931432859760553,-3.470795102949464,2.14155767804459,-1.670749183951409,0.06500244222153051,-1.1623923097016218,1
0.18234814907703556,-1.067795720110022,-0.8594737880205321,0.9915241342311719,-0.06139120127506481,0.6017202221471596,-3.0210231329778656,0.6855641804060444,1.0396085614705837,0.1009331080986314,0
-1.0605298196048976,1.0569130982605404,4.0270478527224505,-1.5878866008413757,3.452030869639961,3.232961029522519,0.5042100896184321,-2.862515817044788,0.13902408087289775,-2.159239921803088,1
1.1743506333280331,-3.17065332752341,-1.532888151502637,5.027438334060067,-3.1754265877315,-1.8352744228220201,-1.3884221273026949,-3.2176252461639145,-1.3201814715957871,0.25604466934411546,1
0.6870359508228717,2.269145002874628,-3.7974288051381357,-1.2746696354981721,3.4208114352403687,0.8633690364161014,2.4982682211438227,3.460063361297406,0.8254908098020222,-0.04399410383807501,0
0.40026788473980446,-1.1711176751384018,-1.2477646412317633,0.7950846424231927,0.7958189650958802,-0.4586009020940326,0.11591421570562632,-0.49974483405597836,0.9700421146304928,1.7216822128690823,0
1.4331235983446788,-0.301697650770518,-0.06125097584232819,0.2398460498665361,1.444872462239481,0.36886185801897553,0.6047110844663424,-0.01936746805215872,-0.9795316806746006,1.5732590612294617,0
-0.7356527439359297,4.355339795142068,0.15325184249582902,0.6456291289488787,2.691973319301204,1.37724337938957,-0.454278671313898,2.8704284061511647,-3.024729211281891,0.9570914862690482,1
0.2809592922948897,0.319774801120376,-2.476513486682787,2.142583490778318,-2.4508430647659294,0.9081863259564943,0.9133899628959835,-1.3607962954662902,-0.695981679143295,-0.27081477915378266,1
0.9889813709077364,1.8534179208725154,-0.8987291088297239,-0.30206505323567917,0.04248524312655677,2.0428139671772927,3.0448578812424603,-0.5370826146786072,-1.6993540905574314,-0.7196059308080403,1
-0.2782775128994066,1.2576015070259663,-0.3834561343444458,-0.6342218229294141,0.5944772302072088,-0.3399267914717936,3.577169238454594,-0.7328639824144525,-0.47575966020594285,-0.47253356779732125,1
-1.414532986845269,-0.2753548490772579,-1.93637800810489,2.4988364169465362,-0.5245540899961578,0.5142022532622048,-0.9704033016671141,-1.747773448063428,1.4342364070213747,-0.025722702263846115,0
-0.8163298439501168,-1.6269016683047335,-3.3313702321348715,5.717252923770058,-1.6265596186918798,-3.7051880876953938,0.05381791782972245,-2.3172626875819504,-0.3976373597092051,-0.46465043838122594,0
1.3716972387928072,-0.18496998828417838,-1.914653432627382,-1.0619667237954842,3.2664756227583127,0.000287509246528872,1.372795416688442,1.8321369385743849,1.0385509749019946,2.454173933982745,0
0.5188385031191447,2.7066390025826474,-1.639236927228215,-1.2810641545911032,-0.7666673160827026,2.870440149379543,2.4351108109535957,0.8978204742856637,-0.8950316821522935,-0.7857276631741765,1
0.5096802948276422,1.7157526054490222,0.16132858315568854,-1.1455405208416358,1.9293736957008365,0.710483477278333,0.5648607199682589,2.0701002983532666,-1.0651078548274273,-1.5297048067952788,0
-0.764759478778266,2.5999294113918676,-3.028581807550913,6.421572306028392,-1.68673370171462,2.85969051257061,0.1908843578893591,-3.4363661978672266,-3.3881739763393,-0.6099403454321894,0
2.8741698889269784,-1.3674432165770185,-0.8390688562675126,-1.0979973487934018,0.3880570848409187,2.2465049876201113,0.3594999310911272,0.1195478018091537,0.14013072967453155,0.008644414363122977,0
-1.1609875757917718,4.6857161148200746,-1.065983541560937,-0.0508919819565783,1.5635248288740224,0.420748869238989,1.8914127380384458,2.7972493736507946,-2.3398409102913504,0.6204131193500092,1
0.13293101495171178,1.8457850000660283,2.324385439395178,-1.567658210852729,0.9785740942691873,0.8939705014266139,0.3952341790328503,1.0306735951049446,-1.9227580011218872,-0.321246555100508,1
1.3795234818828366,2.029385963289251,-3.884256389653951,0.8385888155406827,-1.0714710574706876,2.790343719593378,2.0971975542987584,0.7112673818179475,-1.1697882177007228,-1.6017435189491598,0
2.3821319613841796,-2.5740745488163665,-2.0189176130459563,5.65466804125186,-2.520253021396405,1.271066489432496,-1.7003279010707884,-3.8350825077293025,-2.283621251738252,-0.8819178893178635,1
0.02477062536201724,-2.846798365227767,-4.0651369358660485,4.09190736450289,0.3057156241972383,-1.0234287782638607,-2.7669671972409913,-0.8289042429288741,2.5211622412972114,0.2516562556839935,0
2.3322922515985764,0.6925715127094956,0.6441194599855238,-2.171291478188709,0.11760198653639597,2.5102166495663822,0.9799065823310151,1.098171589166006,-1.4994618788029064,0.6430644154592037,1
0.19855404873183358,1.3888291756286029,2.8728788608928895,-2.47875066369734,1.5683219479987145,1.0123588555264555,1.8031078021033973,-0.07765991721044507,-1.2560075762423693,-0.8597630263515218,1
1.4286566084449475,-2.028664402768664,-2.2707477689160793,5.212486234426477,-2.1889122348658017,0.5567777541121586,-0.6818932669594218,-3.7556543351729985,-1.5853529987095065,-0.2724972340709515,1
1.7360339816066848,-0.28997790784232963,0.16454973319598376,-1.5802613146690672,0.25026672384615445,0.42521979838848056,-0.05272961534200582,1.7698499782686388,-0.4937921935429953,0.1620762549796328,0
2.794802260090153,-0.6068337394453235,-2.3430588032423736,3.813775872431562,-3.0887375718106536,2.140387874506869,-0.6788344717665977,-1.533265522579458,-3.2105048098988247,0.38098882865894623,1
0.4362423591295046,3.435748158639877,0.2353057676189685,-0.6776209167592899,-0.8085846215049173,-0.6617404578239461,-1.2080681330154128,5.326722282992494,-3.726099745418464,0.035842573839029425,1
1.4286412382230744,-0.1693694811879824,-1.7373671690396493,3.4353785376095463,-0.9201953157059645,2.5247050222059944,-2.4070571714838156,-0.8025776554062549,-1.7607751984985223,-0.44240643694602205,0
-0.5548036874116382,0.21415981009697155,-1.1957992791061391,2.814500201218953,-0.27632499272459976,-1.9681279043090023,-0.2407942739300467,-0.12925769680843946,-1.200644254887878,0.7797365502429338,0
-1.7704891837625683,5.43423422124162,-3.213186089606861,3.0049617617248963,1.9018339959347417,0.9749742061101757,2.98576597612804,0.7858935474984957,-2.8775149093486085,-0.22549998135827568,0
2.063352731450577,-3.898473174908572,1.826875993953624,-1.6113840783515732,-2.1626734545260997,-1.0429461559361668,-3.7112462889314184,1.1801175908864079,1.0399950349123872,0.9977147665137356,0
2.124127893757639,-0.7243281179853265,-2.110141956346449,3.230175318737554,-2.9368122407193615,3.1861236960734165,-1.660759258449397,-1.749691796486223,-1.8302934911732627,-0.9002250969001965,1
1.3506774795708196,-2.1311119307447473,-1.4157690543320056,4.677135860386493,-1.535542417197577,-0.34878512990600186,-0.09410651367426115,-3.7203488103187903,-1.7347158723593648,0.0045197777602813,1
-1.1346404134817039,2.4366582377072685,2.4544991323178413,-3.058316987662778,-0.0024939163660206987,2.0042538443124864,1.9737437151416848,-0.2964249601279558,-0.3099904356865115,1.0700207706658533,1
0.620963000446273,2.111094925077565,-3.8139730504944533,1.6025196643603847,1.9352739202083578,1.3400348317374962,2.978444735633572,0.29578228084428226,-0.8603360957368147,2.0166925305016994,0
-1.2920462627727267,4.555402223853555,-0.6241479399111254,-0.9709750956789004,0.6704500540487284,0.7661769238271484,2.356313784749182,2.347089460762725,-1.870879263651271,-0.5493188020109128,1
-1.9981078211490293,-0.7399208725308131,-1.2718024792031632,1.3655209919375169,-0.8069864606676183,-2.649611280290456,0.267257199281544,-0.9196543953490581,1.8319058068090468,0.2673252988312765,0
-0.7200220961334184,2.8949550474828465,5.383763372691659,-2.2788668820049365,3.476778080779775,3.745843869811413,0.3906732261792323,-1.2898531117926644,-2.2028398378735545,1.3873832786234994,1
-0.45901702307521997,4.823598488902552,-2.4108215647572653,0.4413390859273527,2.040124320198409,2.9969118576120666,2.5729900769862164,1.5161760259364576,-1.9788508681232302,0.6060127751560984,0
-0.5013921981603955,1.2701895211647851,0.6677785927359894,-2.533735603834082,-0.49604023672276787,-0.15279370789292557,3.0500042373274,0.14597332668227214,0.16484875017164113,-0.9074520957517027,1
0.46075607630173443,-0.4684780794536698,-1.2482304730884324,2.765392931430847,-1.512622371714081,1.2854940689328722,-1.8895518762212449,-1.1279579194590852,-0.8119769940565891,0.33025042052782305,0
-1.0325666795919959,3.0895214956049224,0.9072155062919942,-1.546397887057371,0.374938542945073,1.0565093446919152,1.1018372368459601,1.4517607165300912,-1.1927018403428642,0.15895668573140898,1
-0.796054796833311,-0.9163095073429441,-0.5693288925929783,0.7258583200009043,-0.22476050315379492,0.08468120094642773,-2.117785165925535,-0.1472391757523942,1.6858855371908832,-1.4419507114246894,0
0.11917130607921211,3.995964531739736,1.8410081274841685,-2.9523122519219807,0.24359114624641476,2.1708584216190285,2.3620236555104377,1.9451372145500523,-2.738965789616252,0.7990069968379463,1
-1.0448084472937953,-0.7510198650466932,0.28402616651034074,0.04145857949916593,-0.8473552541142045,-2.4611066420248564,1.0569853464349994,-0.8408618007419149,0.7518064458568542,0.11543083556699442,0
-0.4766331714256423,-0.8719452991754061,0.961148652017024,0.46864969024355263,-2.292701391083371,-0.02117559777389899,-2.3721242621716216,-0.43581823238038553,0.18792702691091678,0.6219200313573815,0
-1.762367232851057,-0.8712241465975264,-1.0680334941585,2.4492629142089997,-2.0155325256642618,-0.8703815604373849,-0.8574463228409328,-2.27601244711684,1.24775778361373,-0.11404100899322259,0
0.30848326450730057,-1.9493765424731535,0.15628553967058112,0.6681479125565813,-1.7331820113779706,-1.179317629974782,-1.9135543156342039,-0.17628823357991075,0.5277045687545568,-0.49588535762623015,0
-1.0961096295178405,2.89911522317105,-0.67189863965158,1.753158726239109,2.314994929448087,-0.854969198789014,-0.8346882980569943,2.5901073810472206,-2.085107781664186,-2.0941354149451596,1
4.240281284569658,-3.325421471455853,-0.833703303139383,-3.9202826424595503,1.8269953832897818,1.8872937035514585,0.3148711469748129,1.659793781676353,2.4811928818408653,-2.036676198445863,0
-1.991875222298382,-2.9868754860231785,-1.2991360833242491,0.6191755293221471,-0.7611410839202364,-3.2968838091116517,-1.3894913035994023,-0.8307193773731127,4.371567433499127,0.5721721518539926,0
-2.390375016549119,-0.9802586709400334,-0.46460323015937177,-0.8401771359715219,0.7167322095196507,-2.766962072409332,-0.3053830003498451,0.46066882600684433,3.6088111001250702,1.3138216864857013,0
2.686941262158908,-2.0282689302485166,-1.1402108219243212,4.1433838082627545,-1.8231114218935782,0.529362942720411,-0.5534424511416125,-2.728445912581392,-2.8482384793748503,-0.09240270608892655,1
1.345579371987317,-2.6189833588707607,-0.36173888342842697,3.4249854836392473,-1.8825919756762617,-1.0226676717316692,-1.0064090712232976,-2.700562238217317,-1.3104966050046327,-0.4603039132601026,1
-1.8956681659776784,-0.5229159086718532,0.1898278658311523,0.45514044354315636,-0.7530479858584107,-1.9604071611976905,-0.7432621228291054,-0.4190494441444921,1.460164906064952,0.6474122471750983,0
-2.0225041585743777,3.3280097539734483,-1.4553135615845396,0.41246910666749526,1.7565775950804206,-1.5116563872100945,2.2074109438458525,1.8392812805066932,-0.6941969640799364,1.3133038497931515,1
0.5191182717359986,-2.433493887270803,-0.3736236939679578,0.011216417433005695,-1.2726282832392843,-1.0796439396892912,-1.1151796959200275,-0.37315284303453544,1.5510133972837945,0.9798580431147073,0
-2.7380553884461993,5.279539995424042,1.5830469404239051,-1.6437466726301897,1.71015489514892,2.118135321416978,2.4358067324835555,0.5285010203173747,-1.4120682678082912,0.5275707916892856,1
-0.5131499671913113,3.3625427709014066,-0.9120649580529676,-1.496884124596432,3.29104117717566,1.096513668497329,0.9684950445450032,3.3598627284004956,-0.4170202498787856,-0.04935067583816639,0
1.608932372362145,-0.7255156327586151,0.6926655598694704,-0.6175091072614,-0.4554244078546956,0.9597153202523521,0.14801396678755685,-0.3213000788898336,-0.8353848408013687,0.6379381050478153,1
2.0267569301678687,-2.475109765158663,-1.312247172902641,3.41221403232896,-2.547832317929399,0.820363257127927,-1.9179508716715032,-2.220740669314004,-1.1729820408718246,0.3257353517775369,1
-1.4514959394416573,-1.2915436054113303,-0.17960866215934645,0.32353820236669173,-1.0414455145539676,-2.632476845234504,0.984295965648545,-1.4631926943928366,1.7142972909347207,-0.8485999955263874,0
-0.6851258103717713,4.526669403824899,1.0237219527499277,-0.5274187796958119,0.9927626746526939,-0.6347630246342901,0.3904041766856705,4.044631703681518,-3.917509367258249,2.18718223328152,1
0.05262753651696439,-2.851358740544583,-0.7869557677318483,-0.5490736201828604,0.7014469941353134,-1.5379185562838247,-2.8192188317252076,1.3446132196628597,3.337763061839078,-0.5027709100555096,0
0.5326084300184484,0.8731389567180387,1.7618952364868785,-2.304544894873928,-0.08743631641224514,0.6172558379076426,1.0373619353481305,0.7831272855038436,-0.9239118199200442,-0.970285397066788,1
0.5261151103130668,0.46330646756875044,0.6918803982578552,-2.3707800334020166,-0.03872384147226127,1.0245996338969958,1.2447737466126765,0.5519686524623237,0.2482832502089043,0.4573050377894181,1
1.7332273579387727,-0.6573229868512215,0.6871744347916773,-3.168585407446884,3.2346464052863926,-0.8058508286378188,0.5753930774920213,2.981118288290511,0.6971649384652461,1.838649808121299,0
0.03371920873784473,-0.5174453321301415,0.07488040798527984,-1.0952892396578158,0.26928056508172316,-0.6826569596382495,1.483696948360405,-0.3492664935322304,0.8740398254370816,-0.9954387753556341,1
0.7221628201560297,-3.6586545562387354,-1.6741980995631947,1.255140860281469,0.10658069074150456,-3.7301663418285194,-0.9480141393009471,0.15512736807950311,2.0566780829662896,0.307460538795699,0
1.3916051360784967,1.4021038950909062,-2.630358230823677,-0.915783015657587,1.6602772814063527,1.9552031889136825,1.9261074161963645,1.734593861735648,0.028537034198816036,0.14452834316277277,0
0.11205127495876843,2.409363777987699,-1.9467709373691937,2.1034887965876408,1.3573563930877297,0.021132695569507476,2.652474244205198,-0.013010396429470772,-2.4533611597283347,1.7790567095906098,0
2.3519851099739624,-1.4618327650564336,2.138452698961889,-1.264817071707557,0.9901714284652021,0.9363049215366308,0.008425078056670254,-0.5313956592241253,-1.0922097592320208,0.05070959859338177,1
1.1112488167982657,-1.5300250048428834,2.988528317486071,-3.2754163857512286,0.7424084569048974,2.435303279056207,2.0108915082678696,-2.9883028280281163,1.2309606321462319,0.5418817725108297,1
0.14929963467232665,0.7511191531804086,-1.0894905533235058,0.9904247241312877,-0.04508387121843549,1.1791254459602305,2.2054326660675763,-1.824989527753876,-0.6493451777315731,-0.8581685341491883,1
-2.4196888909394656,0.13427013766329893,-1.9436453864745133,2.0861880635346344,0.48737251611167975,-0.15793014497833002,-1.585854362951727,-0.6969022612158575,2.3726581448372737,-0.5462338884011027,0
-3.614720433773029,6.068919277062678,2.2162461881133395,1.1351894855255358,4.6094251403936095,3.0586210146667265,-1.154225706254441,0.7069133694118956,-2.3688368264682698,-0.7421124609739116,1
0.21583183439469522,1.3174260308905674,-0.3240336449181338,-1.1746670325479276,-0.014325215939193447,0.5877009110963957,2.6797629036931174,0.022329186297185277,-0.5674010886219425,0.4328827416633784,1
1.5257316399949485,-3.3585583514053496,-2.0754403196812246,6.277610336628989,-3.096174002353546,-0.4457447748548704,-2.092862535380496,-4.206355649854826,-1.528346983058659,-1.6614547873805066,1
0.840477616644984,1.8911232121978578,-0.3610381006332638,-3.5737854651473393,3.682410538270971,1.5826649935742627,0.6332561502707617,4.06732866965581,0.7488479440344167,0.8442096307496645,0
2.649999659934033,-0.16273784296159796,0.48524907249751115,-0.7979836442410093,-0.3595706403154858,3.1453478716562837,-0.3846041900295252,0.10704345586203612,-1.5978223582965494,-2.0993538418336346,1
0.9059144490841076,-0.2675186343604778,-2.86709022303648,3.674657315070785,0.4979605996207177,-0.3806527729678343,-0.08757194365772247,-0.484494925278407,-1.2448014131725267,-0.35424423078951356,0
-2.2226418593115005,2.492639686992291,0.7683225966705086,-0.9321356521471534,1.6394305435401706,1.6507590476921266,1.1208943724293163,-0.6238667829065043,0.7010390529117183,0.6910711223574191,1
0.048462294932397176,1.734059651444425,2.42231524429813,-2.5284704652613668,0.016379558223130752,0.057137141896571375,1.0026665516282065,1.5330544535452642,-1.6261245644747744,1.4332642547616024,1
0.7353971740939512,-3.0799018204761137,-3.329443338625915,6.644044648537359,-3.88818131912318,-1.4608178259233577,-1.3316410302098451,-4.064663410495623,-0.9155472569197176,0.8411242602658094,1
0.6215897164025068,2.452305910135522,-0.17885600380784095,-1.1379342954068927,0.2439574173299387,2.1694610949857216,0.3333690346585323,2.042975270946284,-1.5956635203809593,0.6970223564974593,0
-2.883003789253259,4.8940750105047215,1.9774457688128853,-1.148215427880822,0.7076921333419097,-0.36947132968261887,0.08734028487264556,2.873686258807811,-2.1407567172355737,-0.6690282674499985,1
1.9131776360216364,0.052022311674962914,1.5282639262225115,-2.6788561939633535,0.5972140305146669,2.1740082721911778,-0.6342318180551767,1.6113306635227018,-0.580282045330114,0.39053911389489493,0
-1.8266105816629525,0.8916296108274878,-2.5194312447186946,4.029500569004626,-0.48925149437822524,0.1862955655058034,-0.6169394089193581,-1.7621600649725866,0.053957667742110305,-0.6795572585357855,0
-0.668015124510652,-3.0200194417340893,-2.553414557282088,1.1076026147936213,0.35548827395973004,-0.9153811693382149,-2.247791410899781,-0.5201232493733952,4.345038799601628,0.26371056588155706,0
1.3019649492658845,3.1329894574733954,-2.733806969784634,-2.272007019043058,3.2381414078629773,2.9927152157166192,3.300131801983607,2.822601355821936,-0.16588875783062695,-1.0225329019203622,0
0.5571350714058382,-2.5957627933382454,-1.3769753333342534,5.544845170317323,-0.3996157436034209,-2.231394046153812,1.2746649816248732,-5.022342845902247,-1.3847070010287366,-0.16085644375394653,1
-1.4384540107470514,0.3306644184995443,-1.4652125685680035,1.4206877827848785,-0.5709648418884141,-2.1846616847011355,3.2942391563112934,-2.03449895859227,0.3146341623177358,0.45443853438554416,1
0.8222961507307931,0.6369359351912317,2.4028549143881133,-2.6077721740650275,1.3471458255054907,2.0482503559372365,1.7990145123659098,-0.7711505396065512,-0.5926411396780933,0.1873096244634666,1
-1.5166893344106716,5.556024225444063,-3.4701053752467885,2.3767768902652255,2.6271119665817264,1.3937993552882582,3.4559294196600416,1.1065428478546633,-2.5080015309057924,0.5162128418441094,0
3.1682843855305403,-4.232184021532224,1.4728486786540822,-2.7273215747681063,1.3425127184041816,-0.41929066345914445,-2.014892024675491,1.2619786245451414,1.806670998010175,2.543724711023915,0
-1.9697187006633121,-0.7708316670896264,-0.22371224879269536,-0.3102155158889974,-0.15150022468208224,0.6981597475584087,-2.9459029918070705,-0.006861590664946182,3.4076051833858108,0.5805489630925433,0
0.060027226844961534,0.823165939002822,-2.4809458538252906,2.8185888904792797,-1.5051856872395573,0.636904956125846,2.003067002456315,-2.068210597649079,-1.31750663780444,-0.9906780543454252,1
0.588717180630311,2.4720595492485096,-3.1614630252569045,1.9558584011285702,1.3683368326728333,1.0781207291529862,3.3099724866720317,-0.10681907805444468,-1.95799449468159,-1.3830765726106615,0
-1.6661463196132407,4.00593030617327,1.617384883437524,0.7391355104408948,2.668879041161161,0.6073191050108558,-1.711405295904044,2.542201505000806,-2.783933386167287,0.22408149904154046,1
-3.6284103987246157,2.3431883231385573,-1.7104187778381827,5.351542479694264,-0.8587966531192466,-3.3741664827289726,1.1912075759731406,-1.9653818099451028,-1.8522353543583856,-1.3135288562274552,0
1.0769098210904504,0.9495616243998144,-1.5004571788974541,3.245244776601843,-0.604946416101945,4.278966562251955,-2.9161363120983426,-0.7142334055885775,-1.9450236776881509,-0.2988151584074184,0
0.12739048393586394,2.82913191565227,-1.0233711149783205,-0.23143235168162102,1.7144264676391558,1.2025130245186724,1.4267948947864793,1.8176686621199578,-1.551556380047861,-0.23762671828384457,0
-0.9206819775885641,4.680811329096545,2.16466419698894,0.4752838917696129,2.4420830534056486,0.18616714799862433,-2.0854770635156195,4.17546983574057,-4.494748176973113,0.21124341776300465,1
-0.4328582821326582,0.18873127393761746,-0.610500386748321,-2.575448230885577,-0.5546959944381413,0.4126882874919857,3.35883537625586,-0.7959123044656677,2.027351031928828,0.8235671310804283,1
3.3082775513233167,-2.4618242724959165,-1.5608505038598195,4.999086836205007,-3.704182207968448,2.2787048181872858,-3.1042778492249363,-2.5805407330824863,-3.091558567879904,1.1816412706808352,1
1.9359887206165907,-1.685544963504286,-1.1876770604605738,-1.6981188999408823,3.2616448945922687,-1.800269686365597,1.2535064990742706,2.170298064676704,1.3825679077546744,-0.39263721180460853,0
2.1750112860587176,-2.8698508650835937,-3.2023021997038605,7.2179630207009,-3.3602003975920547,0.561324091253665,-1.6506554928647486,-4.4451831627984095,-2.384515801345334,1.5018953239950377,1
2.4594038428326117,-4.6891168471747555,-1.8808958601391377,1.5949624775093425,-1.6885009345480468,0.775828588701907,-3.006306997168421,-1.4955557448638026,2.1379690076380315,-0.10996151123612327,0
-1.3823724012721006,1.1575964931546796,1.5073488700323467,-2.0973658160034323,0.6745608551222565,1.0478794287026871,1.311774574966522,-0.7042557223451185,1.044608197478491,-0.9564266469149454,1
0.15970405741600624,-3.236723460998841,0.13829195390707683,-0.7914328045995503,-0.2771843788334447,-0.5387301848373021,-5.322473877617323,1.8669751465624684,3.4208625820928025,0.36182998045274134,0
-0.29572388911245107,2.6278534787416374,0.49802328426147646,-1.775989654353557,-0.2268753744539045,-0.4080847563464769,1.4093545309814548,2.596678862666801,-1.644696294770875,-0.4390352824403714,1
2.398028384496458,0.01735489498594398,0.2750821800431025,-2.877590841435824,0.5185147008959894,2.8285649592990807,-0.1354645589096768,1.8733354264029862,-0.06072000916684028,0.027523896267121806,0
-0.23687112790493225,-0.4699684101071344,-0.1125804811173069,1.5808767453423758,-1.5369428316203888,-0.0002736361347486227,-0.659154106335903,-1.3867401915214441,-0.44136890428961095,1.5821693819023275,0
-1.508388972074583,4.002101741461725,2.281837795543595,-1.8404108971923567,2.4915191019080165,2.4734786113960707,1.8010586977050616,0.2310954999070043,-1.4836451252538105,-2.084542909463986,1
-3.453848397461261,7.959734047510374,-0.4044940577891385,2.373263609648061,3.26423538964703,0.14362602079442466,-1.7130484076304735,5.396113856694413,-4.548095127793529,-0.06604765648473368,1
-2.7782730172590444,6.223231026873146,-0.08333309706354108,1.0521881756496765,2.115163781286473,-0.030344963518957435,-0.9344966427913457,4.381704553790569,-3.2598168379059578,0.5132986349293048,1
-1.3046002398906313,-1.3778868393447323,-0.2906704815881759,0.7983233860393214,-1.02387562721817,-2.216536292795778,-1.8869871747103566,0.17004924439792868,1.6834310281474147,-0.9497272840672379,0
-0.05813347521123702,0.27578723125665605,-0.7621856705051178,-0.9094307227262721,-0.7362385968385852,0.8759716179824325,0.9626688734281371,-0.11188413708531897,0.8457279332380012,1.1631043864652524,1
-0.12110690689149828,-3.481118857384535,1.411372874001049,-0.6695535840624632,-2.943517608496921,-3.389157613649199,-2.1277425966831505,-0.08000760346046076,1.7287083540473245,-0.9816905540598232,0
3.371181211373885,-2.680896550397723,-0.7387943583407077,4.149393157122387,-2.2992351553349755,2.304201044522884,-2.467069528437493,-2.910386332460736,-2.6862063203412676,1.727983625417394,0
-1.1077239470241407,3.2452959787580524,0.5329415067630185,-0.4500941726085022,1.9127328596005584,-0.2248570119199107,1.1324167581002664,1.947777891171415,-1.777375347501716,2.168889367177897,1
-0.7244879313121855,0.7275616062212873,-1.9108009219427635,1.0566648759878405,-1.2496036151376884,0.003617828927243494,2.030455060889142,-1.2566822915738332,0.20095814521268252,-0.14343465349185294,1
1.4181551989236458,1.6727478902965898,-1.2631618306251784,-0.04722991218585829,-0.7331087387059568,3.4698676040394343,1.4433111092147228,-0.25024610388733615,-1.5901382529650019,-0.449555149809181,1
-0.037569669582273146,0.8319424721090922,3.0271222686477897,-3.455586159134977,0.6707820067121939,2.3612858785416693,1.5473082801834441,-0.9620727445929818,0.23551143356140258,0.2950123435301104,1
-1.0204787025141102,-3.1379784192459703,-3.8774581478526127,8.082608457247845,-3.7448273228358735,-4.552097283756195,0.15929574089163445,-5.116859887384142,-0.4664090069107889,1.010424214130717,1
-3.7272575944226696,-0.3123520942859676,-1.4326315993112408,1.6547558155459223,0.23507961201020922,-1.4954008243745744,-2.273672587204708,-0.5653801662817359,3.753868445498386,1.3535386540955368,0
2.7203263972438956,-1.2780353134180862,-3.141529656716864,4.171757263563615,-4.974628815201356,3.7487929452100754,-3.391483470781412,-1.3122990739107003,-2.011528198725249,2.2763611009628226,1
-2.875574876885815,6.548791852581349,-0.12744276378081776,-0.2549616199457388,1.3062892244004642,1.0752664806387242,0.7425767615406762,3.501749018756429,-2.5892116845304383,-1.9795146145993285,1
0.05711646050010133,-1.9844076082172195,3.3859962282097946,-2.9001718971007877,-1.3126281474997206,-0.5002076625201464,-0.8369867964888253,-0.6691468708497337,1.2997951104670618,0.33146793057868607,1
0.6361699537829699,0.4301144634663369,0.6396148903043293,-0.5529028619927818,2.455530686625622,0.18550533238482458,3.4117672796759635,-1.5461224542940641,-0.7974775978119992,1.3902666158348185,1
2.9413744295216864,-4.920217965177128,3.2012773304138467,-0.9962982539296844,-0.1411776254541488,-1.1147631354593237,-2.838725644661494,-0.7927788780869216,0.22835299483071214,0.48249631567670787,0
1.7576465621508506,-0.34007571774931405,0.23749317296681305,-0.417883132841211,-0.9079166468006306,1.808555015642205,0.04747021206763535,-0.30394025556962745,-1.0646638624969824,0.3364030593476473,1
-0.06281331582596394,0.4267428471045563,1.6988195718274783,-1.5983035152953082,-0.10894197117353133,-0.8184128304283187,-0.6039295363987063,1.6816091294523026,-0.5711143531622269,-0.6201434195003285,1
-0.08128472554150745,-1.0553120528131317,-2.8439921401331443,3.9409048701375546,-1.4167991236241109,-0.0629228102952083,-1.051626052535579,-1.8202758258760365,0.14773174291292335,-0.5370704113317576,0
0.7606862054257252,2.3710584032751516,-2.9266940586308845,0.5695767160156165,0.8262130162994004,1.2408773020448316,2.494072624613721,1.271879291467083,-1.3448098445423824,1.8918831413994948,1
-0.7052477246387437,-0.362707553880229,-2.291590650217191,3.5460631389219928,-0.31317528486724455,-1.3508048461642277,-0.33024944717211513,-1.124984202075056,-0.1340933099297026,-1.8324932742589302,0
-0.7101478737034854,4.043910728233581,-2.135556658276967,0.6402036547242852,2.9316281014470134,0.37693091326413697,2.861495442887466,1.956013621882665,-1.8026359051494436,0.05777032244876234,0
-1.2617287462673619,5.3694480534261855,2.8481198617648165,0.31251793559262997,5.77233966735339,2.426258483968553,1.1607236293392589,0.7077455095476206,-4.082928219911405,0.014192776966419548,1
-1.6004301102431469,0.37276870860747185,-0.7390608562935204,1.6636333432333634,-0.995009865946183,0.5892090089802069,0.23142544157512313,-2.265600417274129,0.6857207406160721,-1.2942714287577317,0
0.9012011717281345,-1.007297544342689,-2.0798660481337454,4.599435157213672,-1.461708387620774,-0.028238201868667767,1.0108828966758037,-3.5849033929202325,-1.8694015197409342,0.07366652907174943,1
-0.019547045924120487,3.272496806339021,-1.1389985856674363,-3.684392083831517,-0.8391712215474485,3.331519230289459,2.3752881653562277,2.3193286364738137,0.4014366226453341,2.1925435645684734,1
-1.401913944409921,4.464448627269201,2.5529721835090156,0.005127845995119343,2.528498778064665,2.1255185954924407,-1.5085008692586452,2.019381883026108,-3.232200874318979,-1.9243797012629036,1
-1.6050091428506512,4.059108073628505,1.3321622775553943,-1.0158085387781413,1.9625770077648972,1.4828147866240324,1.0261841136564172,1.3200893601664019,-1.7002090972411386,-1.7923226263818695,1
-1.5072494179782452,1.79363344654321,-0.9667681228586159,-0.7058476794577659,1.196739187857133,-1.938300286063689,5.444066406449416,-0.9687904309177834,0.2558802840613381,-0.42368127757912355,1
1.7554365426340723,-0.6862376317183289,-1.7704177340192933,1.9116299650464625,-2.5312230107466513,2.2608017483870753,-1.280287480145879,-0.783635488170883,-1.0738649853778786,0.31397110906899334,1
0.6085241983847266,1.2309712003252489,-1.9626634844475093,0.41527371658903833,0.7782190334814393,0.480140651258107,0.8956945256953631,1.4025421984885784,-0.6925626292858257,1.363610914803665,0
1.9038898761469314,-0.7498380670870753,-0.10838275808128739,-1.4911087306818573,0.6789026268267269,1.4985581836657331,-0.4685816232441895,1.1393387118252591,0.2609693424984054,-0.4771175859099914,0
-0.037943689159265714,1.2868946786200095,-1.3579934661736215,2.189401671305648,0.3856846643032208,-0.169372837374403,0.6000723324014522,0.015551055354483312,-1.7374568488396203,-0.3602731439636032,0
0.02428595178629589,0.5220724378814087,-1.6674653113363647,0.5293791408072743,-0.7288229028213208,0.7245162843397412,1.837623143209048,-0.9712542470295091,0.0950805776314323,-1.500785947108588,1
1.407331543120229,-2.668289647512432,-0.8667041338371357,0.73861139252878,0.6023856137782699,-2.7457209293684954,-1.862732210259903,1.6314362695958415,0.6365228793097297,0.9779284468885798,0
-0.08328026236506103,1.2959088228679716,-0.2639398457409057,-1.5254026611164164,1.207573586203888,1.1723616898395763,2.927648256524839,-0.44051892444148333,0.30145960953544826,-0.22458781075197393,1
0.7922437975154379,-0.5873635599469046,-0.1513002463078752,-0.5805899816593798,-0.6521941384128103,0.10627052933006875,0.5247138090685379,-0.06052832408854991,0.06887392775781875,-1.0138975365908263,1
-2.5667402541100173,6.90992075919099,0.29606341114485357,0.9317120204924288,2.6470625179387466,1.511167455980042,0.16187740318773358,3.251936142556835,-3.8396086909436065,-0.9750510734926925,1
-0.04705004671592783,-0.04797541742394144,0.7179924550453154,-1.5729229026975917,0.794362571123649,-1.0110367802072324,2.37048721577399,-0.3263415321042722,0.3827591789321567,-1.0774355621095408,1
-0.8098456614623628,0.8937158202542147,2.4840899825552767,-2.5538054589011283,-0.2381073225377155,0.09729431291150836,0.4724984241927197,0.4593055871601497,0.03926470246673541,-0.10050583996246627,1
0.01696313121022075,2.6901210629448427,0.569759429707245,-1.4645626602778636,0.6699183525012041,1.557553588399545,1.6569812907439734,1.16276290600542,-1.5918916311521958,0.3902814185971766,1
-1.5001416557755953,3.9594776573043062,1.6346567995010794,-0.6204883373210995,2.628629840705748,1.2417635406022922,0.6734658167088358,1.3479873723623848,-2.057276455388417,0.9186872802293214,1
-1.1455884962263359,3.415615596271875,2.307363609625195,-1.7048505782984527,1.4854881988531634,2.4257539445055105,0.4619165680934686,0.7465704343112486,-1.5177407258962894,2.6323324652977718,1
-2.495737300226378,3.9331470988350152,0.6403357341010549,-0.546953253385508,1.5041117215970363,0.9182353565428271,0.9023491042564434,1.0310366331479306,-0.7626114444622437,-0.6855789792430653,1
-0.04715378987612873,1.639983219830927,2.567466218217537,-2.5583507396933256,0.752547953932462,0.45182224873578947,1.9257725137744868,0.42245427986123474,-1.3156506286520537,0.8943192195672736,1
-1.6586617818618032,3.6480482355530994,-0.08613115820782502,0.2897315512505444,0.4761241443650487,-0.0162558730508211,-1.3204310227796996,3.3196500714544275,-1.7551147429187508,0.7074209109972279,1
1.0930079339023842,-0.9059398236321843,0.8376159430764214,-0.968801816129957,0.16065997096639917,0.2090753766529856,0.7198605344041606,-0.5279994512179329,-0.1177026703174997,1.3744878803061789,1
-1.739719388277769,3.6859612690691606,4.118392310931575,-3.0867887333478015,1.165268762290089,3.2716616089163018,1.3830562301159273,-0.6341481749523723,-1.263182607798547,0.6409887140971551,1
-0.2607535186970007,1.6044551827586548,-0.5177927113813323,0.4748153314336856,0.8518193298038313,-0.7558743747153387,-1.1465009989859212,2.786017395371836,-1.2410635219591788,-2.4836526128504355,1
-0.9891263668829622,3.906618639445924,-0.08969873860142452,-0.7989138572100691,0.7296310915515672,1.2418387392728436,1.0750839706650452,2.1756233535956353,-1.7775571696378734,0.8685501409703298,1
1.5500487402269423,0.3652366630486372,1.3037958846129012,-1.0159573142383036,1.8876274822611951,0.3248078549310226,3.0195872844861666,-0.8376684978170046,-1.8328906669369018,-0.05661538436507947,1
0.05710423067629,-1.2040069107970883,-2.6599873438471944,6.08503824437698,-1.1960069969551066,-2.1011222943635897,2.305454342685409,-4.69736415307371,-1.9394401817425115,-0.7196594522408343,1
-2.8881125287456584,8.430516450640987,1.2037445022390738,1.1283409611109863,4.639687672875512,2.247927730808313,0.7862274288458333,3.1215457818459544,-5.096250616952865,-0.11739025754212291,1
-0.21313597497773829,0.7941163616860657,1.4825862515159618,-2.1880707216119606,-1.1456839560969092,-0.042839688531572495,-0.32544601240190385,1.6355735131237954,-0.2768360921263461,-0.9921501925304613,1
-2.123591926795652,4.7861445008193,-1.1053070884827068,1.4419837305790055,2.2424756104522796,-0.23201170760404577,0.3138144956095733,2.8703449609733207,-2.2943649716371493,1.0409628667220194,1
1.6850406795767026,1.0796464362865281,-1.0655209714236085,-1.578480515974684,-0.32519190633496176,1.4330991112620926,1.1563308204486407,2.0388287891832624,-0.933038753349926,-0.25672003150713424,0
-1.0995458969510787,3.594122993382016,-0.8478972656729515,1.7093012152785827,1.4116007812452254,0.39686131712109085,0.9745000771825376,1.059363629427783,-2.5421559950160892,1.0149737496356148,0
-3.749471816051385,0.43354445695201715,0.8592393191362442,0.33938804829733443,-2.6291679837708974,-0.3638142817617136,-0.254040838021101,-2.6829582371418566,2.201947394543909,1.2848630455398902,0
1.7207037609382119,0.9953244187659154,-0.047658160556957374,-2.0513791383856432,-0.5603562153427808,3.041971003654577,-0.17931898034100024,1.6957270759943075,-0.7447539467977315,-0.8728665183062065,0
1.6696321026194227,-1.2653867230727938,-0.3202275742896059,0.1325137166328272,1.3929507821279783,-0.6004506742217819,0.508313575815171,0.14816882946224386,-0.34463861601735324,-0.7687230342014062,0
-1.5693553307206738,4.776654922718442,-1.3484175234443012,1.7233269132229567,2.870413550885245,0.9040493860570363,1.9596438066789466,1.191191634905991,-2.560250774221694,-0.5535079884990004,0
-0.1926793680161426,2.696897674071012,-0.3794754050336604,1.1561373284757737,1.6730965971206504,-0.5661312236567313,-1.2751936504249368,3.3767009683189535,-2.6500083705901587,0.04508621853814867,1
-0.9297347402574305,1.7300335759019196,2.319522690485364,-1.507568865907629,1.5464864705553982,1.8248319720873256,0.33920708503582486,-0.3918947250672997,-0.39491275859473596,-0.11091304667863552,1
2.4141783020584153,-1.9263241833543143,-1.0352395578491351,3.252380761061268,-1.6674294924005792,1.3847495950426298,-1.1867824074961892,-2.298260478572117,-1.8959211870675101,-0.38919919086103133,1
1.7404426679315248,-2.1842909372303483,-1.3017217956716274,1.7057101579806575,0.6530271789051966,-1.7914255773536318,0.6015704638252377,-0.6851381297605073,-0.37208280667852567,-1.0365071050642214,0
-1.0068907651080155,4.772629431040189,-2.070165394328043,1.8405638515466651,1.3596646365359373,1.6160505106637277,2.3174851711728586,0.9476416594949679,-2.8876813749179124,-0.9595794343271118,0
3.2675261675165435,-3.118793927330841,-0.6948680471731432,-1.551373098534191,1.90836808850081,-0.6489248736728492,0.9132100273662388,0.6552492015768294,1.0798452850638594,1.5895557120808557,0
0.14140937502399398,-4.003873694715571,0.3568383964244022,-0.1095973200474017,-2.9194863278560517,-2.8161113901440937,-0.6939312305973386,-1.759818018197357,2.316328272381492,1.405684632937304,0
0.3157252407537978,-0.1590800212023174,-0.9401294612646678,-0.7984847270565287,-1.0504073284646274,-2.3151583745224675,0.33342483848519,2.3637596079168066,0.04445825886015653,-0.9722046546003376,1
1.3352353686780027,-1.1667337630951842,-1.2942241094453615,2.858366479006185,-1.4704696979835234,0.16891946613468511,-0.11947739275808145,-1.835781519508941,-1.4573960616342374,0.9116318577491747,0
1.4145199533490196,0.5969642266510354,-0.05180243609697677,-0.7322367148277917,-0.23072505450539404,0.5818847164296675,0.8284072927872422,1.070686467961176,-1.490514445783687,1.2565831660432938,0
-0.2098773176126988,0.7831819233219638,1.0758315430399403,-1.9527280572225632,-0.38809248207093794,0.8563032919796276,1.0922193334191366,0.044553439660809824,0.12514758021545336,0.30123747609017776,1
0.9841593000059646,2.1891312476904647,-1.404292245866831,-0.146190274095601,-1.4130911619680058,1.840096401980381,1.036285858871826,1.4583581651835285,-2.024540104753629,1.852821205141225,0
-1.1063996495570838,4.381460186102159,-1.6969208918738867,0.015425620623352202,1.327823763755538,-1.2448806019809564,2.086011229860609,3.7841752482041993,-2.268491313559702,-0.17563867988985293,1
1.0455456059617352,0.08276551849873832,-1.0414469725089408,-0.7217959271820972,0.4954281826414151,0.027427419933153896,-0.029306642926079318,1.9307576106602788,-0.014782196114813462,1.289614152512475,0
0.310009553148048,-1.9777838841618869,-1.5667145271259304,1.0574099249565037,-0.4549016007201796,0.1309997807485872,-1.5031274256622948,-0.6732996051948641,1.8798295798210218,-1.324901394706876,0
2.1650875056849497,-2.146686603637795,-0.4127401548406464,0.1617615452516927,0.9298343943821197,-0.4201634817447828,0.04780659232939888,-0.16418114942854745,0.012127846466167158,-1.4743268427630911,0
0.8828791210505309,1.7429354040991856,-0.1710669350898132,-2.8179140741409006,-0.10258270134948955,1.6816379296272685,2.331975576159405,1.5404304412878806,-0.46359434201740213,0.2717904060498298,1
1.5476449082702937,-0.5227739844050089,0.2697266985095408,0.414064629617115,-1.1083900341429795,1.1761553515509051,-0.5860406680636208,-0.36288105814324445,-1.367621750766833,-0.6952259857181586,0
-0.7719006034722127,-2.320679998080447,0.08934373392731376,-0.4029018489054346,-1.584284730686957,-1.1986917056830062,-1.2983269128325652,-0.8971192484376111,2.6821602106558275,-0.46008308613299104,0
0.10527332158813207,1.921575598540748,1.1250007896310834,-3.277763110870302,-0.08950596848026349,1.4055445687866794,3.4865075613916154,0.15387279856313207,-0.4399750079233763,0.5598858868620349,1
1.9525777077597568,-3.983748790086794,-0.7609816465909987,4.785246594438403,-2.6218469005443312,-1.7677598602994236,-1.8407314664336112,-3.3424349337067922,-1.510942389846725,-0.08494537906792801,1
0.13787318912483248,0.028941582389695093,0.5728786734767204,0.10159205717036775,0.8592924198467522,-0.9662115193577221,-1.1164512410168461,1.3520823634482075,-0.6116766147859403,-0.7912836782137054,0
1.1643284763746018,-1.1569579496494224,-0.35730667118743853,1.3900412759262943,-0.4993003682272522,0.0637554340499733,0.7905038937961285,-1.8688213890015628,-0.8465439010983052,-0.9958088261486142,1
-2.605694843754768,-0.5507007818180136,0.05467230304728332,1.1733694519279252,-2.1051490437989533,1.2135624440825339,-2.7662917870086385,-2.1621578124859786,2.5665558474726717,0.12796699080499743,0
-0.14439474837481536,1.3870997920555295,-0.8609476591393881,3.0611518803031625,0.4392935870511655,-0.5598829369526461,1.0914956760482304,-0.9656178663804098,-2.664106099538148,-0.3145237843865186,0
-0.9186187406816295,1.622693825154408,1.5843532189857805,-1.595842149713868,0.4888829577910939,0.047285203331138836,1.2539278269005285,0.3682575212575674,-0.5262093294864302,1.1612282323230851,1
0.17420466916653876,-0.22247611685142712,-0.4044578922442146,4.713039727968827,-0.9711991840222725,-0.3639731730222244,-0.1957865245287458,-3.073118060673135,-2.857852624454286,-1.5444152732078398,0
1.962034550009827,-0.01700673861628065,-0.5877599121332617,0.028141245578912052,-0.8379310495901148,2.534999006145406,0.18158011297548615,-0.3405722950465383,-1.176015098616592,1.9518749563606,1
-1.3117776119729632,-0.5266766481109778,-2.5770098058566555,3.4778344550486984,-0.8108265380201265,-0.9326266919834209,-0.03196986667387147,-2.068812741068432,0.8655631936443882,-0.7533346551904904,0
0.6995245313216154,-0.6807328450858239,-4.412754789441879,5.4778741361124945,-0.03270310387076547,-0.2878062527073413,0.6316425645026886,-2.2265459550697697,-0.9348039681089213,-0.4986386118734397,0
-1.5273352131753914,0.3257449314860245,3.1246754621554853,-1.2294972453639592,1.3161736996643856,1.503154757115611,-1.1755616765946169,-1.446049613700647,0.8806768115076429,-1.3077531663766027,1
1.35267354041541,-4.821585287411971,-1.4648454635070451,1.5330435027416907,-1.8889020519540587,-3.2720594658558944,-1.668687897010179,-0.8290421562243684,2.028182751431263,-0.7442743377641421,0
-1.0266032757184451,4.7049280693768685,-1.8283084950311284,-2.202859015734794,1.47418189083997,2.0247347528329485,6.410411300095552,0.3386209412482706,-0.5677217377966657,-0.9262618097886222,1
-0.30167781645007885,3.1112621543372336,-0.6892721623264706,0.12625725226660606,1.2395139149018024,0.6890276756275486,1.1022428562042674,1.9099858760781536,-1.9951140128626605,-1.053768090664625,0
-4.272720025354516,0.4900831624835978,-1.5497349775657259,1.7045330719580432,-0.5321908345425317,-1.4752691481322122,1.3080481273644593,-2.960823703553202,3.269895010337365,-0.5652117171191425,0
-1.4476122327145386,0.10410396460835275,-0.34435467359310434,1.8731177269003705,-1.191870858483157,-0.031767149542488715,-1.5983714074005047,-0.9809445341382576,0.32182644766135426,0.4798594148829356,0
0.30812811309495003,-0.3841745096778926,1.7134924558848188,-2.839444003124619,-0.937812524982965,0.02324316981971286,0.7559771178286401,0.3555541845602064,0.5722678253159825,1.2544368972269502,1
0.4677160962685796,-2.84782055521285,0.43425365115608416,-0.35264758502906257,-1.349469591800239,0.5997572967430866,-3.925760087989549,0.024452426755954715,2.3258487679243887,-1.640957118827514,0
-0.30076376720238984,3.486079642745063,-0.1151281452053956,-0.7859629511778081,0.43433892728155254,0.21018488604635288,0.73921824770755,3.1747567913585386,-2.3883658410955,-0.2940761133567691,1
-1.257737197440722,1.3965073820645035,-1.4850590806482957,3.518407825939641,-0.43560913094356446,1.1482654610914715,-2.335911953322907,-0.37796937702651456,-0.9601635693892978,-0.870287593721181,0
0.32363103770315127,-3.348685881615469,-1.2173859455282758,0.8773123266180484,-0.41189187340640043,-2.1488097095396785,-2.6185245490235363,0.3652473821996045,2.5467651502552653,0.5699565424270655,0
-5.761579082217037,3.710811510499491,-3.2322504253926656,4.645560139036985,0.025645880746998806,0.9170238757282663,0.6812356057187983,-3.2412835839506973,1.6861263744888775,0.21743365320107738,0
2.2137465999425867,-2.511935129028938,-0.9007286520292892,3.8157661038593393,-2.334978468053688,-0.4689068740632265,-1.1593767404583568,-2.3154977315622816,-2.160197182580898,-0.8751099078474414,1
-0.61955331180418,-0.45010805031524237,-0.7570882748149972,0.022002564744514043,0.6367500439150073,-1.6141805364239747,2.6909648142446443,-1.3731665593425997,1.0498039444523641,0.9521628226585674,1
0.3502367535848162,1.1930790540819183,-0.6918707048388172,-1.322605720097025,-0.8145616095385997,1.047000326934497,1.7984616499155361,0.5706802164896212,-0.2578177818878372,0.21441904636963816,1
-1.0197952768673373,-0.14481540000082166,-2.261319244327372,3.099245320980747,-1.1095470427093628,-1.0466116306014244,2.1208981459197016,-2.9758456643040603,0.04750890142462394,0.7030006166700583,1
0.9803550527759688,1.4365298217152147,0.45191817638117504,-2.9752502814553834,1.6610283438401168,1.338566033101477,0.02744870463045357,3.276209409499135,-0.19557516087115578,0.8851982849851766,0
2.1285650041269015,-0.40128562164420195,0.2925397830090237,-0.965993660753186,-0.8870663381133592,2.3629946250118294,-0.5365608975033127,0.3369577911282733,-0.9079236595670631,-0.07979439660729583,1
1.4702415854515687,1.1051264828643526,-1.5894791142048486,-0.8947655556185712,-2.4505638258126248,3.1444078807760754,-0.27102870321147643,1.3833413751817871,-0.697739907358672,-0.5737248896665614,1
2.3319197442366004,-1.2337253622698605,-0.8776800396851918,2.3235140772624296,-0.7066917113132465,1.6810285576445956,0.014784211269918468,-2.095320137734914,-1.8136150596687002,1.0709909100036288,1
0.5988342507681641,3.702916291456493,-2.235707753354406,0.734868564051644,-0.07891137064529552,3.5422495278064647,2.428171914819638,0.3615964758285656,-2.5085146880143494,0.6569769254082728,0
-1.9146274461106456,2.8000121126470447,1.4013350705807524,-0.4392678890499535,2.978384370624452,1.8957521794364502,0.8298071051075645,-0.6133875591655766,-0.2634321897861196,0.04111268473883305,1
-1.0740416966380826,2.1579849568134537,2.472273286800455,-1.5052481224644458,0.9603792263474034,-0.1732902003028165,0.42092088632411007,1.0905114977930834,-1.3842050479849741,0.5088618617039692,1
-0.2553630230840571,2.3297575666523436,0.1765935431564779,-1.7785739826130642,-0.10988368056177933,-0.4655784427526686,2.201556000654799,1.9489179719672958,-1.2463983312712024,1.8074562042180236,1
0.9284711000688244,3.9932999498855852,-1.9228985260239528,-1.540040111139423,1.1900187626391623,3.5568108841045945,2.5598407270521726,2.411358659454154,-1.7028674621393076,0.5309613115203652,0
-1.4537855943938482,2.1977592874915186,-1.1173369192254208,3.5305100755724985,-0.8890529797650342,-0.851421309945304,1.502231360550458,-1.5395644290336,-2.5571977381491293,-0.8128663309843323,0
-2.0690123886357603,4.21406865670968,0.9447818849238714,-0.900393238486115,2.161836609618585,1.9301681021125932,2.3634371547833504,-0.038705910206806804,-1.1271952055429082,-0.6858462991750645,1
1.043854065999884,0.21304923224716027,0.43837833779945545,-2.031266407275089,0.11620387307436242,1.0882838192735136,1.1704392604450324,0.5739393557867822,-0.05744716521905335,0.2754699951891061,1
-0.7970001383650209,3.219197208077555,1.4586771353760375,-1.9411501304966843,1.1297286833613849,1.6121835076223587,2.1246479087408336,0.661661509942935,-1.4146430639757097,0.788512436244576,1
0.4971163471483645,2.508530575878953,-1.576742507884623,0.7356086657537952,0.7017381558867724,1.6771449441894986,1.7320607184203247,0.6700011841641877,-1.9628095893624784,-0.16770032888617634,0
3.0687790010262805,-4.397617149900708,-0.025115124023053714,5.4526501950327155,-1.6859260084939336,-0.9396235526214574,-2.0351108622943848,-4.176853862750689,-2.7101417663799974,1.0476906726881061,1
0.4797328482403619,-0.02821727057006236,0.1961865106476619,0.6687927571984559,-0.20077699002666183,-1.0634398519802781,-0.4734168463175519,0.7748512845502014,-1.284013288267536,-2.3313421653315762,0
-3.068453554029528,2.484096136465523,-1.38118331987355,2.3068242584058867,-0.19169232422796023,-1.3233673895542546,2.2357486807759583,-1.4949117705870467,-0.2993958571834616,0.9192846663746832,0
0.9721293269983746,3.1464002171140635,0.11052385744985127,-5.587222367332894,0.34628847468957336,4.5602894105894265,1.8907616158826492,3.2865282408216085,0.4841091893617189,0.3849485387867929,1
0.5123986180592688,-2.2984154988955923,-0.26048985031048744,3.3703431749108597,0.4642657404894235,-3.1174708613862014,1.874333982104891,-3.498480818438295,-1.0651536234007435,-0.3930868220889455,1
1.2320157584393812,-3.3587336546081614,-1.1324999229115411,0.5024668170551507,-0.1141851940065961,-1.3867349822559605,-3.3762797880694526,1.3014565597673182,2.0887913056839404,-1.3530203340320615,0
0.776169278270908,2.1018142983006807,-1.3052063067693573,-1.2880575706967459,2.2273170808412934,2.0042299438119513,1.12421524503704,2.2170142333887988,-0.39855873598596203,0.24043695098833032,0
-1.223347969838853,2.0920809261425055,4.0165876105980995,-0.27664274699463703,4.759399951051668,3.9717332944054538,-0.6565362374248087,-2.4128728980627727,-0.9863876773308219,-0.7523790180671364,1
0.9960201839662377,0.14218298538238788,-2.2505176002835015,1.9404917896459843,-0.22579546571999543,-0.06638019960073582,1.208744125880513,-0.340140481493755,-1.150302567999039,-0.3946208363148836,0
0.46447968984702126,4.583945168633072,-1.885544309156045,-2.9518997964083296,2.3713435812763635,4.403753254349004,1.7164872940297966,3.878956961677915,-0.472147946385723,-0.40577818970631474,0
-2.900301620265928,6.573172780203804,0.9888422147581186,0.2880500490597617,2.6363718480267124,1.8756175398367065,-0.5329695494825766,3.088990007617447,-3.0552874114179622,0.2053067781791787,1
1.0621708718342238,2.5504818587519056,-4.041493224236962,2.8640505360189463,-3.1438243585960133,3.8620219070823634,1.4819904521408411,-0.8907588149997067,-2.536344648818221,-0.41333935984191383,1
-2.205074376817948,3.4951931108629997,2.0856746376918176,-1.141313667471891,1.4079697306962162,1.084564128920436,0.4587224606677208,0.7059558061997638,-1.0789597939594742,0.16345495100941407,1
0.5201054433863526,-1.1639544581627659,-0.9375425036611075,2.4921702859782457,-1.2043267551446353,-1.6283355836997817,1.275087079851016,-2.1165464154518645,-1.102747356270643,-1.7592649735490018,1
-2.429044788252601,4.684656527196347,-0.6082099564161008,-0.19129673141387873,-0.08955355011237609,0.5005838127251432,-0.3330043554668225,3.263112350232945,-1.3682882194851467,0.6079883532384273,1
-1.5978230851429174,-1.2080994079862464,-0.054465973875396534,0.14798881928481045,-0.6229561286835154,0.0641523734226419,-2.9329972280786736,-0.22907346501230874,2.8109730331640033,-0.6642380070050609,0
-1.857439440642895,3.3438978010440006,1.1236279899745405,-0.27463532539525987,0.6709434716980687,-0.6825089460267162,-0.17492831447470802,2.2748949399812384,-1.824056758243128,2.2341377049721634,1
2.97293968327083,-0.30129723863178676,-0.8621769187578794,1.6843659222700815,-0.7809406343620471,4.312132642978096,-0.8581554651229977,-1.4206948675107038,-2.2626050172731116,-0.9244490687071396,1
2.2691631108623866,-1.492499449835377,-1.122713780144876,4.52452724857835,-1.3119252601288132,1.277620450443886,-0.17517543592915752,-3.5322965984726187,-2.9015804327439576,1.6802825252166342,1
-0.47445888144046766,0.7619175803308872,2.0281756007077387,-3.671512494458316,-0.7447083681963416,0.4741004367032675,2.970731073248343,-0.5924336602490978,0.6448686164816968,1.6005164807480465,1
-1.3483635650514878,2.6445405427307453,-3.4727227072017195,-0.8017486871813502,-2.2720234673967163,-1.9241185362311826,2.191983021269966,3.463958196746099,0.3542592168199359,0.7803459665380545,1
-1.620563975861863,3.062421552984755,0.9076117834286823,-0.6576767096314017,2.343779209318202,0.5810165710440666,1.1248746730662504,0.8731098757837272,-0.873807449321367,1.6101915572904615,1
-0.15721365821820932,0.7843987240886908,-2.6862674920961176,1.809731687876159,-2.7559693489937187,0.7776901078730998,1.0132547728876584,-0.8717099137584958,-0.456575477523796,-1.4704738169878513,1
-0.7010902290161056,3.997615151968158,-1.9646743729943532,2.618562167116798,0.15548460348692816,1.2633648735172183,2.12988127585601,0.032115516661637034,-3.295810480632288,0.3906221240461073,0
-0.27652658269997743,0.5769903946082677,-1.2566960001093648,-0.2947814394655345,-0.7686837831843504,0.06327580012409306,1.9586256579816763,-0.37292750961844234,0.42631979837770584,1.2737517628963024,1
1.9728241261441029,0.9666173907375757,-2.001664403876106,-1.381031371868796,1.5172219815618546,1.5424136618574436,2.4205428901264074,1.616626038220374,-0.4014068896367826,1.140160893340548,0
0.3610603931554315,2.5953039185768514,0.31319332118093146,-1.5210055069558612,0.6394458686839182,-0.05751514143972458,2.5827559547411556,1.8776343981161854,-2.1533282650368255,-0.02606188121342719,1
-0.6200981678212132,1.5003261434916684,-0.2847904906642953,-0.3141674143738914,1.7976713374912254,-0.3339755867602481,1.4890513367781053,0.694872481478674,-0.28176999571980443,1.4808406155198515,1
-0.5257676910408622,2.144846838302536,0.39824703932624117,-3.7043353946152155,1.7357653427293558,0.8801617908853996,3.821053751821751,0.9225995231135067,0.8547552669955756,0.4350525023748569,1
-1.2077494150949803,3.581126576647022,-2.58834329759799,0.13073676342086404,-0.19598719224588834,1.5570419805077242,4.6295622856506835,-0.7051962548240417,-0.6082751265572589,0.02406030292625763,1
2.203857909089392,0.06657901113917644,0.525725661057451,-1.4532955515677204,0.2550858719303972,2.5117667900127074,0.30374335337395997,0.45847836957269905,-1.0741242643231572,1.1428455955463241,0
-0.9439314461811803,1.2303058221517837,-1.6189096427875995,0.8051986184992128,0.030364092355894767,-0.8113453854725232,3.7806755553353626,-1.5300241453965646,-0.14903004326524227,0.18523205601107312,1
-2.4298935987860752,4.51200557617111,-0.49189740690596273,-0.37458460104670593,2.157161955782543,1.9717301260057523,2.1824265937715053,0.47183387422753587,-0.497981167812375,-0.9446302820818356,1
0.6376446508813438,-1.8790076160163052,-2.6458943800950494,5.36957913913854,-2.158539342289471,-0.577929436751438,-0.07307455193045675,-3.760199179531074,-1.1122439291118493,-2.9206138300102924,1
2.092424895259427,0.8773482952172016,0.9535031894695125,-1.4861902490064494,0.489718212497223,1.791715527008435,2.0699624107163164,0.1434675886753758,-2.206419599778564,1.737874405882032,1
2.383966635231862,-2.8188902929110986,-3.1290994186160006,2.8708514711571773,1.5554059273860075,-0.8313582899576817,1.710641103617378,-2.183972040417451,0.28925346270643093,1.438372787372112,0
1.2555439711870022,0.19891185989852267,0.7761281590947384,-0.27203548646438863,-0.6107917636595577,1.0207846804387044,-0.5587189615762502,0.5212366550754954,-1.5894359137968321,1.2060902856954612,0
2.2210486250037516,1.3187490767122858,2.11526163290038,-5.1024866491093634,0.8884239319303804,3.2175687610588275,1.0741773521334301,2.558166868153536,-0.7423552022349249,-1.3751418179171457,1
2.323500438415281,-3.8838551748523242,-0.8214067645283151,0.9822347974595619,-0.9774827478117591,0.0025916960041418857,-4.186243002961852,0.6023845982685183,1.2432158119095875,-0.36490968009215596,0
-0.18913450233861318,3.389737726169224,0.12670368519005704,-2.1562167687992644,1.4055276950506803,2.797249741957542,3.907075540169762,-0.04511739298184669,-1.0258137894584292,1.3306429466165666,1
2.1115631058665874,0.3422860710201177,-2.1565467676520025,-2.534510282567316,1.6568230016134962,1.5911411687258386,1.508609228387696,2.713343476536653,0.9310182366028872,-0.31630324941118265,0
1.8488701330561819,-1.556153869633933,-0.8411204413637062,-1.7935024969033397,2.097211123390973,-0.3706514003477501,0.0797096943477843,1.925193649927942,1.4345640959798245,1.1420976473521414,0
-1.864849947006682,3.073506381057472,-0.6281153359283054,-0.39514780402036787,-0.8062763954070913,-0.982310816473928,-0.6160798106418819,3.3967282612485126,-0.7786175292381818,1.5720186120118498,1
-2.137606877493536,6.0136049888324274,2.00633585674517,-0.21443955274294754,2.5762994850721306,1.061807360575267,0.18870120403667645,2.909488838941014,-3.8622890522568807,1.2920562854501005,1
0.653813426268687,-3.1446052633810013,-1.8826752566706682,2.386697492320118,-1.0456056213892377,-3.6478485613471086,-0.9991466772575478,-0.25378402233923814,0.8867258540670571,-0.39463254666217584,0
1.1025367878979901,-2.1581427682155603,-1.8656894361993914,2.2103211977169224,0.1420189532090801,-1.5878634911679304,-2.2959902376066754,0.8424195227423492,0.39927790535824625,-0.0251681306077451,0
2.396450186845973,-2.73942319153233,1.6961345874860392,-1.7660697250991733,1.5767220625864184,-0.5502462796788958,-0.8679341252069868,0.5992468912759279,0.40722660384027165,0.7012668609423374,0
-3.3967518022432555,1.4646103701882276,1.6277912472179885,-0.5284615498925971,-1.925843110053855,1.068198478335451,-1.2136610696407688,-1.3664618910304394,1.481322911339236,0.000570917710284653,0
-0.8497669304948186,6.900267739192923,-0.636566468588817,-1.276550173729685,-0.2818057578403872,5.373425322714482,1.0166070271496834,2.945859587538725,-3.2642539124663275,-0.6047960848622265,0
0.04514144475742721,-0.42769782736193007,1.6503685886785544,-2.6677654838372042,-1.5600164470836781,0.42700403654444474,0.07511723672085924,0.21758106919744558,0.8495013959895592,-0.8706916689688395,1
-1.9278040402452596,0.67297027492226,-2.961585337620546,4.398688061555291,-0.9323310914904924,-0.7225410761464656,0.3936835203111637,-2.283501474960544,0.03037546871268937,0.6936846323585679,0
-1.7947593417745396,-1.6639312307728062,-1.8210720653814216,3.0224653805683346,-1.6303269254292303,-2.8546665208493764,-0.5208213850742578,-1.96387979240617,1.6596911752436316,1.1923505064877225,0
-2.5529095937021804,-0.2637613188870045,-2.3823049175387023,3.3150171148532035,-0.10316011175868234,-1.0429552681428156,-1.761041819083033,-1.1788720452600003,2.0704722212632785,-0.27308483804649836,0
2.0463002926596294,-0.4355191342996535,1.5985796673930013,-1.6985449713226943,-0.4768897899161304,1.4540193551291727,-0.7739040903747012,0.9545172438026407,-1.264012602142114,0.2155449219340494,0
-0.0448895994316032,2.2154970035972066,0.257236518501768,-0.4637718776534871,1.8236383921324384,0.6262088486448648,0.3870699520892418,1.8048917635378794,-1.4729637403944666,0.006608984126898536,0
-5.137482172259031,-0.23389066870676722,-1.3658011408873618,-0.08420697875449103,1.096322153527503,-2.2129176909799906,-0.1696378497954375,-1.2356875344439378,6.012277684251115,-0.07978115998699606,0
-1.8062757236266873,4.278642919968457,-0.7210734256416946,1.2972451217386067,1.435303517316922,-0.17495003287145172,0.7192327588235724,2.0687563502115105,-2.423914715179465,-0.28664099328089354,0
-0.6852848839782256,0.42167520156359534,2.1247460607279516,-2.785253304736321,-0.14876147898883008,1.0146024448086455,1.7282239518886096,-1.1353926546331143,0.9074073696108249,0.09816242110204987,1
5.0170211869566606,-5.171574479903358,1.827890385719471,-5.547276049719321,0.5987671773701216,1.344033044994019,-1.810470499132511,2.0785156190889342,2.6239613416667753,-0.539402696047711,0
0.3210960258069071,-1.0513213540537734,-0.6593690842203026,0.9976292189063773,-0.3878188369980773,0.06921748315095222,-1.4826569608135074,-0.15526200196183082,0.4801250110451981,-0.23987241519210545,0
-1.6741795407756972,1.6406856689205194,-3.8197333431292546,3.2896497980985666,-0.28700130764955833,-0.4712125487403387,4.2779809815536645,-2.969159574409167,-0.0016131390835790738,-0.3146945927997476,1
-1.5888223262664556,5.941022253455167,1.8384555123812047,-1.0267035117996692,2.5405313472084807,2.5767171270184734,1.1799618316727485,2.106912765652533,-3.425280889120331,-0.8061440749899142,1
0.9028705874843534,0.7283034339058595,-0.9150124468246772,0.826635228712411,-0.22913930807352756,0.8132348065639745,0.5006498982125432,0.23522611918113667,-1.4511799422361191,0.032408116134038364,0
0.9487150486041016,2.22319911337602,0.40763838292954735,-2.0359081560982433,0.7732954364639112,1.0837291282854562,2.5913350604688876,1.4765024690889577,-1.8216211082964051,1.5205663478139175,1
1.9916946811772842,-0.8213858244096296,0.7522127974679136,-0.8534756371591925,-0.5122403607950188,1.8408055840530935,-0.48084225766853894,-0.1365771103032748,-0.7754160374519828,-0.276802752674404,1
0.18139389343421208,2.3259485896008623,1.5463551664200852,-2.5623738821857485,0.9570717774296718,1.9354594779265515,2.7818328079198436,0.13581517102360519,-1.2242644144994388,0.6522620991134456,1
1.5551636767840895,-0.6591876736398864,-0.1531764700244479,-0.22204745262106032,-1.1672032835775799,1.7665258900694534,-0.29696837840731627,-0.43135087638531133,-0.4792798314538791,0.34744692365362695,1
-3.7510115213737523,1.012538069074048,-0.5968134530416764,1.5567182977283698,-0.871782412446776,-1.1924981663739795,-0.15552965843810296,-1.5887224922622993,1.8511099355642817,0.8803099248841434,0
-0.0061767081401501445,-1.900945060817035,-2.234481278924825,3.1981612645876694,-1.1998863554035961,0.43638466528160835,-3.002369521332282,-1.19213378629942,1.2473615966481475,-1.826075989869005,0
-1.1057472350562614,2.608301778779614,-0.00012841149004927388,0.7094423252524201,2.2579166388644185,1.1089549500030011,0.18876582838228717,0.590119987245691,-1.0987370869763238,-0.3962448043829177,1
0.10836122523416747,3.0343607458638675,3.0809244247986314,-2.580474054119907,3.6299489976563497,3.664123858332299,3.3409684410245077,-1.3434328349169289,-1.808763659658891,1.7934898463314348,1
-1.6804455942131584,3.502217187633741,1.165689830534007,-3.252163176516591,0.8750539450580566,2.9684899580936692,4.6032609525324855,-1.3954756363610286,0.3823895384509881,1.1428476765928204,1
-2.8231243261334615,1.1655691722892159,-0.6183300014455211,1.1216004704677376,-0.7630888423505183,-0.8420551076878763,0.5385533956028716,-1.226237091706442,1.097587266621436,0.4994191342413677,0
1.0186665162573305,0.6720718525322267,0.2400631635257373,-1.3512770640242187,-0.021612749606773507,0.5351171347063868,2.2738628199954407,0.12708124614964666,-0.9970801177620621,-0.2448664268557373,1
-0.1495041198341831,3.124903446691082,-2.0919595297537716,2.9347192383889125,0.29407431996271494,1.822706639727966,1.9042004171383895,-0.8042511235514878,-2.963818330243618,0.30002808775843937,0
0.6071835533775387,0.11912173988391157,0.9179094778442303,-1.1974960328522806,1.9276571727385616,0.5538625510516506,-1.1617815564852512,1.6482663776299096,0.00017952437466162152,-0.0815385743514116,0
-0.7172292756846086,3.166286901238949,-2.201840907826184,-1.1862373897443919,-0.534535803498273,2.2155865214041395,3.6007335488910166,0.30028123895418024,0.023510988521721288,1.7124996765297635,1
-2.717094053753489,1.1822423937372224,-0.8627636096489386,1.9386541031569036,-0.6282815198030638,-1.4545463045615548,0.7533729080041158,-1.3449432944698176,0.46884076561498433,0.4463643226030819,0
-1.24440684813724,2.833953298525444,1.663029092239641,-2.0872727818800816,0.3394451342574434,0.8963851895809243,1.2848781179339905,1.0291941697034364,-0.9004081929580459,0.9204947483157878,1
0.23205763805848467,2.115913451015011,-1.8713253787556003,-1.3170953976854405,-1.8813322736968212,2.7732379273094803,1.1538032723130909,1.2014234471826066,-0.0329697996535252,-0.9773529131664589,1
0.08414800582965964,-0.8415548570475456,-0.8927181348640101,1.8158222823001267,-0.06944070581604878,-1.4029372019120872,2.193867617786328,-2.3643751281212757,-0.3601627406153337,0.9275955362063527,1
1.3068726016684664,-1.4545765032851197,-0.5585636291438087,0.7512127084716586,-0.8607396419755152,2.140532013280334,-2.4971192448823034,-0.43222167102718256,0.4531160242067841,1.5638029337340718,0
-3.3403689393932,-0.4363582543415293,0.32411327804699974,-1.358848098377322,-0.3444886121816092,-1.9612355354204314,-0.35750375145089275,-0.30967952240389063,3.9504483842462275,-0.22553225840648175,0
0.009581863640730437,-0.8629132822331724,-2.5252258972262718,4.7424627256580765,-1.8803771767705189,-0.9179808949717356,1.3850131537927246,-3.6514802957124766,-1.2407905519824227,-0.38736700678425484,1
0.4153897629320068,1.8049868621894345,-0.13483870143293453,-1.2900948299728217,0.4947669423225419,1.0297567238951721,-0.08338102009946202,2.482522827992931,-0.9301771560981972,0.7314360402110626,0
0.7667238656087528,-1.607674995032487,-3.9478697698483076,7.414698016525989,-3.554251049434323,-0.2367275761736103,-0.36320296603089663,-4.396484810870012,-2.1319929932418704,-0.4310827061156282,1
0.6263044334063821,2.0931338233082,-1.8314326010565318,0.23175583554579507,-1.6133422680185219,2.2518227019070323,2.091687806652131,-0.047291629359035636,-1.5236609524589952,0.7638035081686033,1
0.7072516148601018,-0.9662201490966434,0.5681395910262941,-0.22607992001050461,0.7788868501668222,-0.6349890990414042,1.7309577233330624,-1.3923661814329493,-0.11991788534901937,0.5967709858962266,1
-1.30821629043353,-0.9271346666050351,-0.9117936321633316,1.9587114622886928,-1.5570622856866987,-1.3606456118944785,-0.34624606612502473,-1.7442394676623723,0.9640491656338145,0.45533512042386065,0
2.6532480026859298,-0.06633193770676894,-1.229758830154292,1.5810543009028477,-0.8387980772704946,2.675831181413941,0.4855356121795926,-1.05574257970147,-2.391678346339406,-1.9849963223432563,1
-3.4592859516237233,1.527352403567126,-1.9747071125081663,2.783974070592319,0.5744650684385053,-0.7288789339968942,-0.707884113583408,-0.8227003903282925,1.5264013144464648,-0.3966557850295587,0
-0.20085959881243887,-1.7909404339356223,-1.9412574690735018,4.220642633744282,-1.9640199587298128,-1.672424187419813,0.5804613114782706,-3.4984816397249494,-0.331101162742655,0.30771798860039995,1
-0.4414030902028263,0.3707873990724199,-0.3405105853711625,3.714035360156114,-0.2176374006939441,-1.3270670877138055,-0.2594249634422414,-1.4269502837219745,-2.33536826769995,0.866516596970502,0
1.9365773544920424,-2.9636477618697388,-3.1960854864194994,0.9838772678400163,3.80640278564693,-2.839235212347098,1.747318457555733,0.37425729512264605,1.9481457892361997,-0.20468458770545525,0
0.09840673103308406,-2.7518842060199953,-2.0782381437635196,2.6838965987532704,-1.2525092291770568,-2.0960180616074053,0.07749193500238993,-2.2761830332199047,1.3365875389202835,-0.8095116119550865,0
-0.11845879507442203,-1.9507148401395924,-0.9006187157429671,1.7143993252948868,-0.8981152968634937,-1.6321572049971718,-1.3700015230305649,-0.7146475340324101,0.9547758855885298,-1.160968743080407,0
-1.1683569199330703,5.065099781633855,0.03980924868586322,0.4218743191497766,0.2142020279507898,2.305687282806186,0.5555522675184146,1.8291413263942808,-3.3045742140596586,-0.4489894045073589,0
1.8871341626732034,1.1128298801682304,0.8775918886271747,-3.2918968802760857,-0.6196241723722543,3.2721229235069775,0.26030746137241956,1.861623903710222,-0.7893157532807771,-0.631903706381941,1
0.33426247498365225,2.6864303487904135,-1.7855803447392633,-0.35855631481272815,0.8622673515819906,1.1094138889166307,1.4299838263717544,2.285121581543634,-1.2823980002991575,0.7682087581099558,0
0.17417543652654055,-2.4194104178505977,-1.8651095028286817,4.3617226667475935,-1.9871796424359986,-2.867286912662304,0.7462327779346223,-3.3091444226784232,-0.576369713852935,0.3035738555793868,1
2.5061742082990817,-1.639798029152362,1.537194079269832,-2.3055298089518446,-0.3124261024153383,0.628708862010056,-0.8408330031512892,1.2086909259175156,-0.3662107810434414,0.7106297529576736,0
-1.2761123835161188,4.4554049502292115,-2.3506991091164595,3.443583352778329,1.0584403561520723,0.739456865488094,2.4478961308070453,-0.11745384222523514,-3.408706590066514,0.41576468477433254,0
-1.7340295864318565,0.04511945924738583,-1.8121551874582116,0.48489343548133523,-0.7242711565334963,-1.8241468210474574,2.4283228597578477,-1.2455840375487104,1.7796839652822314,-0.9173680134427997,1
-0.4692231409065055,0.11222849117160402,-0.07627364675516313,1.4139244680592964,-1.2710376445828728,0.8059966640989547,-1.029837656589678,-1.1150464338007262,-0.39828878009001145,1.0408132623251767,0
-1.1868724085509583,1.7554707371559999,0.9415934318828038,-2.97174327620009,-0.2432268666098416,1.1579160247843092,2.755348843235861,-0.31674604711947896,0.9227382548002168,-1.3748445098925395,1
-2.1354423580391715,6.417505203992714,-1.7381219383093502,1.379149080927588,1.9824728384338992,0.15680331625315647,0.2757826164430164,4.5673210717393555,-3.3780078201897377,0.2130548611382086,1
-1.7995408972452354,4.190798727936825,0.15236386163645776,-0.3336792127140136,1.3777038090958016,1.5731395171714402,0.22740098876438353,1.9123463137280483,-1.388308899638964,-1.111616378523411,1
-2.596015767259697,0.7159240935485354,-0.6919448996218751,1.8401932077730871,-1.683191380424658,0.7401831278207389,-0.3190190038179317,-2.524625700645468,1.1976953936682837,0.020690696881560854,0
2.0334900553090547,-1.4972979366582286,0.3455550737817492,0.29275772736830713,-0.777478466144656,1.6136192663143614,-0.8246637904632479,-1.0130832711043396,-0.7199823333092816,-0.612281519527685,1
1.11284483650522,1.2874746149167855,-1.9363033591265677,3.011655482617841,-1.136681733100375,2.4095313000166065,1.7670276151046642,-2.3112861936238365,-2.741438505474693,-0.2531024414239833,0
-0.7895287403455928,3.7841525575258186,-0.9090334066664947,4.6450083991743725,-1.7174761093900923,3.126341006685056,-0.06795791718482802,-2.0740706767969277,-4.579326020598006,0.9490842258364808,0
-2.7816359839352387,0.2875494664662544,-1.6101626900141899,2.8104085250832735,-1.3347089018334306,0.7835731265468397,-2.393327179212602,-1.7203308718243469,1.929337169232744,-0.7990425077746859,0
1.2188180585806179,-1.1757006698632226,-0.4423756086164471,1.3850848977824999,-0.8779241588498288,0.13897703204359835,-1.2327423622725597,-0.347020082752858,-0.7749301068677386,-0.11211718449368328,0
0.1275385981789975,0.260834034051872,-4.354885038534487,5.621750665264384,-3.239649587716022,0.3129701111782942,1.4599741083923574,-3.210333626421965,-1.8243844828231883,1.9331018512374993,1
0.22589510309986083,1.9149292334808536,-0.5593980287390854,-0.386430963604196,1.0962261500670605,0.6139507364199779,0.57602637541293,1.8549179320965627,-1.1771588287826407,-1.942827228521737,0
0.5362099271280215,0.8536836712985119,0.7323148981312935,-2.0844172788880746,0.7344736012746766,1.1205080456430279,1.9913930154849329,0.15096370401583847,-0.2091762774347926,0.5931342975719959,1
-1.7439478507706,4.494985054402806,1.5801310252950123,-1.5036817529121227,1.259385316908491,1.9116044884564556,0.8389237192584537,1.6591657997852916,-1.8251287639556084,0.6360832662919267,1
-0.19795723204592253,-0.173825934741043,0.034501020616719114,3.1305918319729926,-2.4740356257673373,-0.6161382531762221,-1.469746187448535,-1.3489326486774402,-2.0830257875224882,0.718367103873719,0
0.005564338218003284,-0.5152912962465452,-0.2667412880491874,1.7105373333057157,-0.9170984138880564,-0.9430220899546531,-1.3990427431315962,-0.0058548452540782,-0.7375102968362475,-0.6268783570588338,0
0.3477278133645576,1.397183187244565,2.5994342168997235,-1.5004513992062696,1.018157891440856,0.0013262523997689124,-0.5132303784953529,1.8564012803314633,-2.0991253859826697,0.5993974221626308,1
-1.1144325761906595,3.8266718225073033,-0.4757645548029892,-0.4461572499425017,2.446504752339461,1.4894486330034986,1.9813618475501746,1.2660539196866532,-1.2340839961414396,-1.410406513356799,1
1.9848900843691129,-1.2931752246853978,-2.3016702294039213,4.725517924212232,-2.023718555863148,0.8689940026645673,0.07512247328567734,-3.0530688096697403,-2.478519720838636,-0.0513155245415447,1
2.081634523098815,-2.915557614029938,-0.4781943801295634,1.4681115633943356,0.13997638620763053,-0.9454281293208977,-0.3309944608127422,-1.3367757150914756,-0.18194308427409167,-0.9557111591427438,0
0.17515835447897432,-2.1924555412267352,-0.9543139251871192,0.5371706303168093,-0.3516160435267528,-1.6126817400571167,-0.12129638236686557,-0.7608978063293075,1.6683730621995787,-0.1362840949063465,0
0.7573523451443996,0.8509940125747505,-0.5260719986825383,-0.9609409486061486,-0.9038899519809989,1.9412353555102004,0.884264865940482,0.24006433407680716,-0.4005386666363694,-0.33573391685299825,1
0.7499452966778489,2.4774301537844434,0.9065626811898975,-1.5879884353078697,1.0151567705932327,3.8148083369256454,-0.3174165743333577,1.3739077814026546,-1.5074823511956943,0.8836101074063433,0
-1.110062044362069,0.6870633632536398,-0.12571239616921326,2.0009420489181076,-1.606768024992581,-0.6179790074351796,0.6697190970735363,-1.7608995252777955,-1.1390615396863781,-0.8368622059539905,0
-1.5433912737492674,3.5006323694427057,0.10292651257902286,-1.1272609713609405,0.3326371551695516,1.6335388080204352,1.1613827757671134,1.165367617646632,-0.6998332950455634,-1.2307527060187284,1
-2.4144028005667284,4.054666401223192,-0.12865835058261577,0.11057182174875317,-0.8935522742882747,-2.05695234392157,-1.7321369160231304,4.921562088811385,-1.9921782615339603,-0.5746774255102978,1
1.699180254244589,-0.6109270216393837,2.4799983807508625,-1.7556118981626359,-2.0261544530254363,0.28814409840172894,-1.5526748946104507,1.3614048398083676,-1.7634725265268463,0.9982586981103925,0
1.0301120626095015,1.1902042303318934,-0.8873573089432062,-1.0246904124740552,0.5367741124045021,1.0841537699543995,0.5681189072245328,1.9702130171621115,-0.7099622872986442,-0.30233819880524665,0
1.7532252287314238,-0.7142055458584612,-2.006236500642701,2.8204734764895187,-2.2749782112734396,1.4495937496167008,-0.3791116258602376,-1.468463039790265,-1.6751824190112465,0.4617608935118169,1
1.9991654612410343,0.3865022138721726,-0.6689150877691346,-0.5625991324799399,-0.9453692650572082,2.623083216595692,0.3570150170732741,0.3528265908290773,-1.1991278473868519,1.285625228624913,1
-4.2224044771344795,3.1203126771907628,-1.62994335203802,5.356322212103293,-1.8264997604865827,-2.7129650545890094,1.7144567887012845,-2.6122833715980835,-2.057542596927804,1.6543399727604347,0
0.4270841974602213,-1.3188889033871007,-0.9500437595939032,2.9011183784623555,-0.33542858106886453,-1.1051221471914006,1.2996131796640298,-2.915415557745056,-0.8068984503122075,-0.2025266155048715,1
-1.4570186609629139,4.219195262355636,-0.42289899716229373,1.3403191633194267,1.909171918824989,0.37946957006900217,1.1607309637402,1.3961915353175498,-2.7207655152500685,0.5438962308659454,0
1.9907411225903822,3.0069592086219967,1.6956839238503618,-5.427153831624232,2.07618806620029,4.242483545343257,2.769210928387579,2.632776140928573,-1.2825989492440217,-1.3237422376801444,1
0.08263260921879667,-0.9640516972189933,-1.7372459299474903,2.4025312301928006,-1.1403038495368198,-0.9258465269479945,1.28452347614497,-2.221554220047174,-0.12171958063311761,0.1816278989129612,1
3.607210266378286,-6.209540509076628,-1.721765077459219,1.527389205495057,-1.4164359265179511,-1.0634898632478813,-4.324624757075824,0.07054951422058608,1.9852854677510678,0.06727898324626355,0
0.5338017086600193,-2.224880682498465,-0.06813130276327872,0.062904098725189,-1.5083021673344388,-0.8854235361994315,-0.10387851265337344,-1.285889329852784,1.0822237568933626,0.21936392943883018,0
-2.821162525126889,-2.0435925052838186,-1.2341361780879578,0.11220772046326727,-0.18214484199579417,-3.581519809457712,-1.250661632401632,0.008871779640809763,4.617555340654036,-0.6691551842152992,0
-0.5531340974367313,-2.088503663682242,-0.6173517270553566,-0.09857362953593937,0.7251609280075573,-2.0525568140221715,-2.9043291151987374,1.6708588377780562,2.7328391517299817,0.05192572588965397,0
-0.8860770919843913,2.8959969959003242,1.1504008921429267,0.08850376302315593,2.0763811001070493,1.7220239588577448,-1.064119766700344,1.401322252256517,-1.703122400549155,0.40694753454986565,1
4.1756031780839535,-6.830603566715514,0.3379736393033035,0.15152114966848565,-0.9950421260969844,-3.020805806752775,-0.8783072605749325,-1.447791033783393,1.0013926736467864,-0.611673119823969,0
1.2338409434294435,-0.7626765429141648,-1.6397551634625673,3.3116176472572065,-1.0677347733163547,0.3360801148371053,0.9398493013113054,-2.548362423852381,-1.7517154124915812,-0.33840581794889335,1
0.9257452526416612,-0.27177311879783406,-0.8283227966326607,0.7260567159105827,0.696979858439113,-0.9629634855100393,0.589521102883127,0.5465063927507259,-0.8149536484027377,-1.4873865409808764,0
-0.07244590004773133,3.6988547711355553,-2.860941156650524,-2.355278111743409,4.038020217524247,1.0933558841628739,2.468819334753066,4.5736784328498405,0.5234182445188749,0.4240374901142538,0
2.3588257935637325,1.31381639525331,-0.7981121231874369,-2.0582265755867706,0.1433480151861316,4.227769778712806,1.1860283312809097,1.0596459931391997,-0.8979063088686882,0.8067204089529052,0
-0.7266700035808178,-1.029567953856988,-0.6579442506124251,1.4778264248288635,0.20077766843967404,-3.0127186697060964,2.791883199583279,-2.305541587295385,0.31877148297411684,-1.6578083539955488,1
-0.5155640998786761,-0.7967927311033903,-1.5358562005849352,3.383815248953494,-1.7877850937406494,-0.20564669569298755,-1.4316002675925459,-1.7857464214194132,-0.16219607712963335,-0.15000502668722815,0
1.956415442469293,1.2066953405605445,-1.7408453886778956,1.2535201203634365,-1.04386562735978,3.0787067782402624,1.5979405586420588,-0.9303921146057573,-2.379449076351526,-0.9782803730761872,1
-0.6735760699808709,0.636467220759395,1.897693341930094,-1.0786049111564369,0.14583422396821433,0.1241207979780331,-1.5952255694256396,1.1162006778821114,-0.22623224416625454,-1.383478013116575,1
2.3821887074399104,2.016995581096762,-1.0871201328733744,-2.401323417833103,-1.540531340372153,5.508495244708637,-0.12993970812555578,2.1219788831787634,-1.1119909383468334,1.8950223302626514,1
0.8511531645007621,-0.8556618547507877,-0.22740535339126944,0.6523902133463321,0.4308250516991665,-0.02790910004698688,1.5016294633753597,-1.6971064779601404,-0.3330873285951327,1.251233344713503,1
-0.9881011920418958,1.6349650071848525,-1.5541658476192808,-0.04390416276384236,0.39703366009211205,0.17181080106675006,3.6536470506934666,-1.1093109523058158,0.3199737103294078,0.3322630943963916,1
-0.8596177247415451,6.262490746662887,-2.301828760834276,0.7281231051869741,-0.17939439190116957,4.825967954719847,1.6703861225527223,1.5862931714938346,-3.047729005111181,-0.135469227147144,0
-1.5024390174102753,2.992227252838129,1.84996191685026,-1.8584428739817938,1.8732041659491376,3.0198766461869933,1.638158161645979,-0.8260596830802749,-0.21586250990333078,-0.010036565890725671,1
0.46748651934088215,-1.193166086283896,-2.1289010778886865,3.385218800273083,-2.1700921597042084,-0.27605964771798375,0.04875401961581671,-2.3100262320023486,-0.6172419824906301,0.385024308052893,1
-0.693456820224724,4.99214631637896,-2.239880062090927,0.7411156325288706,2.0036439549453258,2.206980011887383,2.8184424606400333,1.5582362463823678,-2.408481082844479,-0.1678992685941203,0
-1.989665724502958,5.905151521572208,1.5398596952329981,1.7592877462422665,-0.312704481620782,2.371969736708593,0.12004446399932345,0.5477002914617881,-5.006018854456848,0.4616004743480308,0
0.8552714425393328,1.9531070671078967,-1.1297108926554202,1.1116955815030642,-0.42615615050676214,2.446088770669582,1.1469356081721467,-0.3318394686875594,-2.260034725074531,-0.06175497855410791,0
2.981997863358672,-3.4390892694120443,-0.43779230322992124,3.9070005659159546,-1.6747898600946902,0.16105642104902262,-1.8575460225931075,-2.830625097442061,-2.072605135065092,-0.56056356699209,1
-1.2851433675392472,2.942180064217077,1.4080755685017883,-0.38423096338607926,1.1677037950078588,-0.561258045713773,-0.8854704553922921,2.7202301289918607,-1.9735369980873774,-1.653595418306728,1
-1.5332467750870415,-0.8498248332154683,-0.9196488541225021,1.0800569525814392,-0.8540367276918049,-2.0978320340434147,0.12039862912168298,-0.9494391825077619,1.5686709586102858,1.2067020637597876,0
2.497189416246947,0.6902841396064778,1.3201430185623297,-2.2932548321310304,1.1099164691877066,3.6700199268091804,0.7360905851665851,0.44215290907884564,-1.4926699233743577,-1.0901848028414711,1
-1.9808948538264337,1.4887630600724397,1.7326401525502004,-2.1990515943144753,-0.3109158127953433,0.10154335520171565,0.3320043611108816,0.45978292714837043,0.9008527106199156,0.5307388459330273,1
-0.5430923106655766,0.9169458398273175,2.5223030518805154,-2.0276105656342738,0.23010768195239828,0.44604570862198345,0.17990212949329287,0.28946476500792895,-0.41040067863743945,-0.7771831896028786,1
-1.8373826433198057,3.239733007938364,1.3592693772009043,-2.9730391028791336,-0.5549586533697097,1.6426232688365558,2.2913548511697477,0.4591141864598196,0.02650121141616313,-0.6213912451636514,1
-2.2046461968032913,4.450567001677996,3.122204305312828,-0.34803993290310103,3.6951604879935833,3.5776599500928548,-0.8431500491437172,0.035945751662808334,-1.9482415153282555,2.1539595002174536,1
-0.4075380659260961,4.555753750583335,-1.1776638435981588,-0.3239933898686866,1.758369711700169,2.966516850807917,1.6922121395930412,1.8787994536657306,-2.04487517050835,-1.0996538239084386,0
2.413926276025971,-1.6784283940843305,0.875885734738675,0.5075067178885219,1.1801260757831464,1.5518796846775031,0.24520564694120472,-1.9365374989378168,-1.1030736430586314,-0.7648974441128801,1
0.14696384867599366,1.649861972469571,-2.5843244397758336,2.9683061030751183,2.089080151984432,0.10926898256519257,2.5767175317719127,-0.9658057766546388,-1.7563269612207717,-1.2979829154741962,0
-1.6151143435944688,-0.04665391530776482,0.3994604508555115,1.14869626062565,-2.3792190683128416,0.5903452057063134,-1.002611624433655,-2.097492147207804,0.5658931857921305,-0.032129417538294465,0
0.4816907505747865,-1.9488578104195755,-2.740473122659453,5.782939991618101,-2.093395973065416,-0.9018189601309381,0.2720709311021754,-4.227429787272511,-1.171964748032823,-0.5591446138058437,1
-3.511507872109791,1.0781274380453871,0.6961901941223341,-0.06787927859497384,-1.0310676990970755,-1.5804644128863883,0.938468098985112,-1.4174625362806823,1.5835495243358362,-0.3111059488356673,0
0.8584687322264888,0.006923096147575971,-0.543863189540049,0.8136453954540555,-0.4308180784049793,0.06260438298551008,1.8782333079957592,-1.2422686845358442,-1.2297145993848169,0.7056581460466246,1
-1.4048930690146582,3.7042394040712603,-0.22679172597192632,-1.113806584503437,0.19695962088368213,0.26621655732231253,1.7577057236747082,2.087719198234903,-1.2702764658049492,-0.7838198508515307,1
2.5939371005968668,0.06665930232302732,-4.771093909108684,-0.12053209675502043,2.8243322465455227,0.5131224990721523,4.311239157957002,1.0691590070063466,0.5367550147417846,-0.3148024454187734,0
0.32989081078861815,-1.0788763918988902,1.9601062564179035,0.23555058809816387,1.0349172259382473,-2.3091471713282896,-1.4914271362218225,0.8050575876794258,-0.9473932186541907,0.29918243107962256,0
-0.7102898283405819,3.520975131338537,2.9545266213762047,-1.324156808346955,3.3670763510655632,2.519953620989241,1.2791285551803278,0.03556997454975608,-2.360760848459829,1.3399086679736611,1
-2.144635187911224,-2.5370551015580056,-1.568160603677237,1.2479379418934116,-1.5826740217475144,-1.087016499269909,-2.920816248469235,-1.249069007816252,4.390777604743709,-0.06900780762669105,0
-0.4747097970784596,0.07144552280383616,-2.6052019226662484,4.9363233865151415,-1.5934505281488223,0.02420506651512655,-0.019896979338896448,-2.7167167579379394,-1.3323912504480417,0.5428247873867772,0
1.7984855588852864,-2.1109270347212252,0.27888139762948017,0.8914132047308192,-0.3719318917393615,-1.0819856744150247,-0.5457569714322534,-0.5084906873566304,-0.8690035111552908,-1.1090065533643834,0
1.1674922946239963,2.5742736350715183,-2.637223320086785,-1.862758779000688,1.42691329467732,2.181587616911293,2.165850371170201,3.066878689919592,-0.2767448079305558,0.6917662435953393,0
-0.47281093377280414,1.40108867569408,-0.5203412389912276,-2.0482917068531217,-0.3484930134452946,-0.07752210650797875,2.7827804565113983,0.7204218638072843,0.4706167460045929,0.10254259970124957,1
-0.07980877062254943,0.40949903055309544,0.44159228949913465,-2.4542812151302593,-1.932681139553695,0.21885845970526618,0.47614337334760115,1.2182163805944737,0.6122306244666722,-0.2115815440520923,1
-0.34471755218516975,4.121028043428421,-0.008212782553003173,-0.5852438966254098,1.5673330542497315,0.8122234630049087,1.6191169182783898,2.5928764253639676,-2.8197009544728004,1.2832498891093895,1
-1.4630805173901071,-1.919888783173488,-2.8779657341581686,3.0247071633145195,0.13967767615453375,-1.1050697565400318,-2.5785876712402205,-0.8815958054584558,3.065813419580338,-0.2623084429127527,0
1.713699251588955,-2.335399864502239,0.6745250840757531,0.10576247498865039,1.415912799389142,-1.592573754743006,-0.2565870233675558,-0.09876271969773898,-0.15003252065983397,-0.1073707353629379,0
0.05586662490200045,1.4181456575246634,-1.0018198978358106,-0.843168284456267,-0.48589532132969204,0.9421727764439777,2.293108093438248,0.12233014033323286,-0.2735631216874853,-0.008904498796006253,1
-0.885440638613424,3.1413038233592965,2.1021278777813937,-0.9773173054784235,0.9170996989493482,0.715910788294073,-1.0954092333963366,2.527740200975556,-2.31978421896884,1.35826334485364,1
-0.3395968308795566,1.967719432596549,1.0642173548797398,-1.4235862782810442,0.8457307066194298,0.6288832721683087,1.426861035357157,0.7536146959655905,-1.0474939281568707,-1.7104684665619205,1
-0.3035109222626641,1.513990823623688,-1.0416186031246542,2.6746901892090333,-0.6298315570342227,1.2507825319554646,0.5750546837913888,-1.5261550631402807,-1.9655311971052627,-0.9481578676044863,0
0.20912817129123795,1.073647737426176,-0.07447892699363112,-1.6428920217399248,-0.31063354580191593,0.4024573220814591,2.2179383930590344,0.4450585711569133,-0.26620953150767634,-0.06545177136832939,1
-0.8363001395805248,3.8157716180095766,0.3736679246951824,-0.11238509620265334,3.119603755091622,0.7862766613728273,0.9578518912611471,2.090074033718961,-2.2245834771231543,-0.7361218710670867,1
-0.8537252509509909,-2.485892584045935,-2.479623877629128,3.8484895265587693,-2.105347605472169,-2.4485603741429114,-1.140001432871242,-2.2407960038373194,1.411027551863496,-0.09510867504309051,0
0.6111141713969439,1.0379106313728,3.1475658290388897,-2.515748853328709,0.8336211304246326,1.3331401769108273,0.9511905168037639,0.10365751573957183,-1.4875338865333585,-1.3591753325947047,1
-0.9079560030487328,3.47294333874441,-0.7182376422491213,1.9456786389212328,3.529558984242764,1.3032515014895925,1.788445185519761,-0.19379855980594063,-2.26760137439313,-0.8428394998713564,0
0.04222653606448412,2.2073600118897816,-2.3339489876500066,-0.024847988631433966,-0.855242659150686,3.0041090667260266,2.1683488891669045,-0.3822238467658856,-0.2474059661972412,1.8252019347200907,1
0.3533296200559992,0.6982391442345148,-1.1830978458983958,0.47793976646522246,2.5704844090915726,-0.8593940543351068,1.0296152784768022,1.2532127793073482,-0.45334987431913587,-2.0550504036012014,0
1.7638604316988826,1.0400728996259274,-2.021935901010396,-2.362623938223725,2.9765126069047665,1.6954624736301895,1.872161519958496,2.7447516695092116,0.6837292911139299,2.6709525064157194,0
-1.7634988014192365,2.973074237550354,0.9336527451715174,-1.004592022075938,1.9411878570044023,2.232680011244422,1.5703866785870153,-0.5815813077976097,-0.10267194008063418,-0.6656865631963383,1
-0.3149462575792239,-2.9848233144598186,0.30709493858080217,-0.6456646750127869,-1.7598945393417726,0.6408378666606018,-5.311807834914089,0.6228463551259613,3.529350386863452,0.9524124885542972,0
1.2831440272456183,-1.5327960061534647,-1.9076398948243565,1.0715180827855764,2.2336708669999483,-1.033822641598479,0.7319740660591987,-0.035300223850415646,0.694286212103449,1.3140856675576604,0
-0.34656424819760245,3.004903530373775,1.0019311684683985,-1.7253744790295904,1.5465320462674976,0.8035822565027289,2.217547202069622,1.3658845367461614,-1.6834072881686346,-0.013089085459403701,1
-2.177360503472322,2.446612678449517,-1.1020380594482169,0.2738530107142918,-0.0966782852511332,0.11698870570114994,-0.9257121773651018,1.8781510706004676,0.44991659503316983,-0.5171371326671547,1
-1.253848896526339,2.214247614772759,1.5999199871500305,-1.5256336642256787,0.727823241652018,0.8114234223875932,1.0204734909911275,0.33495608966986523,-0.5408678773686367,0.6118759987479585,1
-0.9874920922970809,1.7676274280328463,-1.0512224297148929,-1.8952174155949866,-0.19378574764070478,0.29139549500677153,3.006783144660723,0.4794109470313066,0.9835828340259933,1.3123130473505709,1
1.0578749291317804,-2.374575222528577,-1.4141513809134887,2.015638238554447,-2.053209207617507,0.5648575843114461,-1.5223046049789977,-1.7803096317639073,0.6433203946253458,1.8507030315758624,0
-0.6587468938014411,3.3856696797820653,1.620840443070446,-1.3818883456072046,1.4983777974641683,0.9760783326830867,1.232037507665359,1.576342649536865,-2.2084822621730353,-0.4057451136567313,1
2.099761659771345,-1.4138022684995142,-0.21819546612092,1.1890212847700083,-1.8734685088281169,0.44795885989941253,-0.548966628079322,-0.7805786536579418,-1.6025045425053772,-0.058373140582559185,1
-0.013076524437552028,2.3026176364221262,-0.3995308752409874,0.3896831149743279,1.365000845973636,-0.5616679048943909,-0.5950558605786942,3.1384352538083706,-2.06927016127487,0.4049940683160254,1
-2.5640172616068453,3.5144601379602265,-1.5328305066853622,0.5461511911095772,0.9393619542205697,0.2896655111143135,0.5588666211455272,1.5321178633149546,0.06757162070331013,-0.6889734755029803,1
-1.3707951957822013,1.9611320223481783,-0.8488662591368383,-2.7528303890877317,-1.2110194772252467,-0.18657850312280888,4.361860385936637,0.12129560730052313,1.2193459537238724,1.264278377860357,1
-0.5255005026226013,-0.24635931495713628,2.1530320338797555,-2.2416793868468776,0.43288780635468616,1.4941020262878295,1.01213215769073,-1.8160918454396513,1.302924667366523,1.3293243061891922,1
-1.4516918400930403,4.316016759587117,0.016905954336865592,-0.7290476875482963,-0.46079319260815477,-0.02123339038357841,0.01152899459459833,3.704286530270517,-2.287963055527495,0.6995553191943192,1
-0.3581260719537296,-1.2022732142368235,-0.866536513312917,0.6601009691950238,-1.6602143706119927,0.6230919290673032,-0.54663452900766,-1.637430728305365,1.5247097754014578,2.026161522080423,0
0.2594820115375409,3.4895986304927034,0.9077459010950073,-5.247072424368627,2.2543615410652733,3.836184861203781,3.6941880844840402,1.7790817116598587,0.27514947513523014,-0.3298625394506164,1
0.9741781618874779,-2.2231900183489444,-0.7513798445802389,0.8500183621041837,-0.695832200486569,-0.09779055709789397,-2.810214827323419,0.4034005635202196,1.0403860829301408,-0.7247287891406627,0
0.9039272156926645,1.7604757636457542,-0.8549621788006838,-1.9614162312508843,0.824613082220742,3.5999566163508807,1.9508083636117608,0.36784782015722506,0.07045228383306834,1.1240688516981931,1
0.12995508891920482,0.7105338965707562,-1.3507553997063446,0.6402076620571828,-0.06547831629729994,0.4367888284317707,2.36597965125629,-1.0996319119622382,-0.4326656249764541,1.0741379210297501,1
1.5669077031262972,-3.512606613136316,-0.3011411970343201,5.351734475922606,-0.2581164867812701,-2.2995671239618525,0.2934427566798169,-4.829044236620063,-2.005774698093173,0.27932975365196056,1
-1.4295960466785913,-0.5519563398465718,-2.04594173566237,2.502720205967971,0.04035626862779873,-0.7508046265092996,-2.201421299311434,-0.11025588835409572,1.6070411503241535,0.5723232054689545,0
-2.618411242543088,-1.3427901532007505,-1.0467463440161848,2.4085829301976687,-1.9788302889573806,-4.222330949966114,0.1912104320938901,-1.8096928267064176,1.663278016839511,-0.7098433151916081,0
-0.37982908562363893,0.8445075351524659,0.5788048522689058,-4.000539764312677,-2.4102842878823214,-0.2734694372370876,2.9688252478792414,0.8929323405174772,1.0212661051901417,-1.3252212708534594,1
0.4344917771554957,0.598677316485435,-1.8638067962220828,1.2852369808365793,-1.9931980464196262,1.6103821247581955,0.6547646471390309,-0.9036778796738218,-0.678276710287222,1.2662303348822697,1
0.8049640227538928,3.8714589352247457,-1.2996742529246195,-2.79849891846694,1.2653093872749972,3.279301457505755,1.8720405586146014,3.5365468124429436,-1.081849724839705,1.6283288298969505,0
-0.9473108271970665,-1.049032589495646,-1.7550785304269882,3.876515445582785,-2.772989019862889,-0.055430482810857495,-0.957839724567663,-3.145342161885182,0.1938103462506694,-1.7414397412447786,0
2.2680286808439845,0.9557348738633941,0.27778847281789343,-1.5859001121982155,-0.46666731474112166,3.759496717217219,0.3847516204332956,0.608097693807166,-1.5698763265628641,0.8721476023171524,1
-0.39970769341062773,2.9471693899523848,-0.08504443158160258,0.4223900374125174,0.6378412668042077,-1.1972310510741013,-0.7317374265674295,3.7786157959534843,-2.7819730795900632,-0.15331958582802807,1
-2.390358449666512,5.9062258321,1.9317572532363947,-0.19308815282284775,2.444960351153897,1.3861822789586074,0.03276752718545273,2.537206895731358,-3.3967041935388247,1.3443477740250895,1
-0.2530124745004614,-1.359109066357948,0.16691356378084832,0.308583367189284,0.19302418657065656,-2.0309419058197653,1.5921716564068658,-1.622479046623446,0.6931942457313744,0.6777893431647267,1
0.6306766145247451,-0.43405408081174585,1.4975434676115627,-1.7223575445731614,1.5857668166337073,-0.7260321576641298,2.1888100351498454,-0.5069931726996872,-0.08801674738714704,0.8124674716325087,1
-2.5429161810895327,-1.5099689718432006,-0.2137170590116788,0.73789371958754,-1.8710704844670163,-2.7508916364690967,-0.056064457119557876,-1.9262343595258091,2.695304772601242,-0.4561919220852262,0
1.6124996885797045,-3.058593017051646,-1.949038389576255,2.2100238891215818,-0.9206370159702932,-0.15064526300735337,-2.2266944734840335,-0.7879973779957963,0.9696996410974317,1.4395223166563396,0
1.2702520733945386,-0.82843532821281,0.039132974493861994,0.7913005738010926,0.047144209269141424,0.6748500054689015,0.8140114974274916,-1.6186970946215666,-0.8806393064562568,-2.541233061082615,1
-0.7277825712887314,2.643271082377161,-1.1848128793447439,3.926417791594879,0.018256845798496624,0.9546189311771707,0.4474810332253525,-1.199834458957459,-3.2419588587103663,-0.308008917803276,0
0.5563934850613546,-2.396764043046103,-0.9873170300150845,3.711998121319027,-0.8408957641236622,-1.830168631005772,0.6065225603768787,-3.4856400718966585,-0.6257690806603327,-0.28041176594769807,1
-1.9652226765393295,3.8888142691422383,3.18345240121321,-3.344971769096092,0.7252336479867519,1.97335209419047,2.4060436343347362,0.14834751312681882,-0.9947244920022662,-0.6754679188743096,1
3.1412489935443535,-0.021699057768220856,-0.1593013926182253,0.1141712380980521,-0.78633333583371,3.828726577876553,-0.6006606759878461,-0.10270957793453028,-2.303234944141125,0.7988143265143023,1
-1.4337408633746334,3.326267533492487,-3.0614014577436977,5.084207801439167,2.4235398660311045,-0.5716940811488813,2.82606444036902,-1.423280212255873,-2.8678188088206618,-1.329935104698312,0
-4.083824166379188,5.239641737610951,0.2285086325756922,1.7185082356106005,3.1371208861584203,1.4742374576826105,-0.7285140349028871,0.7851801141774136,-0.9840124535685256,0.7877054653298643,1
-2.275983248813098,3.7977498747410636,0.7611582382151757,0.509559281583801,2.227613695193552,0.6392549567156796,-0.2633965443374142,1.3614144826713437,-1.457747387593523,0.41325382362444624,1
0.381537531221675,2.101564300256146,-0.9522828009624632,-0.47049702761521683,2.6922202978604055,0.8420115554972735,1.523781851419682,1.6949700118038977,-0.9390704503591696,0.4692331743353878,0
-2.424065998138098,6.003240527182227,0.10919999909240063,-0.9380764898039653,1.6130184242584145,0.8580081097641137,1.9909016977083982,2.8887503366998413,-2.3241631656000634,1.5503497168432023,1
0.7903706758627453,-2.5260167627226293,-1.4824622622353867,3.380608079183213,-2.912788656649404,-1.6507077554561365,-1.10095003508011,-1.9797741512113918,-0.4870357006025926,0.11625984128918423,1
-4.81487153501917,0.5897964409641552,-2.165411391998535,2.912100132830935,-0.9799508255540288,-2.5353050889060422,1.141463465974283,-3.0025263197701237,3.009460001737567,0.23253673948828368,0
2.4453660242548665,-5.734938406890663,-0.7258760073221462,0.7001100674977054,-2.0460903391558976,0.1803278004005331,-4.368293623564127,-1.0549064660762366,2.871693783729244,0.2720309579267478,0
-2.7728299176630626,0.8364678301964874,-2.3001100901000964,3.9701957846920637,-0.9967501361346215,-2.9413294516195716,2.322417491637072,-2.6937571387757187,-0.07706556634667527,0.06916539140131017,0
-1.5464615064800553,2.4832304008663577,1.9254544326387806,-1.992636399239188,1.0049809022106668,1.8372167245545359,2.0537831534060462,-0.8905705236836388,-0.13497169795417618,-0.6218732528229397,1
2.2859024135131385,-4.823651244282388,-1.77934946508914,0.3394437014405853,0.32212819369923773,-3.1386032569087927,-2.1958484598395405,1.3959417967773313,2.4330968824366757,-0.8375761181887438,0
-0.9387913321741563,-2.392300080177021,-0.7837586383392398,0.3004785487959279,-0.16255251770592394,-1.7549740324379028,-2.628168736397771,0.39445314920369556,3.1832781837199904,0.8158412101947515,0
-0.4189248492110238,0.08268015319655253,-1.111059363891398,0.9895274030157098,-0.8243501052543142,-1.1896167811065306,2.2405219343831524,-1.3426355925794007,-0.1754701258492951,-0.917274162792479,1
2.5407560538076357,-1.0611504413344839,-0.7390993972356694,-1.0583025545347415,0.057630727682604244,1.5098964778114325,0.4478212513433345,0.5105526514209149,-0.14955655419351843,0.5171480602273261,0
-3.6194940191089335,2.3251024538068115,-2.5990350898966215,3.9673395101153526,-0.8536905216777998,-1.3851093850239113,2.5320119360330433,-2.875714924459011,-0.023897939788781297,1.8818143052303835,0
-0.844691383951272,-0.6911351662761767,-0.0316502808255672,-0.2893922860976665,-0.12870155338457046,-3.4200092179594503,1.533882435444955,0.130229413713711,0.7236977298128657,-0.9866544525037058,0
-1.6746542343022424,4.340436239268051,0.10888802666675035,-1.0421260256058988,1.235601306535594,0.7808966703670452,2.167527650246684,1.737057892584196,-1.54016748043084,0.9037065630749112,1
-1.7476267701011994,4.879381272608245,0.009933902444053122,-0.6389563002783553,0.9002811289608963,0.7176991618402593,1.4040769278897485,2.558330031183462,-2.2054744864213234,-0.31696371424351616,1
1.0442309025526773,-0.38786997722328553,1.0797021618096085,-2.0153021720763094,-1.1073247930084618,-0.6754732819553115,0.051614861111546895,1.5777751928565098,-0.4948679508853173,-0.670093052610457,0
-0.3890931770540971,6.030334594815145,-2.676392047367136,-1.457323658346991,1.4343091394642418,4.209568759610018,2.5064799767602564,3.4435805058333373,-1.6808102599909538,0.34035995351208315,0
0.6392246761868025,-0.7820882371479018,2.1172440157556607,-2.542836362498971,2.015422329826286,-1.1011198533605322,2.1416529982888868,-0.2198738087130201,0.3529570459535283,1.5740580197544038,1
-1.5641000861540415,3.0880783931012434,0.24907656274113565,0.9197326633342788,1.727715118780889,0.9570852058211525,-1.8146666523650188,2.0373376273101895,-1.389002193269113,-0.4906912322862907,1
3.542686511215434,-1.7540232282317876,-3.0417698663767725,4.251232068763707,-0.8104757041015583,-1.152550954036696,0.8673273208086765,-0.7915929067084093,-3.2859701322716406,0.17972810001205117,0
0.7436847994648736,1.6445731108791668,1.8789717090555782,-0.91450856217536,2.243880619475667,-0.25457371920955896,0.9362636784714159,1.506309055017137,-2.604111807748557,-1.6665654842342217,1
0.4905699883300707,3.041993327859379,0.558274956373884,-1.9298964469917081,1.079562200904899,2.554729144387835,0.40693884845510375,2.4966613150835566,-1.727354207452374,0.483448377399879,0
1.9131769948251787,-1.4526231892921475,-0.1597998384027991,-0.4313152047230066,0.5918232531035212,-0.04281991037163979,-0.029588817804281353,0.4132807448912863,-0.136118425192441,0.08166327615022106,0
0.2401916106694113,1.679454628765518,0.4886759255028419,0.36428751983157015,0.7562950081517645,0.2620271440387958,0.6399044695496849,0.6915098789842212,-2.194286310827353,-0.01892280909183693,0
0.22125379376320442,1.1530739083243282,1.0114333864928293,-1.350867033629877,-0.27007616324105155,1.0433363485162532,0.5737747553838534,0.5710606163414935,-0.9064668139176946,-0.6449719688515674,1
0.8486975159298524,-0.7751708305306179,0.9594461931829597,-1.2797985330114707,0.8145362877498508,-0.6634396318730711,1.5042142185581404,-0.3365446452512686,-0.026807477684990477,-1.0627420566480001,1
1.1299852396739785,-1.00790423409603,-2.75793261287356,2.9024990292453254,1.715066994498705,-1.3684433733896904,1.8476375181373084,-1.2158387515364155,-0.5054069327208006,1.8390102689200971,0
-1.27171712033861,4.776999013360612,-1.2831178713025309,1.179727632345176,1.2059259613076247,1.3466539591864388,1.4711963217914876,1.6635878139069478,-2.7315326319100586,0.365214920182232,0
0.6019453359531085,1.9137997947820118,-1.8109260286386681,1.4618485480167918,1.1586837519125732,0.5913885875723253,2.3056745335222986,0.09820699237549457,-2.04141163177266,0.41789719680347565,0
-1.2580139384472195,-0.07914481343816271,-0.8195363621324434,1.5848940104034208,-0.7998440018055313,0.18974752653949145,-0.5000171656981063,-1.5190946304076045,0.8266126923378857,0.8440736281510937,0
1.5474766790161736,-1.0345983039974722,0.5602757128253353,2.071450866754404,-2.7685588668521093,1.1004407375122378,-1.2070425311174469,-1.8840265113876473,-2.340555265297972,0.43227640272992024,0
0.32365238019043074,-0.373411989620733,3.458372843937851,-2.9029458552486727,0.5096050546643917,1.3098291541981117,1.1888361711083006,-1.5467248391624047,0.13932893004813418,-0.03651920235611472,1
1.6542685021072798,0.6578320604634356,-1.773858006265606,0.9009664209546181,-1.801028053586454,2.813438454006981,0.4403834028559198,-0.40877371176106325,-1.4525246515086063,-1.6392753644104783,1
-0.40532019566719524,-0.19062309670233396,1.4261011506552443,-1.1831011476269269,2.756904392363919,-2.6696840360838836,4.3619793963602245,-1.5530315995356538,0.04727547817201616,-0.24154118367231425,1
0.44185769351301707,2.973593798964183,-0.1620264016045807,0.3723982335193506,0.6127832533836581,2.440103553554301,1.2127886628437283,0.48379887572646185,-2.7460371991822194,-2.554312435958758,0
1.5658914854142778,-1.91513262454038,-2.4716358846678617,5.3105901164081555,-2.2805838992948786,0.6426495427416437,-0.6760061487811684,-3.590999089899138,-1.7721880397626906,0.7008396192306743,1
0.4426260354230602,2.9915378652794806,-0.7239452953716694,-2.997737854969144,-0.019222051069161084,3.8527339588831206,2.279050079158599,1.440349701249374,-0.17902686201781703,-0.6988325940377885,1
0.7514636357309594,-0.8721109067735224,-1.9941303927167393,2.6057727866433242,-1.1589270014058248,0.9633049418274386,0.689016527109594,-2.5281065681838486,-0.34790089556182435,1.4775906948244408,1
-0.18756659496676487,0.33860183124913723,-2.9617005762137807,3.4130589850674125,-1.689792389566636,-0.7531085209233419,2.214978582992779,-2.130724934784457,-1.0888100889240573,-1.8019282063932642,1
0.19956483153970117,0.6444886534525531,-1.4255421398689914,2.11315040741988,0.9728161529680566,0.6025836759298204,3.209823368589956,-2.8177439862695213,-1.108014502376306,-0.07135184651762,1
-0.02526387704809019,2.5015688839394334,-0.9070775811029894,-1.5683419988010419,3.219583569780812,-0.15696754035932892,1.3503236184597387,3.4641962231731904,-0.4206745267940829,-0.3760330585920041,0
0.4422850227826072,-2.731329855921499,-3.269810204484846,4.335969209008775,-0.8276084039105125,-1.2939832086474259,-3.254766620805289,-0.5816939857547716,1.1149681545293353,0.40715653242726213,0
-0.2905214410479062,1.3986222018324332,1.6333984944232807,-0.5940957140532671,0.844811972667027,0.6583675128593014,-1.2369326815115596,1.3359763437958143,-1.2451581917892325,1.2627445214344306,1
-0.10605700933217577,2.0948949610832686,2.6712697546552313,-2.2370978907944807,0.27212518795688945,0.4424777290689482,0.4692883235338965,1.603887607054165,-1.9596580516167914,-0.7715026820617591,1
-1.165725309533896,4.501057846768673,0.1800927381589058,-1.4009441347759417,1.965947890936178,2.783754202981452,3.3766913279506916,0.2533695683514361,-1.4464503998907168,0.3242346634164624,0
0.4345916666298981,-3.1713988445392243,-1.554789478984322,2.32216663027482,-2.3495123229205523,-1.0945105071083796,-1.102939936251271,-2.3559987682558203,1.4340143102151095,0.09762164256904757,0
0.978600759199102,1.2929498066309706,-2.7352398033076026,-1.4875342597773602,3.3968345592812206,0.07602491479453288,2.285813294795657,3.01083427090627,0.7648701206464654,0.21253728771907507,0
-1.5215492516671953,4.176729659729494,1.4612865220927,0.5323557781394362,4.5140117515878595,2.747461121819252,0.756197339515805,-0.11701712977662959,-2.111788073698511,-0.06862754885572961,1
-1.9237825886869144,0.3472998431338971,-1.1364886887466132,2.5468151630311118,-1.127169328708777,-1.649918034569713,0.3590691536190298,-1.537869150514603,0.11758977468886989,1.7525324606564976,0
1.8900223335446347,-1.9259181522223838,-1.687664725061651,3.5896826204993815,-1.9008164106629746,1.0672094450897112,-1.0391644650942857,-2.488022255869196,-1.3103086796856442,1.4323560960946653,1
-1.228774912087436,2.4988930804873744,0.3708685136371481,0.5093547476244699,1.6035105870191302,0.9808324648990537,-0.8470392982990493,1.1649681275972525,-1.059353388165829,-0.5289550557151177,1
-0.7426592472563291,0.3012089729642831,0.8024903473546895,-3.0135954007171364,-2.192889753941154,-0.5097765828872991,1.3492950423832522,0.6871470131202213,1.2463082155323106,-0.26067231167639715,1
-0.9968849049291374,-2.0853805258167806,-3.126414139660939,2.95371174406728,-0.10062628535375984,-3.1571509001497193,0.054226933812298705,-1.1711407661885789,2.208025026570473,-1.525754764488228,0
1.124318694110406,0.24187544569350242,0.8531150762765072,-2.006531871253221,0.7729060743426561,-0.13280000519108204,-0.23008179713692245,2.3960750072239945,-0.5591226554461102,-0.29978675440225033,0
-1.0129235358406001,-2.657068937203947,-1.561637468147324,2.2830068831674666,-0.12623231828783266,-4.598438494032969,-0.6185099491646379,-0.5611497113032688,1.9129842894727593,1.708103574522898,0
-0.16080129221351203,2.063999448099273,1.466274090044113,-0.23911579566924354,1.313168527422348,0.7895435955900904,-0.7717979678914368,1.502662426733929,-2.040703112849608,-0.5102570507805404,1
-0.7273505423511442,5.740268603255904,-1.8292690099270135,0.5215291504976498,1.9884232550740477,2.8199751550730325,3.057328832273749,1.6106913605428161,-3.0501082408629188,-0.7536244215381516,1
0.6166158279054799,1.6045039998548327,-1.278230363280294,-0.9769370754119283,-0.9742359833976418,2.2545344919278145,1.6800662044847892,0.4528834183158206,-0.4975800164178239,-1.163822165969034,1
0.2737350436554682,1.9561890533073238,-2.260484311697369,1.6465418871309907,1.4978005492016504,-0.21433231010382126,2.3788956441496625,0.541364059867051,-1.7476374807900448,0.18752987694049342,0
-0.7347562607996805,3.063660263175821,-0.6184656585287067,1.0524900672945876,0.8767821686520796,0.6937797099663767,0.5156090872267254,1.2510584481599776,-2.139513949475396,0.6433291259198798,0
1.2027134127211416,0.10134094920821629,-2.5655892254555384,1.941598784143265,0.9024695180932392,-0.1127191601891504,2.01829298433159,-0.5452409835952221,-0.9936072417466452,-0.8803042631883761,0
-6.2890546067964195,4.728946249738582,1.6949679425457895,1.672799729148753,-1.988165434013185,-1.020668203734857,1.9365377252141078,-2.8147742708180945,-0.7589998411877747,-0.5016374931259291,0
-0.9025368452639799,-2.8502722651393877,-2.544879705873883,3.908783074124905,-2.768616819445187,-1.4409709115683704,-0.628979743726527,-3.7888555345123347,1.9335461384936132,-0.769657033326596,0
2.5070944185383226,0.2008930454274382,-2.019769379322004,-1.1203878569959134,-0.5035577918833047,2.216978495940662,1.370747599490992,1.185801969166425,-0.4973222317311441,-0.0808600024597107,0
1.4543407981377499,-3.0216331357466455,-0.34111370089622883,1.1052366532266729,-2.164914283647912,-1.2701818624962102,-1.1349747827750423,-1.0756636770694328,0.25282711271189473,1.1792271469998326,0
0.7368499916597562,2.702734329389988,-1.7696849433088944,0.11559995202922965,0.9129046160442521,2.5123487735121,1.876115256592183,0.9236036873236549,-1.655489423896214,2.2741576699345845,0
0.24382029363107538,1.2415095127167948,-1.1285600209280047,-0.7111252910829867,-1.5639817388271815,1.536796994415377,1.326298535614417,0.26814080472278534,-0.29036784898435675,-0.47059360617097895,1
-2.8529378768846407,2.1692205134774194,-1.9344153729520976,3.400499286312633,-0.014079230827451661,-1.7348825116294253,2.1568812401327606,-1.8147967685900506,-0.6351338345882853,-2.4875293449457696,0
-3.2794493360269317,5.6159820012391295,0.12842834334704056,0.5353809421501702,3.128722715706879,2.8122709437042706,1.075529225930202,0.33914591830812846,-1.1398424965462617,0.2653211379690928,1
-1.940443215247124,4.259180056136843,0.5216648581285642,-0.7547617568758395,1.1133995500363254,0.5732567011499912,0.6298777663913131,2.3512180455035154,-1.6008106203687953,0.4168713177501111,1
0.1797934451035499,1.3299033715988857,-3.1016464002755555,2.348663829405215,-2.0364497402748833,2.2744579077131553,1.5141643507867601,-1.6224330060363485,-0.9139720987842924,-0.1404660898108165,1
2.511985779154834,-2.4057984013139806,1.1259557414850119,-1.089396341782414,-0.35314980657164186,0.2740691998845206,-1.2338864922731165,0.31800902241077045,-0.21804585603115756,0.14434376377325983,0
-3.491587353915508,1.7162982961447366,0.6010839291000047,1.0031541546625315,-1.5394421763491448,-0.21360690496584944,-0.8717948325258846,-1.1283749756630015,0.7200938123117313,-0.27061116163781895,0
0.6225240751174345,2.213801400326138,-1.2834501850254432,-0.21885567888898871,0.4249244278675237,1.8952746334896102,0.9366649707167005,1.4513687391185734,-1.3517752674964187,-0.10404859806530942,0
1.1396268202287803,-1.1352747332855726,-1.9969097560753746,3.6892698880631536,-0.7422218391924467,-0.45503479186042295,-0.539819445787829,-1.3657009236470419,-1.3919675972780037,1.3669457747020093,0
3.773321809950229,-2.464516768863866,-0.4035146649828343,-2.928656327098846,-0.20870470278036435,1.9616837916554482,0.1813357051482396,1.0639844916766223,0.9465691267736873,-1.565025409685843,0
2.6568542573503593,-3.684574195464785,-0.30026381814938075,0.3987539377732505,-0.8599470316312967,-3.1281610441901435,-0.9578293643636968,0.8763523714644601,-0.21781074894780472,0.32027701316753027,0
0.6655957521597533,-0.3765363386859339,-0.18439058515098405,2.871858208552642,-2.8193155435399424,0.648130084987852,-1.1283138601575453,-1.8086595469389315,-2.241990781648424,2.188336087679946,0
0.08145657957437158,1.9459198649577096,-1.4697136424778785,-1.8712095081384865,-0.6100138767114508,2.6842338897831453,1.9353935439099086,0.7271100338512944,0.5510657488403208,-0.11937064967005734,1
1.3370926348866505,-2.7862783115657304,1.1446557150938301,-0.9163025447153357,-1.5259339164074917,2.0561792780439765,-5.11541774319361,0.6237533191612428,1.7093903568119024,0.3840694506413505,0
0.7368637002568674,-2.6998264259218265,-0.9609318174229218,2.116766344590183,-1.9796319425866602,-1.189771156719405,-1.7934812085681968,-1.2139777685994837,0.5232792711253287,0.9908146467874417,0
-3.404790410993854,0.9126175454067295,-2.6936964642331453,4.098919905846152,-0.28113606889122755,-0.25850161777178393,-1.1741643710503913,-2.0375049837620836,1.675617036009446,-1.7185281125153105,0
0.013487077256467583,4.441368936673704,-1.361362070618842,0.9792332620244028,-0.6559466043946451,3.491453229175641,1.6478673702727542,0.6155165035391563,-3.347270806245484,-1.4479938514057213,0
-2.1384949079731004,3.681135735091934,-1.1702709305308105,1.6795948880644267,2.6418832778119006,-0.4752777689481251,-0.9871814060894013,2.8400386305823253,-1.2519990305186997,1.0040533148388482,1
-0.6699918291318903,-2.733609371743701,-0.7182103696731025,0.20127224217150047,-1.7286152370646128,-0.6691190917743073,-1.818609666175604,-1.2367702745691875,3.219041533567936,-0.22408777431344842,0
-0.12573241158460002,-4.433083247089694,1.6773639888704346,-1.7191554898565824,-2.9523652868058248,-0.802043526124973,-4.235018755688598,-0.537574253128789,3.9207194987034115,-0.8045303935190893,0
0.5897863335951095,1.7722738067226669,-0.7006069149538523,-0.9452786354236592,4.285583116725659,-0.10408645202806022,2.412264017848397,1.8695644551461288,-0.708912985906953,-0.9672039935523843,0
-1.0083804805296277,3.6233788671697154,2.3634091923637675,-1.4660602342258398,2.471291527449285,3.582697331450898,0.9075770289377769,-0.1927702329288845,-1.5776248677624365,1.2683368819668854,1
1.1734166908216204,1.2653559883520848,-2.3727671097581857,1.4778685530929578,-2.7060706868934266,3.202825441426362,0.04297219061785418,-0.3174497127204169,-1.5754717645666723,0.28833539014417786,1
1.244879117571886,-1.399788739660263,0.2507992286096936,2.8330346577996646,-0.022049123068397014,-1.417348461416422,0.6653499524722366,-2.2756702511969933,-2.231368996227075,-0.45798417455036716,0
-2.068659846247294,1.995579748532997,-0.0031656252571998778,0.7177903652824644,-0.4862030859030272,1.391319822161448,0.9231619632540007,-1.711609751630856,0.027179407315215953,-1.3660300047745597,0
-1.8678346840935354,3.816273268546228,-0.17498833322284368,0.438413758837767,2.932882649439981,1.5209284130453944,0.2574992981733478,1.2713980307957409,-0.9738832678916914,1.3568803641647669,1
1.8857399416563552,-0.6815377316757909,-0.051568528651836365,-0.5200000161292566,1.1043636145599618,0.9504412344111444,0.4388751233217332,0.1717521314835314,-0.5258402485584637,-0.30194060298013103,0
-4.374475451098554,0.4479191114813959,1.5712618792270634,-0.8748096559993916,-2.1796433508931417,-0.6278843181707336,-0.33471571468814276,-2.2833309351886166,3.171548843610821,1.4739098495014855,0
1.8945785220241582,-1.343388015041062,-2.3818975230795,4.279076926130414,-0.04044212329592911,-1.791105832615324,-1.0803902607791689,0.114305315168588,-2.3070941809487255,0.8225089041801416,0
-1.7225764914059476,6.882994396987311,-0.7223601687676904,0.8698868056665771,1.2190868872894307,2.7114914843794744,2.338160525122279,1.752381436333799,-4.104353016828166,-0.44932442932534905,0
-0.8282529325704999,4.540305241441135,-0.5746063007709179,1.9085631634777553,0.14240139485446646,2.4355877187834176,1.3255261567026615,0.0868567856147271,-3.716902571441831,-1.1731584391230325,0
-0.16035756637288046,2.240821584817742,-0.5810323217412042,1.5941549100209311,3.0832287304426713,0.36891530003835094,2.1059033605865594,-0.34259359288818225,-2.0707862132209467,-0.4769754132781137,0
-2.3407512478228867,0.6068147413066772,-1.9275470234002037,2.490188329683459,-0.11397811448057238,0.3699509413324378,-0.43751236839141416,-1.7881604078362097,1.5553330601077413,1.52914132866652,0
0.19456930041314502,-0.2186494418676763,0.8206823236750168,-1.5266685294808886,0.8864295729543329,0.47675793969320146,1.4965085141513228,-0.7557661835811091,0.6633620410655925,-0.467622475584924,1
-0.6719028986740017,1.9812377699422972,0.6006614638398335,0.9183464011587429,0.9435511791022042,-0.893598093817308,-2.992042984822862,3.4739851945629314,-2.0257547104057894,1.8959711820433671,1
0.7091293937546457,0.6548426319696933,-1.21056914183186,0.10329992669542977,0.07259278469176234,-1.3469025672591304,-0.19744812057497985,2.7613349652722556,-1.0482174838936047,0.34957789762301905,1
-1.3550679087862252,1.1978522516272574,0.6286117707624124,-2.504172768050613,-0.6988082818737362,1.1052858787455286,2.416755232703314,-0.9122001462759397,1.452082529182635,-1.5134066100728774,1
-1.235470663283541,-0.8609804635934226,-0.9606265290260415,0.6787161162054258,-0.4523203621809361,-0.9136549649312267,-0.7796196734562681,-0.5191937465559441,1.9712511045255159,1.6866597020130896,0
-0.23259669857329324,4.152075708354174,-1.279499066702064,-1.8657651462512752,2.115994326908793,2.360276052869173,1.2327922694389553,3.600574868871234,-0.9139022326394629,-0.07212071986982331,0
-0.40333261539859944,4.2629563007180025,0.8895780083007983,0.24562126541072157,1.36147349199909,3.016732214676809,0.9550886672631369,0.5866641354907297,-3.3456478407606944,0.2127888424051868,0
1.2048811054105273,-2.239554106654379,-1.0898336991182143,1.361652691935833,-0.40526658906660784,0.00938402863258525,-2.9690089212957282,0.42175977027139977,0.7928236227693216,-0.1894802724639967,0
2.17009071526639,-3.3943323836748664,-0.05606778565617254,3.6021697851863115,-1.6208091698863059,-0.4602721715280176,-1.7257296029042695,-2.98894222920453,-1.4748369775450116,0.19629583388105232,1
1.4637171726653349,2.8956137235453907,-3.410017054008789,-0.965985183163047,0.3591917418488597,4.227485776941792,2.2533702361648027,1.7468439058043268,-0.6386076776172482,-0.8069195259859332,0
0.2397046135854487,-0.8166055058895483,-0.3907013997398734,2.7245909365223886,0.908787810495171,-2.0939454777564137,-0.12765057520043355,-0.8199425895688233,-1.2792863237662004,0.6707582227807459,0
1.9111290507505632,0.12536862295941498,-0.24827217839807514,-0.32744351590054604,-0.1679430947352909,2.1810199023736785,0.6606024784705209,-0.2050055761500258,-1.2408691698344725,-0.9809866594815511,0
-0.8385105333503502,5.065640708469685,-2.43962735194126,-0.04180412991830893,0.46122639884364935,3.2270101951258505,1.0748023339069104,2.688008182050058,-1.6510178451101751,-0.39175831622255003,0
-1.8077067856343545,7.704276970818407,-1.6721905798728365,0.5090518051279738,-0.4006390575175014,3.6322069041659004,1.8267055726789945,2.8509605046995037,-4.046964253230636,-0.7337520140729302,0
-4.797171363203659,7.994753010114974,-0.08671667076273981,1.9807139773699876,3.346036988191839,0.6430975522840316,-0.811707316845427,3.6086666139311987,-3.038630821783847,0.21982283792334065,1
0.8871372158222925,-0.04463480176793468,-1.3792014301020545,1.8301673156161657,-1.6697400950863677,0.5168990659394544,0.6896308504430078,-1.1204052449436148,-1.378996454562377,1.3505959117420931,1
-2.1679359141289236,4.873100163114254,2.2263737529443697,-0.8891189157601725,3.458064413701679,3.042493144660802,1.8553704973842424,-0.3786424566508009,-1.8612503058581682,0.2967535881939947,1
-2.903929815454693,5.47233987863935,-1.194666276242176,0.5667530280086556,2.361458773216457,1.6965413326588654,1.1074197231669367,1.7831596532626368,-1.0690524018615846,1.2161742459736764,1
-0.947894181597796,2.662155269364946,1.2607153752315496,-1.6070141769945059,1.0754295293847806,1.433421451201586,1.4307401573367589,0.5163675752974315,-0.8330502248100045,0.8193068769137773,1
-0.2938424640251396,3.553141993815056,-1.3123879459542476,-0.5609150207428699,0.5685929508678512,1.0671386549798088,1.0887855315416097,2.861876371689574,-1.6628371072712018,-1.4085203988515975,0
-5.441485424048833,3.367147567477577,-0.6360617066014147,1.9998644958764877,-1.0017579351326982,-2.5230533511538114,3.104189273251464,-2.352214553440322,0.5534702355732171,-0.155106211049331,0
3.4739626106961867,-3.7477064873192067,-1.5393370546424507,0.5156085355248878,-0.9978001196730375,0.3678933302442693,-0.032133214875664784,-1.178337563706569,0.5037858034145792,-1.7083657142712054,0
-0.7199910353932204,-1.5560064741757005,-0.9048149711715175,2.6077871564502044,-1.2512299650262628,-3.4352300790024737,1.700590598508564,-2.548728785439496,-0.04159534242753904,1.360619080436251,1
0.7463930024213488,0.6322201375315875,-1.0352006455430816,0.04870768127497125,1.3588880128031502,-0.5645366192698376,0.8396246573079372,1.5186604366957168,-0.7513197456530556,1.5027705452482825,0
1.6611335064416903,-0.8111683467604381,-0.6804831667310585,0.6423450921727989,-0.38823099769517877,0.16123974288654763,0.26553240777613063,-0.12247299787212773,-0.9748876199716314,-0.9662359594434721,0
1.4903266001883264,1.0151988921981576,0.45442727666816873,-2.9962973945328426,0.06921870241347094,1.6684072938807208,-0.28605790078123694,3.0802959445074896,-0.48966861356725955,0.5469403774728809,0
3.145420686804411,-2.784274150344025,0.12810226411645798,2.4557672784900815,-1.7215477357522686,0.7017636593226271,-1.8911617999504413,-1.649153696241463,-2.1812118991790124,0.37381166589871256,1
-1.331214417859984,2.921004225609265,-0.1642637847746855,0.7429784646233007,2.649804689986947,1.12825118679888,-0.2196500092166298,1.1397962536131374,-0.9928218390143076,1.8620292008811063,1
0.9812935386249456,-1.3298075423744429,-0.8713390845415602,3.338117096341349,-0.36665356824017037,-0.8748027470595474,1.5993328457956766,-3.2983517798538355,-1.6422682100396353,-0.12554137084537056,1
-2.719402443063908,1.0977636500316115,-1.9467516175141504,2.1492206652199175,0.3660398406819585,-1.569988727189512,0.8449790531924279,-0.9095548160552676,1.2016502856802087,0.7532196967314011,0
-1.8543845528467329,4.730536552102905,-0.2483851164359725,0.07983635315926253,2.877296350312354,0.7613039534339016,2.085981468193457,1.5947829960319728,-1.9084975005187044,0.38430353537625533,1
-1.4534963486900843,5.82376477244427,0.6266508816379394,-0.3297983028563793,2.447392177746239,1.744582836975725,1.5129064695517334,2.506500710063283,-3.421291370372897,0.4534050943097079,1
0.5198139782958195,-0.1361012652116413,0.37807319681946616,-0.908951149410071,1.5391102219100752,-0.44455698137113053,-1.1841296712919744,2.0669214075669746,0.14331003589906643,-0.12265394662354079,0
1.230700452680195,1.8218184753670261,0.4761150397357019,-2.0632639844349963,0.7355322930057856,2.9911803533149106,0.1701203062040979,1.8027605301669314,-1.128783748395204,-0.39631616112117907,0
2.5873062971622844,-4.378485065656892,-1.3977294822346913,7.14297052195685,-2.161137959166162,-1.177496455603459,-1.9218876677568404,-4.997812637848882,-2.608466998206511,0.4636885175089493,1
-2.171739947423974,3.164441173997028,0.09099691535076726,-0.0450914162903066,1.4182186499676739,1.3773360951846692,-0.343947468008579,1.0467793772320284,-0.17418234892206563,0.3140635067691283,1
2.811815316051597,-6.224245923877301,-1.354559813473264,1.217395943669507,-2.284962717865673,-1.2599041402327953,-3.2135490426917106,-1.2564459663635241,2.5310605891037143,-1.8338729074512536,0
0.5992042217430402,0.34539847117719974,7.286782054194418e-05,-1.6052697341671058,-0.9989670000734057,-1.0245011972255194,0.7904572075707285,1.9318638820358593,-0.46525236213087817,-0.07064554385056679,1
-0.012963582133406315,0.6337361583667892,3.7895310379744465,-4.3886691618215155,-0.5320498500503812,2.779862107930292,2.1048293239665377,-1.6811571606482407,0.38765265869141574,-1.6960389549168307,1
0.4144666647885108,2.404073583895061,-0.6778454521017625,-0.5172594771918184,0.2617199450441804,2.2332080992509704,0.33835500138254215,1.608332199633091,-1.4006616649876855,-0.10053816386107373,0
-1.3575976678071173,3.7199351369464746,0.5363409450226676,-0.2788435369609504,1.1591423407325763,-0.042434696898600244,0.4297198527099799,2.4452463522395655,-2.1298403380021553,0.6150290185278948,1
0.875043800862877,0.8688451648823814,1.4162566225538389,-4.351601446580693,-0.15211580434309502,0.4494408649590508,1.4830837644349386,2.4761130462716308,0.09469451841637277,0.6228779623619801,1
2.409495253602209,-1.7070811499512903,0.7737472708052782,-0.011828910539822058,-1.3109489785590949,0.03274209311597498,-0.7422516735383347,0.007647760998837239,-1.491578732437441,0.050488707896214874,1
2.497529239660113,-0.48173516922162896,-1.8771678313692308,-2.092162221127382,1.6719138526593655,2.0214533650897493,0.970666819744194,1.8196786747883624,1.0327627042969079,-0.11257560670634932,0
0.8786123443624759,-1.5381333178207504,-2.826058946427091,4.62134084606048,-2.513106490364046,-0.4558841476070854,0.05803953465003642,-2.8344281226698103,-1.165423046833435,0.3300769357407501,1
1.0928524014751737,3.3890772212605307,-0.5198714832239115,-0.506702485689217,-1.8511735554386899,3.1890359706349836,1.7119936643940445,1.0271957005562693,-3.34212860004335,1.253255013037964,0
0.18940139400862632,1.0338593959017646,-2.638664844517464,2.34822256556383,-1.722900020778357,1.5279377705637032,1.6349714976846785,-1.6946176676899976,-1.0588332576567532,-2.252782917717444,1
-0.8014559666803358,-1.1103273717993065,-0.9536034085410049,2.5036442256005143,-1.3837025705434463,-3.252079943724997,0.4389571203550706,-1.242699682099648,-0.20211324558858124,-0.025053169089648615,0
-1.8039057396625904,5.451285410992507,0.6828837147070708,-0.662451738996983,2.9168335430274164,2.6030282255147927,2.274264920481667,0.9974705921190349,-2.260683106869873,0.9234618471153212,1
-0.6413079624795958,4.218995571874376,0.16362217622881403,-0.43391721375433917,2.8964252287034125,1.9971822634613865,2.3306939278614554,1.065096796936825,-2.2849717135081438,0.2861713070224729,1
3.5708380459672933,-6.974892947536056,3.525502608372033,-1.4754566739977304,-0.3591821333779508,-2.6621246948916837,-3.852723935868294,-0.36936112575376523,1.251525032827963,-0.07756983950251051,0
-0.07275111622777164,3.960776847561098,-3.739470031246287,1.249809781883632,1.1236194694199357,2.286376646808579,2.6602591138260525,1.358549136317448,-1.6220611545807224,-1.4967842017398756,0
-3.1967429148212845,3.3359700956270504,-1.3249660293831946,2.7382442431446283,0.3045225485268426,-0.0733384200654198,1.334630749756423,-1.2160683969290362,-0.812020551314466,-1.4374854603681713,0
1.7542919405010085,-3.2436255999984924,-0.17703154339113636,3.8385188930412557,-0.5715450324512528,-0.9800330251505225,-0.5870152751729079,-3.6459346916352553,-1.2707048711757398,0.5878512977866069,1
1.1043720229703782,-2.9552611600465313,1.7153447666775832,0.9084116492753391,0.36796121455210407,-1.8507406393297332,-0.014188310926560588,-2.374717580799669,-0.2919142121129492,-1.2805333800055159,1
-0.783346277829849,-1.4291411872128594,-4.709766592430416,5.296497694719011,-0.027896882334692008,-4.125639642175961,2.202907729750828,-2.262268388673116,0.5054225127397822,1.8924543587977658,0
-1.4265440282120776,5.59069063990376,-0.6494971837264956,-0.5779019214601917,0.14669170374296658,-0.25454205109961814,1.6388717148961873,4.180781609627141,-3.2744753954844645,0.5208030793488478,1
-3.9744220046229013,5.493156648735214,1.4868815370929604,-0.09571433847408099,2.58880163805928,2.2292899749278785,0.2860855755418229,0.4469946632021876,-0.9244360574123868,-0.424045984502855,1
0.7509778398774392,1.882641336100064,-0.2762256486278587,-2.4053175445698822,-0.43569858229350267,2.2029274398246157,2.0755757214981356,1.140473431789931,-0.558785631611231,0.37904416267997465,1
0.05352181169609982,2.988555602013436,0.0013130305595655534,1.3837801399393928,2.6573796506262446,-0.48075262898249904,-0.7130776499100666,3.0779359303429246,-3.3763179305006177,0.8754182769274413,1
0.9964447830793353,0.031099696906205804,-2.347144766899429,5.391563195102048,-1.101941704148396,-1.2771388885328743,-0.145508648771003,-1.1771200003008122,-3.494321631205233,0.9315454453176405,0
-0.7248622272059392,1.2592878389853925,-1.4195181209690408,2.9159516818845854,-0.1671296888572601,0.3318074718029844,0.17079871805208047,-1.0615517344447227,-1.3501360105664948,0.30411938626159435,0
0.844922611351606,-0.3363556675668011,-2.1115613364814982,3.4694205004048837,-1.6569172624152755,0.6882520498406268,0.8398079871438513,-2.496111644789738,-1.5843983734806937,-0.642944351471071,1
-1.7014259811211696,-0.38272089528669173,-2.581501548667558,3.3325092662664977,-0.7025191718252712,-0.9462340826553107,-0.6017656928890323,-1.6311311112188465,1.2673417498367503,0.6736915570587613,0
-0.8869885548520873,3.37482949817983,-1.774981342538707,-1.9424606206943098,-1.4767027691019705,1.561164782733215,3.3585649914585187,1.2602676002536217,-0.11965618584138538,-0.0017889913546597384,1
-4.263763821071514,0.7703151260199391,-3.1769874384179113,3.663842352927844,0.24421294803961957,-1.1188298504410434,-1.0640585933131481,-1.6359395900239924,3.109532803377601,-1.8758272998617709,0
-2.064225689891181,2.7488539511861934,3.6880977083990536,-1.3289600542690296,1.4214480480892262,1.6307897891440732,-1.2071201060269128,0.2786471076770396,-1.100669042356559,-1.2645558994951274,1
-2.553747250365541,0.14234730915785782,-1.4124981194220723,2.0539763685598804,-1.310379887385074,1.0117254862903948,-1.2241467362979714,-2.2952236523715017,2.181076279978441,0.773358628215813,0
1.423539603112639,-0.1485955935191465,-0.3576939960741129,0.7913164369321531,0.014317571749489555,-0.48532239046270176,0.9362038391554184,0.054618982682179795,-1.7773914381078981,0.35345105348083666,0
-1.8556915223445873,5.096503462170384,-1.0444624319541336,0.7527474978360383,2.454320247912223,0.31426967013901974,0.9286074482352061,3.0142611842898983,-2.3347854386113203,-0.04317410513372813,1
-0.6744249811729175,-1.7335796614127355,1.884598353580743,-2.1202810544990474,-1.3970568261736116,-1.619222364615767,-1.312384671238655,0.3969557923657543,1.9350864534009795,0.7793436176629971,0
-0.8162135918692119,2.396341171655925,-3.452008424145733,2.6363157304123126,3.8689079768628436,-1.449722135644286,2.953971026223235,0.7587759341943876,-0.8779376452008376,-0.14677134156747618,0
-3.9585541521625527,1.7241461019477522,-0.4109491515602569,1.7799106318339997,-0.49114702319375414,-2.2648051279779953,0.7730581752895871,-1.2344987667880363,0.8756224390905232,-2.042176715816338,0
0.3133390710879822,-4.198821969111529,0.04505096090354854,0.4012058619847638,-1.9598040484973178,-3.1602513433238224,-2.4341288167226347,-0.3843672514682501,2.368060061014167,0.9920361311547196,0
1.0919174507609735,-1.0181370332666198,-1.9486783131822931,3.918777635472068,-1.4704372568754014,1.1805536428696648,-2.2167482819074262,-1.3926342952237283,-1.233282103112031,0.0034052528541305607,0
0.4773508686441581,1.666021925860384,-1.0043673688015942,-1.7922411983452695,2.200350444548494,0.8285560190350368,0.43264782686973924,3.132009008436505,0.1789132727604228,-1.0311156709144154,0
0.7785395215913011,-2.4136431570524075,-0.9882585602810929,1.5971651906057323,-0.8870527109210934,-1.3163089688784575,-2.15372835840411,-0.03346492784739841,0.718845735630393,-0.293547329654742,0
1.029568345450231,0.5630840656938466,3.72781959892471,-2.3082875702233188,0.6909284346681019,1.4585875896492546,-0.21796937067194833,0.2649986886387773,-1.863431880661866,0.17154501917970696,1
-0.7225963879410968,0.6372144699236943,-1.6085507753698884,-0.007703544687404419,-0.7845326053708148,-0.3828295449357719,2.085953825199974,-0.4439435103584476,0.7342640670979101,-0.5690984594582081,1
-1.4037695101279821,3.4006692098213036,-2.681194785843865,0.29842285794832446,-0.08485979987399284,1.7054628263274487,4.355758861230374,-0.9731545870154105,-0.20675936541517148,1.453316351429173,1
1.823856291890106,-0.387739725393348,1.1034495694757043,-1.8081896280261782,0.04108912942816079,1.4398793594534682,0.35230178845413807,0.3895965930391667,-0.6923482398921186,-1.3003961613240902,1
-2.5107973893731383,1.3672955163623537,-2.063342995725508,4.235706113033084,-0.4838838115016806,-2.4950568491997007,1.2768835667983196,-1.7688706480967715,-0.8930132519331582,1.0012799259210217,0
2.4123752390159545,-2.117863315253093,-0.14354216150044286,2.8866908877875956,-1.5685279951593767,-0.40708584204927667,-0.24633642252340615,-2.1617146389474793,-2.51549141835645,0.21302672961915173,1
3.1723226044570145,-3.193778026152783,-1.994493615735988,5.8080210361449724,-3.1359049517452613,2.218105114739968,-3.2326371018847055,-3.5636566303873503,-2.395376005121638,0.18128351380632904,1
0.5334527822659567,-5.343920069963813,-1.0546094533632637,0.7395465735321956,-1.409855432364831,-4.234589111289809,-2.4727866741137596,-0.20781813679864714,3.491930763555949,0.16345747599170118,0
-1.3141750688176626,4.724759246800304,-0.7736323459469996,0.3930521363157387,2.1418986377171594,2.254697375339836,1.5356591543831488,1.3253360705979542,-2.052948796733485,-0.021348839170117925,1
0.5912597275679375,0.09807005813860663,-1.2572107313460135,1.0051425115287322,-1.3857028701304621,0.7098670834807381,1.076019045630277,-1.0361066024761665,-0.6971446733631247,0.39613099086321973,1
-2.3016860648901147,7.460139792576879,-2.051261399828115,0.798424427165909,2.7954234033967937,2.81967725614124,2.3588541421184392,2.733642397443173,-2.926445034875588,0.5553211819912419,0
-2.123507417768783,0.7962526650133246,-0.43658304517169544,0.45270006230022014,0.04209995303483982,2.0169429139205937,-2.2134307576237258,-0.4778191524435783,2.0712039505341826,0.22410163967706342,0
-1.5121246887136688,2.908406313798748,1.1263049596792742,-0.5099144243715457,2.8383214721886905,1.8445329272567,0.7674909509471025,0.03318398181969173,-0.6151730666061903,-2.1081283924751864,1
1.8612895400755693,-0.6523297418078479,0.9808646988638139,-0.39662810822424444,-0.42975308710706384,1.3945885627854622,-0.3480364766989106,-0.30559099543181456,-1.3245213814015577,0.27575677790937236,0
1.9058833540318543,-1.1197682019108552,1.0202640523925561,-0.7327809819175108,1.4376509955120265,0.9002634468349213,-0.2791285975438065,-0.025855336774533333,-0.5415082124753823,0.6002400189930518,0
2.1705448064546964,0.8316649460156083,-0.14625851051456018,-1.4175558195396314,-0.9588895193484104,3.4216325604724864,0.20362679425253716,0.8349990884289102,-1.3721960746396098,0.5685858503885192,1
0.5415952506711131,0.5780022294440951,-2.0238437254381183,2.7795098993156206,-0.8890067898019138,1.7234774092995893,1.455664270228112,-2.4474542181997876,-1.398865449077682,-0.030380496026712164,1
-0.6092275375638143,-1.0426283848139446,-0.03373417555218006,1.8954391661243855,-2.2723292571883,-0.8894793654440074,-0.9392766374959305,-1.7289679146895294,-0.09713897194601517,-0.6737559208767593,0
2.038303358984687,-0.5436936982015721,-1.721546139292418,4.0025218834667555,-1.76639518436656,1.4646738350103314,0.34762999138019013,-2.640965501323885,-2.9623544177432253,-0.4262423873982737,1
-0.7071997532118348,-3.292889684970882,1.099382349194451,1.9744577443994151,1.4054828609140646,-5.444548910292351,2.2691856031708824,-3.5968167730571095,0.7351161671139206,0.9650251476741708,1
-0.11392083823425059,-1.2859821145822616,0.2588240758900977,-0.29174254716839143,-1.011663628168412,-1.3766267686359446,-0.8657239563351631,0.24619449370761126,0.8757522842057203,-2.188961268240819,0
-0.663304502291501,5.849646094932836,-2.2766568077231844,1.9080948793506487,-0.8431031403160423,3.4251025308839855,2.6022131539058533,0.6117024625467229,-4.125797001676684,0.3259414380620829,0
-1.6017931416098774,2.0255243621360495,0.47925641011079656,-0.8197060900461466,1.8710052681794984,2.487560489387114,1.0790482243233255,-1.1023579828912635,0.8719323355601316,2.0478630581977937,1
1.3883684989933944,1.3588684040322758,1.1956065639348314,-3.4923995573989512,-0.21584824524062074,1.9083575030087252,3.0913624838043052,0.55429886320291,-1.0086460985861632,0.8190226182798658,1
-2.557292019373711,-0.9256025915389744,-2.2171045107049405,4.316728201583188,-1.535359966866249,-2.9439971099579036,-0.750919618493892,-2.2721984881737773,1.1912455397502097,-1.3736630923894577,0
3.304612115364479,-2.080047049126134,-3.043890391927965,-3.469835233070134,4.02748993507232,0.16661266033558408,2.0094315998468124,3.158404994618921,3.1274869722839256,0.18604108152624643,0
2.9444631221096604,-4.361818741759709,-1.3412013211240126,6.44931240474519,-2.2664763310857814,-0.17762615243202995,-2.4440875897103447,-4.5485234410435025,-2.332366916263647,2.929809915060325,1
