event_id,user_id,amount,channel
1,3407,116.58,web
2,716,65.54,web
3,106,286.57,app
4,2560,21.22,web
5,1462,186.96,app
6,1869,116.64,web
7,320,19.12,web
8,1482,15.57,app
9,2574,91.57,web
10,1420,91.14,web
11,3324,97.91,app
12,3162,124.72,pos
13,2818,297.99,web
14,3620,94.37,app
15,2885,87.37,app
16,710,91.7,web
17,3433,49.32,web
18,2611,110.53,web
19,394,38.16,web
20,1193,95.63,app
21,663,47.41,app
22,3867,3.98,pos
23,2912,105.83,pos
24,3679,84.11,app
25,1130,31.51,web
26,2543,85.55,web
27,2417,32.53,pos
28,3011,132.1,web
29,472,90.81,web
30,2061,64.53,web
31,2578,38.18,app
32,3303,153.04,web
33,2624,22.9,app
34,1794,74.96,pos
35,1841,181.01,pos
36,1355,35.59,web
37,629,159.82,web
38,1112,43.49,web
39,585,18.81,app
40,906,39.83,web
41,3415,118.83,app
42,2103,264.46,web
43,367,145.7,app
44,1724,70.59,pos
45,1083,40.36,web
46,2653,183.91,web
47,3321,173.26,app
48,52,62.32,app
49,1863,196.99,web
50,1791,50.63,app
51,3962,75.1,web
52,1461,54.32,app
53,661,45.6,web
54,782,41.85,web
55,1910,47.69,app
56,2379,17.16,app
57,1306,117.51,web
58,1741,86.94,app
59,2653,179.63,app
60,1200,134.41,web
61,3858,95.35,pos
62,838,108.37,web
63,3741,129.94,app
64,3498,116.64,app
65,3827,165.13,web
66,3190,44.85,app
67,2115,82.64,pos
68,2427,88.01,app
69,827,50.62,web
70,1381,60.25,pos
71,1853,59.03,web
72,3787,37.26,app
73,3179,105.1,web
74,2253,72.09,app
75,2380,123.55,web
76,1731,164.27,app
77,1678,75.39,pos
78,3601,163.07,web
79,17,54.95,web
80,1278,22.83,web
81,1634,79.54,web
82,2784,47.1,pos
83,1648,128.43,web
84,1255,40.56,app
85,314,69.21,web
86,1046,48.16,web
87,423,46.13,web
88,2803,59.27,pos
89,1711,145.69,app
90,912,84.77,web
91,2160,39.27,app
92,1972,177.88,web
93,1891,48.96,app
94,2320,79.7,web
95,2506,81.17,web
96,756,44.8,app
97,620,8.02,web
98,2925,112.1,web
99,3890,23.33,pos
100,2194,287.92,web
101,1803,168.98,app
102,2486,264.05,app
103,139,33.33,app
104,1489,199.03,pos
105,1435,98.2,web
106,1681,42.85,web
107,2976,66.08,web
108,1979,24.64,app
109,3423,34.84,web
110,1880,76.72,app
111,136,192.96,pos
112,2702,157.24,web
113,3192,101.94,web
114,2309,236.7,web
115,3750,66.51,pos
116,1665,66.93,app
117,3188,44.04,web
118,8,106.93,web
119,156,150.01,web
120,3176,10.37,app
121,3493,16.67,web
122,2078,127.63,app
123,3011,67.22,web
124,1306,15.45,web
125,2908,181.32,app
126,2000,93.12,web
127,1215,90.51,pos
128,374,141.09,web
129,699,76.4,web
130,3618,69.45,app
131,1775,102.56,app
132,3958,57.31,app
133,1412,78.79,web
134,235,38.0,web
135,1025,105.65,app
136,1433,149.75,app
137,2804,119.13,web
138,2920,66.92,web
139,2948,64.81,web
140,1257,113.18,web
141,1520,77.63,pos
142,2268,80.27,app
143,2425,110.26,web
144,1666,104.07,pos
145,761,58.62,web
146,3097,213.12,web
147,2083,22.61,web
148,3833,53.9,app
149,3784,128.37,pos
150,3553,76.35,web
151,3843,64.11,app
152,2484,248.62,app
153,1193,22.14,web
154,641,50.44,web
155,421,39.07,web
156,3788,105.77,web
157,1082,96.06,app
158,95,84.05,web
159,151,88.8,web
160,1191,46.71,pos
161,3917,133.83,app
162,1127,107.77,web
163,409,154.86,web
164,2687,45.18,web
165,239,84.92,web
166,1949,31.23,web
167,345,130.73,web
168,372,41.66,web
169,1441,67.6,app
170,52,18.11,web
171,3402,222.09,app
172,2417,18.67,web
173,3733,30.11,app
174,1966,93.94,web
175,2224,193.25,web
176,2405,149.02,web
177,1864,42.02,web
178,2256,56.76,app
179,2290,123.69,web
180,3561,14.43,pos
181,1214,192.69,pos
182,3673,89.68,app
183,690,106.62,app
184,753,238.61,web
185,1020,83.15,pos
186,3768,70.17,pos
187,979,3.46,web
188,3151,134.26,app
189,2332,50.15,web
190,2556,12.4,web
191,311,81.25,app
192,2638,110.69,web
193,278,363.09,web
194,2184,24.7,app
195,3148,206.99,web
196,3669,51.75,app
197,3958,186.98,web
198,933,131.54,pos
199,3070,20.13,web
200,2397,68.24,app
201,2934,101.08,web
202,3257,35.15,app
203,1897,208.28,app
204,539,51.2,app
205,3155,72.17,web
206,2462,30.45,app
207,535,88.97,web
208,1611,54.86,web
209,581,68.22,app
210,3064,111.99,app
211,1339,139.8,web
212,271,105.84,web
213,1138,77.32,app
214,2427,70.9,app
215,2365,28.39,web
216,3428,81.18,web
217,1444,49.27,app
218,2513,50.08,pos
219,3779,144.5,pos
220,1286,254.78,web
221,122,39.42,web
222,2623,24.11,pos
223,2402,65.31,app
224,1353,89.08,web
225,2251,71.88,pos
226,2674,219.99,app
227,3273,60.98,app
228,514,32.76,pos
229,1885,12.42,app
230,1120,63.69,web
231,1336,100.8,web
232,131,23.73,web
233,1688,109.13,web
234,336,75.37,app
235,3705,28.48,app
236,2219,45.86,web
237,1685,88.07,app
238,927,77.58,app
239,3756,63.3,web
240,2064,56.27,app
241,3943,139.07,app
242,2638,93.73,web
243,3973,88.77,app
244,3524,73.36,app
245,2969,40.84,web
246,1420,36.48,web
247,3110,90.89,app
248,1275,64.64,web
249,3437,207.88,app
250,1255,311.69,web
251,310,36.55,web
252,472,139.62,web
253,1817,321.68,app
254,2653,141.63,pos
255,1158,36.38,app
256,3278,121.56,app
257,1023,219.13,app
258,1892,157.13,app
259,1344,114.45,web
260,2233,33.56,pos
261,756,51.93,pos
262,3833,34.05,web
263,3702,61.02,app
264,2795,149.49,web
265,2123,47.2,web
266,2980,116.86,web
267,1875,149.12,web
268,3558,23.98,pos
269,266,117.76,web
270,863,103.6,app
271,1826,35.82,web
272,2601,103.74,web
273,2828,173.39,web
274,2869,26.12,web
275,3761,7.4,web
276,3369,14.7,app
277,3662,371.64,web
278,1375,12.89,web
279,2782,66.22,web
280,2755,173.79,web
281,2419,72.07,web
282,2417,68.24,web
283,2100,69.04,app
284,1638,66.53,pos
285,548,50.61,pos
286,407,49.83,pos
287,11,52.07,app
288,1412,117.81,app
289,1489,138.26,web
290,3853,80.42,pos
291,970,25.81,web
292,866,69.49,app
293,178,189.54,web
294,455,42.31,app
295,2630,114.4,pos
296,1471,109.12,app
297,2477,51.57,pos
298,404,12.91,pos
299,3051,30.06,web
300,1069,81.37,app
301,237,112.68,web
302,3657,59.93,web
303,1438,62.11,web
304,1275,56.7,app
305,192,16.48,app
306,2343,19.52,app
307,1117,51.34,web
308,955,34.55,web
309,2704,25.56,app
310,2672,17.23,web
311,585,105.42,app
312,511,20.01,web
313,969,77.17,app
314,3159,142.82,web
315,1066,84.65,app
316,1692,206.0,web
317,514,266.53,pos
318,735,43.6,app
319,2666,102.1,app
320,3033,120.97,pos
321,3463,66.93,app
322,2217,59.95,app
323,1109,213.33,app
324,1753,111.68,web
325,625,52.62,app
326,963,135.49,web
327,1925,90.49,web
328,3125,131.01,web
329,1036,44.14,web
330,1461,71.72,app
331,151,9.36,web
332,173,51.24,web
333,2185,293.47,pos
334,3861,151.69,web
335,2301,38.07,web
336,122,88.33,pos
337,2295,335.44,pos
338,482,32.29,app
339,2768,35.49,web
340,1863,5.61,app
341,1454,64.69,web
342,832,151.25,web
343,704,74.86,app
344,1341,35.62,web
345,1800,55.54,web
346,2270,61.09,app
347,2756,174.5,app
348,3831,144.41,web
349,130,71.3,app
350,3745,222.05,app
351,2245,135.18,app
352,296,21.33,web
353,3467,41.95,web
354,3413,35.6,pos
355,1153,203.85,web
356,672,126.18,web
357,1203,58.0,web
358,3245,28.56,app
359,3674,61.76,web
360,1186,34.76,app
361,1901,187.12,app
362,2871,160.71,app
363,721,28.48,app
364,2875,84.14,web
365,901,185.84,pos
366,3402,22.26,pos
367,534,49.62,web
368,3918,77.24,web
369,2883,55.14,web
370,1102,14.69,app
371,3226,79.71,web
372,2513,143.49,web
373,1904,141.82,app
374,2957,195.18,web
375,2757,121.73,app
376,319,81.96,web
377,919,70.35,app
378,2652,120.13,web
379,1622,43.82,app
380,1286,15.07,app
381,2181,17.34,app
382,646,86.27,app
383,3929,107.51,web
384,2198,51.75,web
385,28,74.26,pos
386,1848,41.41,app
387,2976,18.57,web
388,2308,96.14,web
389,2038,130.5,app
390,2568,294.06,web
391,102,82.03,pos
392,1995,56.31,web
393,1610,101.01,app
394,3620,151.78,app
395,2334,100.56,web
396,712,105.81,web
397,3413,28.48,app
398,1155,50.61,app
399,3983,20.36,web
400,1425,22.5,web
401,3393,106.47,web
402,3097,13.75,web
403,2890,54.37,app
404,2608,147.85,web
405,90,100.26,app
406,826,178.32,web
407,3493,46.59,app
408,2978,64.39,web
409,1849,60.97,app
410,3086,172.18,app
411,2627,83.46,web
412,3081,11.24,web
413,2133,24.6,web
414,314,14.42,app
415,1632,116.91,web
416,849,44.8,app
417,3450,15.46,pos
418,3581,143.06,app
419,812,176.11,pos
420,3517,137.13,app
421,1318,91.85,web
422,823,150.84,web
423,1089,85.47,web
424,2205,23.67,app
425,958,5.56,app
426,1051,130.26,web
427,2797,86.35,web
428,1665,68.43,app
429,2789,145.16,web
430,84,21.34,web
431,391,156.38,app
432,1127,164.55,web
433,1448,55.32,web
434,1083,169.06,pos
435,1582,20.24,web
436,3676,38.31,app
437,1840,27.89,web
438,2352,40.29,web
439,3157,38.0,web
440,710,54.0,app
441,577,76.61,web
442,1710,57.28,pos
443,2486,72.09,web
444,1972,130.21,pos
445,479,72.56,app
446,2549,53.48,pos
447,3696,71.92,pos
448,2130,179.35,app
449,3593,85.57,pos
450,1684,235.47,web
451,1601,73.67,pos
452,1243,51.99,web
453,2081,8.92,app
454,2300,122.93,app
455,423,9.14,web
456,3903,60.35,web
457,613,7.42,pos
458,2212,157.08,app
459,1242,147.75,app
460,3548,69.77,pos
461,2576,113.95,app
462,62,48.43,pos
463,110,22.44,app
464,813,14.23,web
465,3282,62.53,web
466,3459,56.65,web
467,2204,72.18,app
468,2278,28.15,web
469,2587,23.03,app
470,1950,149.97,app
471,2043,81.08,pos
472,1475,108.1,pos
473,1962,62.67,app
474,1181,66.16,web
475,2991,65.93,app
476,2715,107.78,app
477,2867,66.25,app
478,1463,134.94,app
479,1582,34.59,web
480,1741,17.03,app
481,2410,49.67,app
482,3107,144.56,app
483,36,87.42,web
484,3784,13.71,web
485,3448,104.06,pos
486,3974,60.89,app
487,1111,17.6,app
488,1940,111.14,app
489,2186,34.05,web
490,553,104.78,app
491,1429,68.32,app
492,100,39.26,app
493,477,43.78,web
494,1979,13.36,app
495,1264,77.32,web
496,306,60.99,app
497,3342,58.55,app
498,471,57.79,app
499,927,70.33,pos
500,940,36.72,web
501,2066,13.3,app
502,3967,73.92,web
503,113,119.61,app
504,649,131.28,app
505,1332,120.48,app
506,441,75.14,app
507,30,74.56,web
508,3663,28.18,web
509,895,25.67,pos
510,2488,127.57,pos
511,3537,101.11,web
512,2959,23.26,app
513,170,102.79,app
514,1419,70.49,web
515,201,37.0,app
516,3735,98.92,web
517,1854,42.1,pos
518,3904,90.74,pos
519,1603,79.41,app
520,2234,19.36,web
521,252,54.24,pos
522,3947,94.31,app
523,3432,147.91,web
524,2023,73.68,app
525,929,131.31,pos
526,1759,28.21,pos
527,1747,102.73,web
528,3141,46.03,pos
529,1192,140.75,pos
530,2577,158.17,web
531,3239,235.4,web
532,802,192.47,web
533,3108,53.32,web
534,2060,6.36,app
535,817,98.05,web
536,66,87.74,app
537,3536,208.35,web
538,3502,59.89,app
539,253,74.04,web
540,2170,70.86,pos
541,374,137.19,web
542,185,99.24,app
543,231,71.36,web
544,3751,115.77,app
545,2028,171.3,pos
546,3997,35.71,web
547,3088,15.22,pos
548,2949,69.21,app
549,428,45.39,web
550,1725,10.89,web
551,2253,108.99,web
552,2366,139.01,web
553,555,102.13,pos
554,41,39.9,app
555,2452,150.09,web
556,434,10.73,app
557,3746,24.43,web
558,1324,172.24,web
559,3709,101.48,web
560,1645,130.28,web
561,1691,138.65,web
562,3024,96.87,web
563,3599,23.71,app
564,683,49.67,app
565,1771,52.18,app
566,465,41.22,pos
567,2800,105.65,pos
568,2790,76.58,web
569,567,149.46,pos
570,3552,43.77,web
571,3921,108.97,web
572,3518,146.63,web
573,3210,9.45,pos
574,2967,79.76,pos
575,1115,217.25,web
576,3934,1.99,web
577,1229,29.82,web
578,2088,68.22,app
579,2812,38.47,pos
580,3098,79.19,app
581,1304,82.97,web
582,1669,125.87,app
583,1901,74.6,pos
584,1413,183.83,web
585,1309,75.68,web
586,3643,31.25,app
587,969,35.07,web
588,1723,43.22,pos
589,596,194.78,app
590,2986,32.17,web
591,3222,47.31,app
592,1988,87.75,web
593,248,62.34,web
594,449,125.13,web
595,1014,35.38,pos
596,508,72.06,pos
597,902,58.02,app
598,2040,48.4,web
599,2336,22.41,web
600,2831,146.9,app
601,3731,45.41,pos
602,2970,33.69,web
603,1895,51.59,app
604,1343,11.14,app
605,3479,30.31,app
606,37,125.7,web
607,2924,39.37,pos
608,2133,169.93,web
609,1969,30.4,web
610,759,13.69,web
611,1138,179.06,pos
612,1281,21.29,web
613,166,13.19,app
614,2266,41.52,web
615,2277,152.89,web
616,1567,107.89,web
617,3604,53.98,app
618,1836,112.6,web
619,290,18.19,app
620,202,9.69,app
621,1471,39.7,app
622,732,49.41,web
623,3445,70.44,app
624,3367,47.62,web
625,3854,89.28,web
626,2048,166.72,web
627,1954,64.65,web
628,3540,63.84,web
629,2544,118.22,web
630,3429,57.64,web
631,780,50.46,app
632,773,75.66,app
633,226,37.41,pos
634,1598,8.6,pos
635,3153,134.53,web
636,2103,143.04,pos
637,2194,40.21,app
638,390,223.03,app
639,510,66.69,pos
640,342,78.69,app
641,1470,122.35,web
642,3366,52.91,web
643,2959,27.35,web
644,3307,90.18,pos
645,1191,11.8,app
646,1533,51.27,web
647,3835,32.35,app
648,2826,66.86,app
649,2757,100.33,web
650,2072,146.53,pos
651,425,48.37,web
652,2990,129.93,web
653,1479,46.03,pos
654,1261,152.91,app
655,2895,21.78,web
656,1896,190.55,pos
657,676,145.12,app
658,3571,114.73,web
659,1579,53.59,web
660,3266,40.7,app
661,1623,124.59,app
662,1240,29.9,web
663,3208,158.52,pos
664,3527,105.65,app
665,1256,346.42,web
666,1595,103.89,web
667,2212,32.41,pos
668,2729,73.7,app
669,2008,45.53,app
670,2846,5.78,app
671,3310,87.91,web
672,1607,39.21,pos
673,3386,65.21,app
674,3308,140.05,app
675,3910,56.05,app
676,1861,84.78,web
677,3383,71.51,web
678,3842,66.3,web
679,3763,219.34,pos
680,3746,46.57,web
681,1565,314.91,app
682,3601,73.52,app
683,1747,119.7,app
684,3633,55.49,pos
685,3238,35.07,web
686,589,132.29,web
687,512,194.72,app
688,2593,201.05,pos
689,982,186.5,app
690,2964,129.26,app
691,3123,112.0,web
692,2115,120.36,app
693,3114,14.03,app
694,2117,20.92,app
695,2279,20.76,web
696,806,71.34,web
697,2346,83.7,web
698,643,76.53,web
699,2481,29.72,web
700,3132,61.85,app
701,3069,48.84,app
702,599,118.08,web
703,3156,45.92,pos
704,2913,8.99,web
705,596,114.23,pos
706,309,128.48,web
707,2604,9.16,web
708,1649,65.72,pos
709,1993,81.29,web
710,97,49.17,app
711,955,180.41,pos
712,2641,175.81,app
713,2531,49.6,app
714,1172,68.37,pos
715,1369,401.93,web
716,1871,85.38,pos
717,1361,153.55,web
718,1146,29.24,web
719,1253,84.97,web
720,2063,136.93,app
721,2218,64.88,app
722,2630,40.22,app
723,997,207.27,web
724,668,26.25,web
725,1255,83.79,app
726,3108,112.1,web
727,3345,74.02,pos
728,3130,38.7,web
729,1568,41.67,web
730,3768,72.15,web
731,2285,35.6,web
732,1523,259.02,web
733,2335,129.39,app
734,3492,186.15,app
735,1737,53.44,app
736,375,138.19,app
737,1227,35.7,app
738,3975,110.94,web
739,1858,155.97,app
740,849,19.13,app
741,3525,42.43,web
742,1496,116.97,pos
743,1280,12.93,web
744,374,258.98,web
745,3784,83.78,web
746,3340,55.43,web
747,1556,69.68,app
748,1944,67.17,web
749,1017,83.1,app
750,3849,39.35,app
751,3676,90.4,web
752,579,166.27,app
753,971,101.91,web
754,3567,37.51,web
755,873,156.86,web
756,1438,77.29,app
757,3234,72.82,web
758,945,132.17,app
759,3384,30.02,app
760,2628,24.55,pos
761,744,107.85,web
762,121,40.92,app
763,688,80.82,pos
764,2102,164.47,pos
765,3839,184.76,web
766,1894,123.03,app
767,514,68.47,app
768,194,52.72,web
769,750,111.46,app
770,1737,39.64,app
771,1767,160.14,app
772,1220,75.19,app
773,2486,93.28,web
774,995,134.0,web
775,1020,25.13,app
776,3721,30.73,web
777,2137,223.57,app
778,2393,107.88,web
779,2289,28.15,web
780,617,170.53,web
781,2328,110.93,pos
782,3028,24.89,pos
783,170,398.46,app
784,1478,36.16,web
785,1116,63.57,web
786,2395,89.31,web
787,3624,69.88,pos
788,1520,252.1,web
789,261,29.94,app
790,2554,48.43,pos
791,1239,107.98,app
792,2728,109.42,web
793,561,48.16,web
794,1134,31.65,app
795,1553,95.07,app
796,3324,73.52,web
797,2201,106.03,web
798,2472,139.44,app
799,2821,32.84,app
800,2421,132.79,web
801,3531,33.37,app
802,872,46.55,web
803,2551,168.4,app
804,1016,80.87,pos
805,2228,50.81,web
806,1582,137.85,app
807,3671,104.21,web
808,136,182.12,web
809,2197,97.71,web
810,219,165.16,web
811,1458,85.91,web
812,2651,94.02,web
813,954,197.61,app
814,1266,38.56,app
815,2702,196.78,web
816,2881,52.31,app
817,2585,7.15,web
818,300,125.34,web
819,1354,19.92,web
820,2960,72.69,web
821,3453,167.11,web
822,857,60.12,app
823,1580,101.45,web
824,3478,134.86,app
825,498,116.73,app
826,3626,68.43,web
827,1506,35.95,web
828,2757,152.48,app
829,1760,34.15,pos
830,1577,35.23,web
831,1503,197.89,app
832,103,71.06,app
833,3641,105.89,pos
834,3044,52.98,web
835,3692,180.66,web
836,2251,77.56,web
837,3843,82.14,app
838,330,113.34,web
839,1432,84.21,web
840,2283,41.62,app
841,1920,69.26,web
842,25,54.63,pos
843,409,34.63,app
844,1806,384.16,pos
845,3308,119.51,web
846,2453,26.78,web
847,1146,453.8,app
848,3210,9.18,app
849,3556,72.89,web
850,1163,87.47,app
851,3675,31.35,app
852,928,98.9,web
853,2306,33.07,web
854,1325,185.79,web
855,2877,61.92,web
856,237,144.16,app
857,215,158.24,pos
858,3726,68.73,web
859,708,78.17,web
860,3522,67.69,web
861,2670,80.07,web
862,2408,77.01,web
863,2905,171.18,web
864,299,11.58,pos
865,203,85.67,app
866,335,30.61,web
867,82,169.44,app
868,3728,60.38,web
869,1790,60.39,app
870,500,168.36,pos
871,1263,29.19,pos
872,583,66.46,web
873,3617,27.23,app
874,3142,25.21,web
875,30,44.41,web
876,1206,90.94,pos
877,2626,22.23,web
878,1646,175.73,web
879,895,46.75,web
880,1640,136.07,app
881,1705,39.68,app
882,2800,20.1,app
883,2217,33.17,web
884,1889,33.14,app
885,2458,106.01,web
886,3249,134.93,web
887,370,58.68,web
888,1984,20.04,web
889,3026,44.12,app
890,1162,51.14,pos
891,3469,78.57,web
892,779,43.53,web
893,139,85.24,web
894,3020,38.56,web
895,3055,81.28,web
896,878,133.52,web
897,3975,19.28,app
898,2436,158.74,web
899,145,123.54,pos
900,2406,100.9,app
901,1396,112.36,web
902,3853,31.01,app
903,1099,144.81,web
904,359,97.14,web
905,3505,288.96,web
906,830,101.41,app
907,1312,47.96,app
908,2646,50.4,app
909,1313,168.4,web
910,1324,115.22,web
911,1981,48.02,web
912,515,92.91,web
913,2169,92.24,app
914,3581,44.13,web
915,3973,68.71,web
916,2926,51.93,web
917,2375,36.64,app
918,890,52.64,app
919,3490,44.15,web
920,381,51.26,web
921,2841,7.97,web
922,3369,183.25,pos
923,1857,8.62,pos
924,2280,98.04,web
925,3245,53.73,pos
926,3718,37.82,app
927,132,35.07,web
928,2069,35.48,web
929,1640,33.98,pos
930,924,65.09,web
931,3459,90.76,pos
932,535,62.63,web
933,1344,30.34,web
934,1672,50.02,web
935,908,249.57,app
936,2736,34.58,pos
937,2559,246.82,app
938,18,166.04,pos
939,623,120.31,web
940,1582,210.24,web
941,3520,35.72,web
942,1615,77.66,pos
943,1702,82.98,web
944,2684,68.18,web
945,3153,32.67,app
946,780,128.58,web
947,2680,116.88,web
948,3504,47.53,pos
949,3558,21.77,app
950,1301,20.77,web
951,3075,41.54,app
952,3307,52.71,app
953,612,115.22,web
954,3310,53.61,app
955,3707,32.06,pos
956,3539,31.23,app
957,3485,47.7,web
958,1036,30.71,app
959,1993,24.19,web
960,3359,48.44,web
961,355,48.77,web
962,922,17.85,web
963,831,153.27,pos
964,1598,98.9,web
965,460,169.33,pos
966,711,46.59,pos
967,3941,161.68,pos
968,1937,65.92,web
969,3262,106.93,web
970,301,18.06,web
971,201,46.13,app
972,3827,89.14,app
973,3845,82.61,app
974,52,104.97,pos
975,977,223.42,app
976,1986,112.14,web
977,2569,88.61,web
978,3352,128.18,app
979,40,129.69,app
980,530,42.91,pos
981,89,125.17,web
982,2388,28.69,app
983,2162,4.87,app
984,2124,114.84,web
985,806,94.01,web
986,3030,39.38,web
987,3655,121.01,app
988,2794,45.3,web
989,3938,165.78,web
990,3300,81.53,app
991,336,48.32,app
992,3173,73.35,app
993,2473,221.75,app
994,2331,25.55,web
995,803,98.92,app
996,1400,22.19,app
997,1425,91.63,web
998,430,145.73,web
999,1335,79.54,web
1000,656,105.22,web
1001,1821,21.93,web
1002,3484,30.68,app
1003,2972,100.81,web
1004,1066,144.28,pos
1005,2331,145.13,web
1006,3576,26.15,web
1007,3797,130.99,app
1008,1225,29.93,pos
1009,1231,159.71,app
1010,229,74.84,app
1011,3066,47.24,web
1012,1160,64.81,app
1013,1426,180.54,web
1014,1539,70.47,web
1015,395,116.27,pos
1016,415,60.02,web
1017,2328,80.37,app
1018,1719,55.53,web
1019,1316,19.58,web
1020,3191,65.72,web
1021,864,26.05,web
1022,1655,75.81,web
1023,1263,23.98,pos
1024,1975,315.76,web
1025,528,39.79,pos
1026,3995,97.75,web
1027,1173,42.43,web
1028,862,39.31,web
1029,2797,115.56,pos
1030,2176,237.25,web
1031,2979,70.32,pos
1032,3951,72.21,web
1033,2787,141.85,app
1034,1983,66.38,app
1035,1290,92.21,pos
1036,2366,162.5,web
1037,3644,64.74,app
1038,2187,24.62,web
1039,2210,130.06,web
1040,461,25.53,web
1041,1757,371.91,web
1042,2864,61.66,web
1043,3285,87.41,app
1044,3648,21.21,web
1045,2598,171.59,web
1046,3706,82.68,app
1047,250,96.59,web
1048,2347,152.44,app
1049,1033,24.44,app
1050,1410,93.35,web
1051,3783,112.49,web
1052,2702,86.47,web
1053,1774,87.2,web
1054,3778,68.15,app
1055,1589,58.09,pos
1056,3912,28.36,web
1057,1172,172.82,web
1058,1132,221.32,app
1059,2573,77.52,web
1060,3742,241.04,app
1061,315,95.11,pos
1062,2921,4.1,app
1063,1656,37.79,web
1064,3487,215.6,web
1065,3118,54.03,app
1066,670,48.55,app
1067,2684,32.88,web
1068,3905,46.75,app
1069,594,112.68,web
1070,3014,166.44,app
1071,436,218.34,app
1072,666,58.08,app
1073,1041,51.72,app
1074,2160,108.07,pos
1075,3138,35.06,app
1076,447,129.72,app
1077,158,41.46,web
1078,2898,84.13,pos
1079,1295,146.17,web
1080,2381,164.27,app
1081,1697,137.96,app
1082,2313,47.19,web
1083,1323,206.99,web
1084,3389,70.85,web
1085,463,104.55,app
1086,3079,22.74,pos
1087,1712,27.23,app
1088,367,283.12,pos
1089,3605,55.03,app
1090,3048,158.46,app
1091,616,63.42,web
1092,2166,78.16,web
1093,625,97.06,web
1094,755,96.39,web
1095,1187,50.65,app
1096,1389,38.21,app
1097,3938,44.73,web
1098,2037,112.14,web
1099,1676,95.65,web
1100,3435,75.18,web
1101,151,83.7,web
1102,3527,66.92,pos
1103,147,177.62,app
1104,409,103.07,pos
1105,132,97.31,pos
1106,1769,105.34,app
1107,3916,76.75,pos
1108,3374,68.78,app
1109,286,142.41,app
1110,2409,45.58,app
1111,3751,94.01,app
1112,3420,20.97,app
1113,1127,33.16,pos
1114,2389,10.76,web
1115,1409,151.86,web
1116,892,12.59,app
1117,3529,88.18,web
1118,2011,127.61,web
1119,1901,58.98,app
1120,2061,81.46,app
1121,846,56.65,app
1122,3576,159.65,app
1123,2389,48.24,web
1124,1423,111.47,app
1125,2394,114.76,web
1126,940,91.62,web
1127,1948,14.46,web
1128,2995,121.77,web
1129,3315,104.66,web
1130,1678,82.46,web
1131,2863,47.31,web
1132,1937,98.14,app
1133,311,131.48,app
1134,3906,37.69,app
1135,3477,103.71,pos
1136,2698,212.03,web
1137,206,81.14,web
1138,2687,198.07,web
1139,952,70.1,web
1140,3735,167.09,web
1141,358,65.29,app
1142,2865,157.99,web
1143,1565,110.22,web
1144,3819,187.09,pos
1145,3131,20.14,web
1146,2533,43.35,web
1147,2082,23.6,app
1148,2350,54.2,web
1149,2449,86.43,web
1150,1137,49.54,app
1151,2142,62.42,app
1152,923,14.17,web
1153,1100,177.64,pos
1154,2126,89.86,web
1155,2535,38.92,app
1156,237,97.46,pos
1157,3927,191.22,pos
1158,673,42.51,pos
1159,2208,25.17,web
1160,2833,72.44,web
1161,1077,106.25,web
1162,2716,57.67,web
1163,2028,37.52,web
1164,114,78.95,app
1165,3477,48.12,web
1166,653,30.93,web
1167,483,17.5,web
1168,2471,35.14,app
1169,762,40.61,app
1170,1631,206.19,app
1171,140,8.17,app
1172,2356,210.8,web
1173,3502,120.42,pos
1174,515,90.46,app
1175,2293,35.59,pos
1176,3450,44.3,app
1177,856,270.15,app
1178,1036,213.09,web
1179,1837,136.64,app
1180,1498,25.37,app
1181,338,200.6,pos
1182,1798,7.48,web
1183,3662,352.3,app
1184,2371,21.82,web
1185,1273,43.14,pos
1186,3922,6.64,web
1187,353,29.25,app
1188,838,76.15,web
1189,3948,117.96,web
1190,650,72.04,app
1191,3255,123.65,web
1192,582,83.02,pos
1193,894,129.63,web
1194,3099,3.0,pos
1195,2612,40.0,web
1196,1530,116.57,app
1197,1073,36.42,web
1198,3707,76.52,app
1199,1852,118.73,pos
1200,267,27.92,app
1201,3155,60.0,app
1202,2126,174.03,pos
1203,674,52.82,web
1204,3029,89.07,web
1205,2061,99.73,web
1206,2028,105.24,web
1207,3391,57.44,web
1208,1626,21.07,web
1209,170,117.13,app
1210,3246,69.36,web
1211,826,137.9,app
1212,2036,63.48,pos
1213,1723,82.11,app
1214,3626,62.32,app
1215,85,69.18,web
1216,955,97.57,app
1217,1517,157.65,web
1218,2394,160.72,web
1219,869,94.3,web
1220,2538,38.06,web
1221,707,71.58,app
1222,3628,63.6,pos
1223,3743,74.53,web
1224,373,56.4,web
1225,2438,139.21,pos
1226,3223,34.07,app
1227,1409,45.51,web
1228,2734,181.54,app
1229,3201,230.07,web
1230,3442,15.93,web
1231,2331,209.75,app
1232,2435,26.85,web
1233,570,62.21,pos
1234,1815,20.64,app
1235,2897,112.33,app
1236,3185,109.1,pos
1237,1390,52.85,web
1238,1137,3.4,app
1239,2852,77.83,app
1240,222,73.26,pos
1241,854,18.56,web
1242,3000,135.36,pos
1243,2700,61.2,app
1244,3249,167.5,pos
1245,3099,87.57,web
1246,3314,20.75,app
1247,1289,28.12,app
1248,1791,82.93,web
1249,2429,78.44,web
1250,2930,79.77,pos
1251,1508,185.24,web
1252,2854,92.65,app
1253,719,309.32,web
1254,1154,85.46,app
1255,2679,95.48,web
1256,3062,153.82,web
1257,305,237.49,pos
1258,3856,30.72,app
1259,3159,68.8,web
1260,1409,12.47,app
1261,2608,162.84,app
1262,1094,114.02,web
1263,453,57.6,web
1264,2335,83.24,pos
1265,3582,280.46,pos
1266,3511,59.86,web
1267,318,154.12,web
1268,2433,91.34,app
1269,295,87.4,web
1270,3880,14.79,pos
1271,1648,39.01,web
1272,3690,6.97,web
1273,2042,95.02,app
1274,2843,226.72,app
1275,66,13.68,app
1276,2827,209.33,app
1277,2392,73.15,pos
1278,713,46.04,pos
1279,1795,25.57,web
1280,1364,261.61,web
1281,123,154.37,web
1282,3240,65.37,app
1283,2704,121.92,web
1284,1602,20.63,web
1285,1224,21.3,web
1286,912,66.52,web
1287,3043,85.76,web
1288,253,61.83,app
1289,2057,131.44,web
1290,892,20.47,web
1291,309,47.89,app
1292,2308,186.88,web
1293,1116,49.44,web
1294,3696,136.09,web
1295,2839,140.63,web
1296,1566,59.74,web
1297,3940,107.51,web
1298,3158,43.39,pos
1299,1992,129.57,app
1300,516,106.78,app
1301,310,26.31,app
1302,3291,18.1,app
1303,1880,106.19,pos
1304,3710,63.86,web
1305,1927,200.48,web
1306,2010,148.21,web
1307,3302,33.48,web
1308,1819,21.09,app
1309,2079,31.16,web
1310,3632,138.64,app
1311,956,45.44,web
1312,912,118.64,web
1313,3718,64.14,app
1314,3682,17.43,app
1315,3930,40.01,web
1316,3670,113.93,web
1317,76,7.12,app
1318,3830,139.81,web
1319,626,157.76,app
1320,3564,128.1,web
1321,2760,77.48,web
1322,2103,72.37,web
1323,1816,64.54,app
1324,2727,31.98,app
1325,2610,5.33,web
1326,2132,64.72,web
1327,327,36.87,app
1328,1207,111.6,web
1329,711,62.98,web
1330,3962,129.71,web
1331,3366,21.78,app
1332,100,16.69,web
1333,2496,26.48,app
1334,1006,6.41,app
1335,2025,12.3,web
1336,3714,76.58,app
1337,2356,220.22,web
1338,3809,87.76,app
1339,1296,164.95,web
1340,1115,42.15,app
1341,3361,94.01,pos
1342,3999,39.24,web
1343,2619,49.67,web
1344,3250,105.52,web
1345,1603,78.89,app
1346,3107,152.84,web
1347,710,35.3,app
1348,2287,196.85,web
1349,2977,111.94,app
1350,1577,35.16,app
1351,1103,208.92,web
1352,37,45.72,pos
1353,1842,49.16,web
1354,1462,46.83,web
1355,2639,209.5,app
1356,1499,28.71,app
1357,2853,71.61,pos
1358,326,156.75,web
1359,3961,73.74,web
1360,338,49.95,web
1361,1423,102.73,app
1362,1054,67.37,web
1363,3190,40.91,app
1364,1977,156.49,app
1365,3000,50.25,web
1366,3096,51.32,web
1367,2591,82.19,web
1368,2355,186.67,web
1369,2042,22.19,web
1370,2164,22.67,web
1371,3103,108.59,web
1372,3186,34.25,app
1373,1824,114.79,web
1374,3392,27.28,web
1375,79,36.74,web
1376,1759,83.64,app
1377,2748,30.76,pos
1378,2429,56.3,web
1379,1627,109.77,web
1380,3685,42.16,web
1381,264,19.84,pos
1382,320,109.22,app
1383,1867,92.47,app
1384,2436,18.96,web
1385,1640,26.99,web
1386,3106,59.06,web
1387,2577,265.82,web
1388,1709,172.85,web
1389,1150,166.02,web
1390,3000,68.11,web
1391,1963,109.06,web
1392,3360,117.22,app
1393,818,50.4,web
1394,3057,23.14,web
1395,2819,116.61,app
1396,2147,12.29,pos
1397,3804,38.08,app
1398,2897,99.54,app
1399,3707,139.0,app
1400,2837,47.06,app
1401,1163,207.48,web
1402,1534,54.37,web
1403,3541,24.05,web
1404,86,18.77,web
1405,3657,146.72,app
1406,3798,43.79,web
1407,3359,44.42,web
1408,1871,110.01,app
1409,2748,112.74,pos
1410,1194,39.6,pos
1411,722,40.22,web
1412,1002,49.83,web
1413,3579,82.85,app
1414,1598,38.91,web
1415,2864,115.08,web
1416,2311,54.28,app
1417,3953,20.0,web
1418,2071,79.97,app
1419,1772,20.95,web
1420,1529,47.99,web
1421,2695,62.84,web
1422,311,53.51,pos
1423,3857,24.62,pos
1424,3923,146.58,app
1425,404,48.53,app
1426,63,13.16,web
1427,3518,34.74,app
1428,3679,54.69,app
1429,1843,127.92,pos
1430,128,99.38,web
1431,411,13.8,web
1432,2022,60.4,web
1433,3783,10.39,web
1434,3142,165.08,app
1435,120,119.43,app
1436,2654,113.69,pos
1437,3239,103.03,web
1438,2823,39.17,web
1439,1744,198.63,web
1440,390,60.93,web
1441,2930,57.9,pos
1442,3456,22.36,app
1443,2186,48.1,web
1444,2599,150.63,web
1445,403,14.43,web
1446,3767,101.91,web
1447,1430,88.28,app
1448,3980,24.89,web
1449,617,54.45,web
1450,3018,62.06,web
1451,3006,184.19,web
1452,3220,36.33,web
1453,1080,35.12,app
1454,3844,74.15,web
1455,1640,105.18,web
1456,2877,106.61,web
1457,329,88.08,app
1458,2447,229.94,app
1459,1021,65.61,web
1460,2108,92.42,app
1461,2948,17.86,web
1462,2091,15.32,web
1463,282,59.71,app
1464,2560,34.43,app
1465,1440,27.1,web
1466,2499,64.48,web
1467,2745,31.66,app
1468,6,146.41,pos
1469,1115,105.92,app
1470,597,60.17,app
1471,2766,90.37,web
1472,1667,138.04,pos
1473,399,60.0,web
1474,1151,48.48,web
1475,3822,9.81,web
1476,2698,24.8,web
1477,1580,96.0,web
1478,3962,251.05,pos
1479,2693,5.9,web
1480,1064,137.65,app
1481,638,15.77,web
1482,3242,92.91,app
1483,1239,95.69,app
1484,1486,168.22,app
1485,1009,134.52,web
1486,2895,202.37,web
1487,583,8.97,app
1488,355,121.81,web
1489,2340,224.87,app
1490,2496,109.46,web
1491,2550,153.71,app
1492,2082,41.65,web
1493,992,67.69,app
1494,3316,46.49,web
1495,3920,139.17,web
1496,475,85.04,web
1497,1231,44.52,app
1498,2087,83.22,app
1499,1669,143.94,pos
1500,3453,66.98,web
1501,3860,152.23,web
1502,2779,148.96,app
1503,1592,36.0,web
1504,643,67.79,web
1505,2988,42.12,web
1506,3413,11.29,web
1507,3851,90.23,app
1508,924,89.88,web
1509,2490,107.4,web
1510,295,104.09,app
1511,3809,5.14,app
1512,340,26.33,app
1513,3160,54.65,pos
1514,3137,25.98,app
1515,1838,23.96,app
1516,3361,113.79,app
1517,246,183.94,app
1518,3522,67.89,web
1519,1438,110.89,web
1520,3017,135.56,app
1521,498,136.54,web
1522,3576,69.58,web
1523,615,17.69,web
1524,3710,88.05,web
1525,1184,69.46,web
1526,2149,17.73,web
1527,2752,107.91,web
1528,2529,49.88,app
1529,2229,292.74,web
1530,3813,66.85,web
1531,2411,133.46,app
1532,2057,57.93,app
1533,296,18.44,web
1534,963,58.92,app
1535,1834,41.67,web
1536,3754,108.46,app
1537,2089,107.56,web
1538,203,102.15,web
1539,832,60.28,pos
1540,2333,121.27,app
1541,568,28.71,app
1542,3717,72.89,app
1543,818,62.8,app
1544,2977,138.25,web
1545,3014,139.88,web
1546,2422,53.72,app
1547,2318,83.55,app
1548,1946,242.16,web
1549,796,6.46,web
1550,1091,186.15,web
1551,1806,73.22,web
1552,2253,34.6,pos
1553,3451,26.44,web
1554,2954,55.14,web
1555,3934,79.16,web
1556,2245,23.18,pos
1557,1794,44.73,app
1558,3065,136.8,web
1559,1939,30.4,app
1560,3868,151.38,pos
1561,2171,59.15,app
1562,2558,74.53,web
1563,3742,175.53,app
1564,2831,54.31,web
1565,1483,262.45,pos
1566,3397,105.3,web
1567,3711,99.86,web
1568,2213,134.12,app
1569,3371,62.68,web
1570,1154,20.61,app
1571,1942,8.59,web
1572,3174,6.51,app
1573,761,220.57,app
1574,3299,121.74,web
1575,3673,260.97,web
1576,3919,153.85,app
1577,601,22.64,web
1578,85,291.65,web
1579,1451,86.08,app
1580,2028,116.82,web
1581,2076,167.67,app
1582,245,47.85,web
1583,2652,74.94,app
1584,1985,60.76,pos
1585,1381,122.32,app
1586,1910,64.81,web
1587,2252,19.9,web
1588,879,48.5,app
1589,3017,60.27,web
1590,3996,30.85,pos
1591,1425,67.4,web
1592,2971,81.7,app
1593,247,56.43,app
1594,1544,16.85,web
1595,2226,89.76,web
1596,3179,100.55,app
1597,1242,5.65,web
1598,988,125.72,pos
1599,3464,14.32,app
1600,1138,62.36,web
1601,834,85.39,pos
1602,3105,107.65,web
1603,356,190.81,web
1604,2781,58.81,web
1605,1870,260.97,web
1606,3139,139.92,app
1607,3415,115.46,app
1608,1557,58.84,web
1609,992,87.56,web
1610,740,62.35,pos
1611,2882,117.52,app
1612,1738,119.38,web
1613,3213,37.32,web
1614,2962,30.73,pos
1615,3989,25.27,pos
1616,3385,57.91,app
1617,3665,19.99,pos
1618,3609,53.24,web
1619,3640,150.94,web
1620,3970,16.41,app
1621,1513,22.87,pos
1622,1253,101.09,web
1623,2385,83.64,app
1624,3352,79.75,app
1625,723,124.83,web
1626,3994,85.84,app
1627,1206,35.26,pos
1628,1119,15.77,pos
1629,1588,358.93,app
1630,21,95.61,web
1631,1585,137.83,pos
1632,570,113.61,web
1633,3205,81.03,web
1634,3110,53.5,web
1635,2530,100.78,web
1636,3215,55.1,web
1637,660,106.14,web
1638,1039,212.2,app
1639,3527,12.56,web
1640,3760,71.04,app
1641,1081,60.08,pos
1642,946,119.06,web
1643,463,260.69,pos
1644,2914,25.63,app
1645,2643,45.39,app
1646,738,84.09,web
1647,2461,63.78,web
1648,3029,95.22,web
1649,1189,124.29,pos
1650,204,27.91,web
1651,882,99.12,web
1652,2361,195.16,pos
1653,2069,55.46,web
1654,1396,28.57,web
1655,2221,71.7,app
1656,2636,187.22,web
1657,3801,31.59,web
1658,3547,101.68,web
1659,2730,12.82,web
1660,1289,108.4,web
1661,1596,161.37,pos
1662,3804,239.28,pos
1663,1321,63.72,pos
1664,1808,116.16,web
1665,3960,28.57,app
1666,1600,101.5,app
1667,3151,183.41,app
1668,818,62.63,web
1669,1596,56.46,app
1670,223,92.38,app
1671,3371,16.97,app
1672,245,114.71,app
1673,3297,5.01,pos
1674,3400,81.69,web
1675,649,73.29,app
1676,30,35.41,app
1677,3847,49.43,pos
1678,2593,102.09,app
1679,2332,49.34,pos
1680,2438,79.29,web
1681,3021,74.36,web
1682,2349,52.14,pos
1683,3038,162.86,web
1684,1840,125.16,web
1685,93,86.86,app
1686,256,117.96,web
1687,3019,116.7,app
1688,770,130.77,pos
1689,407,99.44,app
1690,2778,56.63,web
1691,638,15.39,app
1692,3564,274.16,web
1693,1248,160.61,app
1694,1929,142.03,web
1695,1734,118.12,web
1696,1562,50.82,web
1697,2465,82.52,web
1698,3333,130.94,web
1699,975,59.53,app
1700,161,19.21,web
1701,2911,48.56,app
1702,2394,40.74,web
1703,1796,119.41,web
1704,3884,97.94,web
1705,1348,115.49,app
1706,1720,64.84,web
1707,3440,145.92,web
1708,1208,101.5,app
1709,3966,144.68,web
1710,1490,87.45,web
1711,2934,32.36,web
1712,2298,87.2,web
1713,3110,23.39,web
1714,3527,122.12,web
1715,622,211.2,app
1716,2917,20.81,web
1717,1674,69.9,web
1718,1370,87.78,app
1719,3061,37.22,web
1720,1530,37.71,pos
1721,661,139.91,app
1722,2540,21.83,web
1723,3789,268.12,app
1724,2512,63.21,app
1725,1260,66.45,app
1726,456,64.14,app
1727,1051,98.01,web
1728,2308,10.33,pos
1729,1076,108.84,app
1730,2988,114.42,pos
1731,1493,50.6,web
1732,509,4.33,app
1733,2591,64.8,web
1734,3103,18.57,web
1735,3558,8.35,web
1736,595,91.75,web
1737,3232,20.31,pos
1738,346,245.78,web
1739,3726,65.63,app
1740,2229,69.88,web
1741,648,40.36,pos
1742,3124,39.91,pos
1743,3239,128.65,web
1744,2465,174.09,app
1745,1796,30.27,web
1746,2427,27.02,app
1747,3049,243.53,pos
1748,370,68.53,web
1749,46,58.06,web
1750,2316,29.47,pos
1751,3344,41.02,app
1752,2060,58.59,app
1753,78,68.04,web
1754,58,239.57,app
1755,2423,104.57,web
1756,3064,49.75,web
1757,2141,25.99,web
1758,879,181.31,web
1759,1047,27.45,app
1760,1854,86.84,web
1761,553,31.19,app
1762,1828,65.65,app
1763,630,49.77,web
1764,2721,36.75,app
1765,2921,56.76,web
1766,3448,55.12,web
1767,813,20.0,web
1768,3120,147.14,app
1769,3294,94.59,app
1770,849,54.23,web
1771,3549,104.22,app
1772,915,165.61,web
1773,1142,153.2,web
1774,1714,160.0,app
1775,3261,72.57,app
1776,1462,72.55,web
1777,3224,179.26,app
1778,2875,32.74,app
1779,2332,18.08,app
1780,2191,36.65,web
1781,1978,34.89,pos
1782,1802,18.49,web
1783,1223,333.88,web
1784,2418,55.34,web
1785,221,159.81,web
1786,1524,120.85,web
1787,1788,24.61,app
1788,3432,82.85,app
1789,3564,13.11,web
1790,2990,231.43,web
1791,716,54.18,web
1792,3184,156.91,web
1793,3155,69.49,web
1794,3965,14.0,app
1795,2425,211.59,pos
1796,2748,41.87,app
1797,1265,30.29,app
1798,2608,128.51,app
1799,2001,39.09,web
1800,3065,40.86,app
1801,239,84.76,web
1802,2531,286.09,app
1803,2357,77.11,pos
1804,3820,38.22,pos
1805,3964,180.03,app
1806,1627,54.38,web
1807,2100,23.9,web
1808,1477,56.79,app
1809,194,123.66,pos
1810,343,72.09,web
1811,374,132.79,web
1812,3771,82.75,pos
1813,1655,8.16,web
1814,328,84.93,app
1815,1096,70.2,web
1816,3640,102.72,app
1817,2987,99.56,web
1818,1419,66.32,pos
1819,1394,90.48,app
1820,3965,80.86,web
1821,1673,107.3,web
1822,526,137.74,app
1823,2686,74.4,pos
1824,968,70.32,pos
1825,2543,93.09,app
1826,3162,96.11,web
1827,2271,28.03,app
1828,1557,262.92,web
1829,2443,32.14,pos
1830,1764,34.06,pos
1831,2422,122.27,pos
1832,804,98.77,web
1833,3044,59.14,app
1834,625,28.96,app
1835,1143,202.07,app
1836,3434,14.17,web
1837,2120,57.17,app
1838,2367,130.47,app
1839,2757,141.77,app
1840,3145,69.9,app
1841,325,87.54,app
1842,1466,47.4,web
1843,2940,199.33,web
1844,1947,45.28,web
1845,1832,35.91,web
1846,3663,72.05,app
1847,3864,140.11,app
1848,3621,50.11,pos
1849,210,7.58,app
1850,2382,112.67,web
1851,535,53.29,web
1852,2725,49.12,web
1853,996,58.14,web
1854,300,238.09,web
1855,2601,154.03,app
1856,1376,60.24,app
1857,3717,95.99,app
1858,2269,151.75,web
1859,405,98.35,web
1860,1768,109.66,pos
1861,3342,100.98,web
1862,1230,110.42,app
1863,2675,67.28,web
1864,2811,21.04,web
1865,1173,198.81,pos
1866,943,35.92,web
1867,2970,64.71,web
1868,3640,53.42,web
1869,1608,148.39,app
1870,829,57.44,app
1871,2081,116.1,web
1872,2871,42.34,pos
1873,2380,88.47,web
1874,1977,254.49,app
1875,790,125.23,pos
1876,2932,60.86,app
1877,2247,46.88,web
1878,1622,38.25,app
1879,2650,103.98,app
1880,1415,2.67,web
1881,676,10.0,web
1882,2577,40.35,web
1883,1082,104.83,app
1884,3852,60.49,app
1885,1298,37.34,pos
1886,2754,60.03,app
1887,784,102.73,app
1888,65,41.9,app
1889,3938,51.5,pos
1890,124,28.27,pos
1891,23,97.82,pos
1892,854,47.84,web
1893,315,136.44,app
1894,1413,149.13,pos
1895,3030,29.79,pos
1896,638,80.61,web
1897,3990,99.68,pos
1898,3814,18.14,web
1899,1578,64.81,app
1900,1063,170.09,web
1901,404,32.28,pos
1902,1835,91.79,pos
1903,2251,38.77,web
1904,563,97.98,web
1905,3872,51.78,web
1906,1221,77.81,web
1907,2412,317.16,app
1908,2183,101.34,pos
1909,2756,101.67,web
1910,1674,40.45,app
1911,3433,22.37,web
1912,356,127.49,web
1913,2589,62.43,app
1914,2991,40.17,web
1915,3116,102.0,web
1916,3878,29.74,app
1917,3672,109.03,pos
1918,942,13.84,pos
1919,1495,50.65,web
1920,887,118.11,app
1921,416,91.28,web
1922,3021,35.01,app
1923,3688,10.15,app
1924,1817,61.01,app
1925,3600,87.85,app
1926,162,71.11,pos
1927,3037,32.42,web
1928,193,81.72,app
1929,2541,9.29,web
1930,3925,113.0,app
1931,1577,60.02,web
1932,2893,182.07,web
1933,3120,42.52,pos
1934,2061,135.39,app
1935,1679,162.73,web
1936,633,61.95,app
1937,2814,70.86,web
1938,3641,41.23,web
1939,1505,112.85,app
1940,1501,100.16,app
1941,715,29.88,pos
1942,1313,52.83,pos
1943,2504,174.78,app
1944,3160,141.59,app
1945,3740,74.06,web
1946,3272,130.05,web
1947,2030,74.3,web
1948,78,26.43,pos
1949,768,88.11,app
1950,2201,235.53,app
1951,2508,76.23,web
1952,1404,98.1,web
1953,2335,48.51,app
1954,3881,124.7,app
1955,2969,48.51,web
1956,1258,47.48,web
1957,3926,18.87,app
1958,1203,200.14,app
1959,570,45.61,app
1960,2633,111.3,pos
1961,2931,220.8,pos
1962,3615,46.72,app
1963,361,66.65,pos
1964,2568,192.86,web
1965,3855,12.1,pos
1966,2239,54.88,web
1967,3455,54.61,web
1968,484,119.73,app
1969,49,50.23,web
1970,1029,80.28,pos
1971,3645,37.31,app
1972,3195,122.86,web
1973,2935,86.68,web
1974,545,30.74,app
1975,3755,262.73,app
1976,3760,86.18,pos
1977,1503,48.56,app
1978,3789,54.38,app
1979,995,68.87,app
1980,2556,169.4,app
1981,2030,96.39,web
1982,1209,107.86,web
1983,813,73.57,web
1984,3696,37.12,app
1985,3383,204.31,pos
1986,3190,48.13,web
1987,1413,101.66,web
1988,2948,65.91,app
1989,3812,15.66,app
1990,567,133.9,web
1991,3108,131.21,web
1992,2442,100.18,app
1993,1916,31.46,app
1994,3269,137.46,pos
1995,2406,148.37,web
1996,928,161.29,web
1997,2709,79.66,web
1998,1034,81.57,web
1999,1464,175.17,web
2000,1790,24.39,web
2001,2029,122.8,web
2002,3214,127.55,app
2003,1004,66.22,web
2004,386,56.58,web
2005,2716,45.35,pos
2006,2809,6.97,web
2007,560,104.54,app
2008,2306,37.48,app
2009,1934,216.97,pos
2010,2837,64.73,app
2011,317,89.36,web
2012,617,64.61,web
2013,407,88.57,web
2014,3860,140.76,web
2015,2738,156.0,web
2016,622,71.6,app
2017,21,176.38,pos
2018,3297,28.3,web
2019,1927,77.9,web
2020,37,129.18,pos
2021,2638,51.07,web
2022,2878,80.32,app
2023,1633,17.55,web
2024,1219,45.8,web
2025,616,85.14,web
2026,1514,33.34,web
2027,3067,282.15,web
2028,3518,17.73,pos
2029,847,73.72,web
2030,1574,133.48,app
2031,1827,24.31,pos
2032,2136,154.02,pos
2033,1583,112.81,pos
2034,2465,110.71,web
2035,2606,148.92,web
2036,47,89.47,web
2037,60,94.72,web
2038,2766,92.11,web
2039,3222,38.45,web
2040,3795,70.85,web
2041,2122,23.52,pos
2042,1607,20.18,web
2043,751,76.61,pos
2044,3369,51.15,web
2045,474,23.56,app
2046,917,187.09,pos
2047,1903,45.19,web
2048,2184,73.68,web
2049,2271,89.14,app
2050,981,41.48,app
2051,979,46.15,web
2052,832,72.09,web
2053,1231,125.03,web
2054,2547,72.07,web
2055,862,35.51,web
2056,115,20.8,pos
2057,2595,88.12,pos
2058,3959,22.02,web
2059,2981,15.08,web
2060,2804,31.94,app
2061,1597,121.35,web
2062,1077,22.65,web
2063,2620,55.41,app
2064,2418,72.67,app
2065,3018,9.37,web
2066,220,153.11,pos
2067,950,132.92,app
2068,2659,86.98,app
2069,3646,95.9,app
2070,3373,51.24,app
2071,2984,21.27,app
2072,3231,29.86,web
2073,3744,195.02,web
2074,516,87.66,pos
2075,3135,81.66,app
2076,592,185.41,app
2077,1787,20.46,pos
2078,2633,3.36,app
2079,1373,127.88,web
2080,1141,91.51,pos
2081,942,103.05,app
2082,3719,94.2,app
2083,118,60.28,web
2084,2284,16.86,web
2085,476,13.66,web
2086,2254,219.5,app
2087,2950,105.21,web
2088,3038,22.65,web
2089,773,27.24,app
2090,3531,74.58,app
2091,1318,29.71,web
2092,1848,32.87,pos
2093,3631,105.75,web
2094,2247,112.66,web
2095,3378,196.42,web
2096,311,79.23,pos
2097,3372,24.42,app
2098,3697,92.68,web
2099,549,61.03,web
2100,3577,33.48,pos
2101,2223,66.66,web
2102,220,66.96,web
2103,2904,106.91,pos
2104,1406,118.8,app
2105,953,103.53,app
2106,3571,54.87,app
2107,1150,42.65,app
2108,2346,45.27,app
2109,1223,172.11,app
2110,1279,62.43,pos
2111,2232,38.71,web
2112,1413,80.4,web
2113,2058,59.01,web
2114,2659,21.92,web
2115,2090,54.23,web
2116,2757,187.02,app
2117,3272,87.49,pos
2118,592,27.1,app
2119,462,82.02,web
2120,1788,124.52,web
2121,2846,59.12,web
2122,3339,21.79,web
2123,1806,134.51,app
2124,3334,37.81,web
2125,755,71.66,web
2126,2795,59.58,app
2127,2727,49.3,app
2128,3233,11.33,app
2129,33,56.43,web
2130,2747,44.85,web
2131,2116,74.63,app
2132,3345,153.67,web
2133,3342,164.95,web
2134,1422,206.53,web
2135,2257,128.44,web
2136,285,169.43,app
2137,417,190.55,pos
2138,381,152.0,web
2139,2551,251.24,web
2140,2374,23.63,web
2141,3674,50.19,app
2142,51,28.75,web
2143,3363,99.13,web
2144,3364,88.24,app
2145,618,169.93,web
2146,760,36.73,app
2147,3286,67.89,web
2148,3267,129.72,app
2149,3280,87.72,web
2150,1423,37.08,app
2151,3231,34.29,web
2152,427,95.39,app
2153,3997,83.65,web
2154,1479,155.05,pos
2155,690,88.22,app
2156,37,20.32,pos
2157,2995,98.91,web
2158,804,18.4,web
2159,29,87.2,pos
2160,586,166.47,web
2161,1753,45.27,web
2162,3902,49.77,pos
2163,2353,196.45,web
2164,1733,34.48,app
2165,2170,67.4,web
2166,2195,141.45,app
2167,659,178.9,web
2168,225,46.09,app
2169,627,18.26,web
2170,237,38.7,web
2171,2925,133.64,pos
2172,2406,153.21,app
2173,2952,90.89,web
2174,1352,38.31,web
2175,2034,46.33,web
2176,1187,154.46,app
2177,2498,73.28,pos
2178,653,60.46,app
2179,274,30.72,app
2180,3033,85.29,pos
2181,840,108.06,web
2182,3768,49.49,pos
2183,1138,183.21,pos
2184,1476,69.65,pos
2185,3069,42.59,pos
2186,1505,196.23,web
2187,822,134.86,web
2188,1169,72.47,app
2189,3106,129.38,app
2190,700,166.48,web
2191,1838,165.93,app
2192,1258,66.41,web
2193,1597,116.28,web
2194,3286,7.61,pos
2195,2542,131.42,app
2196,334,138.72,app
2197,2783,133.43,web
2198,3278,189.17,app
2199,2600,42.86,web
2200,221,69.68,pos
2201,2043,12.79,web
2202,2151,16.05,pos
2203,121,170.27,app
2204,3066,88.24,app
2205,588,199.55,web
2206,1357,112.15,app
2207,1277,14.27,web
2208,3505,62.61,app
2209,3774,51.1,app
2210,3049,201.75,app
2211,1420,72.3,web
2212,2564,17.22,web
2213,2600,119.82,web
2214,1439,93.22,app
2215,1025,134.35,app
2216,545,146.18,pos
2217,1825,112.38,app
2218,2381,159.47,web
2219,2887,31.13,web
2220,817,121.19,app
2221,2564,13.57,web
2222,3517,109.89,web
2223,3082,125.89,web
2224,3516,36.86,web
2225,3186,100.83,web
2226,1980,39.26,pos
2227,3973,56.27,pos
2228,2759,133.04,web
2229,1842,180.92,web
2230,2908,52.84,app
2231,3763,20.71,web
2232,1373,15.38,web
2233,51,123.15,app
2234,615,120.49,web
2235,2920,105.62,pos
2236,1715,100.29,web
2237,129,50.0,app
2238,2014,140.96,app
2239,3618,78.89,web
2240,2773,66.65,app
2241,3752,24.18,web
2242,2737,1.86,web
2243,259,6.31,web
2244,222,42.65,app
2245,3173,101.75,app
2246,3688,16.53,web
2247,2145,32.71,web
2248,821,41.12,pos
2249,3385,153.14,app
2250,935,15.36,app
2251,3134,97.3,web
2252,357,23.21,web
2253,1771,31.41,web
2254,1984,111.85,app
2255,2269,110.36,web
2256,3697,71.66,web
2257,2515,21.42,web
2258,2650,18.55,web
2259,3300,30.35,web
2260,1965,114.27,app
2261,2880,160.24,web
2262,3437,94.73,web
2263,99,142.82,app
2264,3798,31.33,app
2265,3460,149.08,pos
2266,2244,127.41,web
2267,2572,62.34,app
2268,3172,85.28,web
2269,2475,221.3,app
2270,3931,111.43,web
2271,2601,44.51,web
2272,118,29.13,pos
2273,1147,50.92,pos
2274,2340,92.03,web
2275,2544,213.29,web
2276,2754,28.59,app
2277,2945,87.34,web
2278,2178,153.8,pos
2279,406,31.55,web
2280,1215,11.65,web
2281,2185,1.29,web
2282,1069,89.43,app
2283,1917,23.15,pos
2284,3540,300.54,web
2285,1057,30.47,app
2286,3523,108.09,web
2287,3904,156.72,web
2288,551,142.47,web
2289,3630,243.82,app
2290,2977,101.54,web
2291,1563,53.48,app
2292,2796,92.89,web
2293,479,277.79,pos
2294,1848,103.65,app
2295,1488,188.12,web
2296,1590,46.92,web
2297,3274,100.46,web
2298,1296,74.17,app
2299,2313,157.78,app
2300,2869,54.61,pos
2301,3159,128.34,web
2302,1810,43.23,web
2303,3127,249.62,web
2304,2711,27.05,app
2305,703,244.67,pos
2306,2796,131.21,web
2307,1447,82.57,web
2308,3924,81.26,app
2309,3224,31.12,web
2310,2734,94.28,app
2311,2782,23.61,app
2312,316,163.21,app
2313,3277,89.82,pos
2314,887,49.1,app
2315,3018,17.89,pos
2316,2355,207.95,web
2317,3943,131.82,web
2318,100,62.94,web
2319,2639,86.87,app
2320,1814,40.59,web
2321,2260,107.1,pos
2322,1224,70.3,app
2323,2723,208.26,app
2324,716,88.0,web
2325,568,162.12,web
2326,183,52.59,app
2327,377,130.79,app
2328,68,61.37,web
2329,1389,18.72,app
2330,680,97.27,web
2331,2725,145.97,app
2332,3753,82.61,web
2333,3933,119.71,web
2334,1310,22.39,web
2335,3530,37.12,web
2336,3749,35.43,pos
2337,2365,46.15,app
2338,393,39.07,web
2339,234,147.4,app
2340,2416,113.63,app
2341,2443,30.22,pos
2342,2116,159.4,web
2343,2336,65.5,web
2344,2539,128.44,app
2345,1465,36.05,web
2346,3390,143.11,pos
2347,2907,34.98,web
2348,1560,59.73,web
2349,2897,188.6,web
2350,2661,58.88,pos
2351,1183,55.86,pos
2352,846,79.58,web
2353,1179,9.62,web
2354,3143,96.8,web
2355,613,31.02,web
2356,2138,53.0,app
2357,3837,26.44,web
2358,322,7.93,pos
2359,2189,13.09,web
2360,1172,48.22,app
2361,3340,22.21,web
2362,540,99.37,pos
2363,2390,58.37,web
2364,2981,96.03,app
2365,521,37.79,web
2366,1615,39.67,pos
2367,576,26.55,web
2368,2093,195.71,web
2369,10,38.24,app
2370,2438,28.8,web
2371,1192,106.3,app
2372,1491,101.07,web
2373,3156,5.1,pos
2374,3943,54.05,web
2375,1957,71.8,pos
2376,3012,48.63,web
2377,1554,158.58,app
2378,2594,55.49,web
2379,1563,207.29,app
2380,609,49.53,web
2381,3470,46.76,pos
2382,1484,204.79,web
2383,1434,131.01,app
2384,1517,38.4,web
2385,3239,48.76,pos
2386,2815,25.72,app
2387,702,242.86,app
2388,326,36.65,web
2389,2485,18.67,app
2390,560,101.65,pos
2391,648,17.55,app
2392,3176,54.02,app
2393,2903,36.35,web
2394,1530,16.81,web
2395,2915,128.12,app
2396,1198,48.15,app
2397,1867,66.48,pos
2398,421,22.09,web
2399,3285,205.32,app
2400,339,111.75,app
2401,3765,76.14,web
2402,1676,64.14,web
2403,1189,200.1,pos
2404,1840,96.48,app
2405,2498,8.01,web
2406,3879,38.95,web
2407,3805,8.89,web
2408,2658,82.1,web
2409,3905,79.01,pos
2410,888,61.64,app
2411,81,47.92,web
2412,2733,102.91,web
2413,3782,32.41,web
2414,52,84.43,web
2415,3541,84.15,web
2416,2978,47.58,app
2417,2988,126.4,web
2418,1251,99.61,app
2419,3294,69.7,web
2420,2718,104.47,web
2421,3281,24.85,app
2422,3821,77.77,pos
2423,2082,34.83,web
2424,3956,46.36,app
2425,1337,37.53,web
2426,2220,152.98,app
2427,3672,227.6,web
2428,280,100.92,app
2429,1035,98.45,web
2430,248,39.19,app
2431,2823,105.0,app
2432,1085,393.18,web
2433,645,158.3,web
2434,377,100.57,app
2435,2954,43.55,web
2436,1152,23.09,web
2437,3760,35.1,pos
2438,3542,84.09,web
2439,1359,127.49,web
2440,1230,9.26,app
2441,3532,111.26,app
2442,1318,76.12,web
2443,2325,127.69,app
2444,3324,40.68,app
2445,3429,38.46,web
2446,3043,56.42,app
2447,2440,26.03,pos
2448,1291,137.27,app
2449,967,205.56,web
2450,2009,112.33,pos
2451,3960,139.78,app
2452,2240,89.27,web
2453,1596,68.63,web
2454,2891,51.81,app
2455,605,200.85,pos
2456,536,63.94,app
2457,1472,76.94,web
2458,3014,20.08,app
2459,3381,138.68,web
2460,389,160.29,web
2461,563,51.7,web
2462,2348,92.26,pos
2463,2958,31.2,pos
2464,3780,127.75,app
2465,1653,18.18,web
2466,686,109.48,web
2467,1013,33.23,app
2468,3098,15.26,web
2469,2629,296.2,pos
2470,1566,55.81,app
2471,2240,50.42,web
2472,932,45.88,web
2473,2257,72.55,app
2474,2055,141.93,web
2475,652,38.66,web
2476,763,77.86,app
2477,3220,168.07,web
2478,1781,134.69,web
2479,539,81.05,web
2480,2344,16.19,web
2481,1995,46.32,pos
2482,3083,27.41,web
2483,603,32.51,pos
2484,3256,134.07,web
2485,3636,70.82,app
2486,3553,191.14,app
2487,616,144.57,web
2488,1945,46.12,pos
2489,1400,82.54,web
2490,3658,18.35,app
2491,3583,64.4,web
2492,3584,235.28,web
2493,3459,87.54,web
2494,1955,46.34,web
2495,81,49.4,web
2496,438,85.6,app
2497,889,116.19,web
2498,1459,65.74,web
2499,2079,21.88,web
2500,2983,63.85,app
2501,931,23.69,app
2502,2242,78.24,pos
2503,1925,116.24,web
2504,749,61.28,web
2505,982,74.94,web
2506,3444,76.65,app
2507,1924,198.23,app
2508,2584,35.97,web
2509,1402,34.94,pos
2510,514,80.43,web
2511,1104,70.68,web
2512,3280,167.99,web
2513,3514,85.39,pos
2514,2059,43.8,app
2515,2588,75.33,app
2516,1430,50.97,web
2517,3591,58.26,app
2518,2095,203.02,web
2519,2581,110.45,web
2520,2161,297.45,app
2521,2192,39.87,app
2522,3912,161.84,web
2523,2094,86.98,web
2524,2738,44.49,web
2525,1686,71.64,web
2526,1095,118.44,web
2527,590,17.32,pos
2528,1668,18.99,web
2529,2313,179.79,app
2530,448,29.66,pos
2531,3804,6.57,app
2532,1420,54.53,web
2533,3788,11.12,app
2534,3229,73.04,web
2535,446,121.32,web
2536,1617,31.58,web
2537,536,154.05,web
2538,3238,43.76,app
2539,1349,305.58,web
2540,1260,113.64,app
2541,3130,233.09,app
2542,2492,91.99,app
2543,46,99.91,app
2544,295,127.76,web
2545,109,19.56,app
2546,535,216.99,pos
2547,1723,132.43,app
2548,1635,88.13,web
2549,1417,57.84,app
2550,3667,86.99,app
2551,2256,166.02,web
2552,2848,175.14,web
2553,700,236.07,app
2554,882,92.56,web
2555,1006,167.43,app
2556,1190,86.35,web
2557,2902,217.76,pos
2558,180,78.73,app
2559,296,67.41,web
2560,2565,63.27,web
2561,545,67.53,app
2562,3788,89.76,web
2563,110,91.57,web
2564,2569,55.54,app
2565,1596,8.98,web
2566,3022,44.47,web
2567,3626,29.86,web
2568,1519,75.62,app
2569,2460,43.23,app
2570,3120,97.91,app
2571,1872,148.69,pos
2572,1959,54.49,web
2573,1513,250.37,app
2574,2841,11.43,web
2575,3867,108.81,web
2576,1035,61.16,web
2577,1109,155.51,app
2578,2819,124.02,pos
2579,1494,78.24,pos
2580,935,61.6,pos
2581,262,250.29,web
2582,1343,24.61,app
2583,2016,83.16,web
2584,1138,256.2,web
2585,2859,102.8,web
2586,1752,184.61,app
2587,1315,71.11,web
2588,862,19.07,web
2589,1615,65.83,pos
2590,2416,127.11,app
2591,2390,55.99,web
2592,2582,21.93,web
2593,1516,162.02,pos
2594,911,117.56,pos
2595,3967,112.56,pos
2596,3087,61.84,web
2597,3599,69.64,app
2598,2656,270.19,web
2599,3239,104.75,app
2600,3832,237.32,web
2601,1248,16.09,app
2602,3462,60.34,web
2603,2316,65.33,web
2604,3786,69.15,pos
2605,3775,91.29,pos
2606,3687,22.39,app
2607,3695,55.83,app
2608,3624,74.7,pos
2609,2676,115.1,web
2610,3934,175.32,web
2611,3665,77.88,web
2612,3821,92.04,web
2613,2065,42.52,app
2614,1426,69.78,web
2615,681,42.38,app
2616,530,5.28,web
2617,2690,57.62,app
2618,3720,76.19,app
2619,2628,9.17,web
2620,1251,150.52,pos
2621,749,103.53,pos
2622,3462,115.97,app
2623,165,74.77,pos
2624,3982,32.63,app
2625,707,31.6,web
2626,2485,88.27,pos
2627,3362,155.22,web
2628,1146,52.3,pos
2629,269,37.08,app
2630,2656,81.83,web
2631,3594,52.03,app
2632,3379,53.08,app
2633,1694,109.24,app
2634,681,154.51,web
2635,769,23.13,pos
2636,3508,76.65,app
2637,2123,19.14,web
2638,2875,100.64,app
2639,3224,98.42,web
2640,3692,68.08,web
2641,1137,60.83,web
2642,1384,86.71,pos
2643,2400,37.98,web
2644,3641,92.92,pos
2645,3346,48.9,app
2646,737,92.51,web
2647,3536,110.11,pos
2648,2904,32.0,web
2649,3306,80.57,web
2650,3723,22.85,web
2651,216,65.75,web
2652,2209,193.6,web
2653,126,7.17,app
2654,603,101.66,app
2655,1331,53.62,pos
2656,3845,149.18,app
2657,2606,122.56,web
2658,2349,86.25,web
2659,341,68.89,web
2660,1102,35.33,pos
2661,56,39.93,web
2662,3678,17.25,web
2663,1622,64.22,web
2664,3306,20.14,web
2665,199,125.22,app
2666,3753,149.34,web
2667,2159,44.92,web
2668,2588,154.45,web
2669,2900,68.56,web
2670,875,164.73,web
2671,1912,43.53,web
2672,2393,130.59,web
2673,3169,78.49,app
2674,2032,123.12,web
2675,2342,82.61,web
2676,2031,76.6,app
2677,1275,257.12,web
2678,58,95.19,app
2679,3211,66.18,web
2680,1029,90.89,app
2681,1565,198.9,web
2682,1078,42.12,web
2683,2782,136.28,app
2684,353,48.81,app
2685,1838,218.38,web
2686,1515,12.07,web
2687,2401,124.15,web
2688,1795,67.54,app
2689,857,68.94,web
2690,2744,114.99,app
2691,3159,74.45,app
2692,2079,198.9,app
2693,2846,113.85,pos
2694,1815,78.14,app
2695,2192,63.44,app
2696,585,127.67,pos
2697,2365,102.33,pos
2698,944,53.15,pos
2699,3475,7.72,pos
2700,1281,125.34,pos
2701,715,78.99,web
2702,594,131.14,app
2703,57,18.64,app
2704,1029,111.95,app
2705,966,126.63,app
2706,1617,11.49,web
2707,84,102.96,pos
2708,923,286.14,app
2709,3500,24.18,web
2710,1021,48.07,web
2711,3613,11.78,web
2712,3134,37.99,app
2713,322,48.38,app
2714,1451,28.51,app
2715,127,41.59,app
2716,1530,79.91,web
2717,1613,15.59,web
2718,3128,112.85,web
2719,1408,197.38,app
2720,3073,41.95,app
2721,2063,110.2,pos
2722,2865,13.24,app
2723,1317,176.79,web
2724,2325,75.02,app
2725,119,37.63,app
2726,254,117.41,pos
2727,2952,75.38,web
2728,3440,110.07,app
2729,316,17.14,pos
2730,2508,144.3,web
2731,459,162.45,pos
2732,3761,193.86,web
2733,265,30.03,web
2734,725,109.22,app
2735,3293,103.8,pos
2736,468,139.12,web
2737,662,59.29,app
2738,3608,174.89,app
2739,320,108.9,web
2740,1261,96.39,web
2741,3496,69.24,app
2742,3839,98.68,web
2743,510,144.42,pos
2744,3025,40.72,web
2745,3759,139.3,app
2746,900,15.02,web
2747,2076,15.01,app
2748,2506,53.53,web
2749,1401,15.43,pos
2750,1366,281.5,web
2751,1472,75.8,app
2752,3281,27.49,web
2753,104,257.57,app
2754,2573,113.27,app
2755,2106,11.02,web
2756,2917,118.1,app
2757,2914,98.23,app
2758,1145,46.27,app
2759,1805,89.2,pos
2760,88,99.02,app
2761,1904,26.47,web
2762,1653,51.84,web
2763,3249,57.87,app
2764,2867,22.68,app
2765,1494,36.82,app
2766,3649,23.5,pos
2767,2008,130.66,app
2768,1232,82.81,web
2769,2555,112.61,app
2770,1836,49.48,web
2771,3845,56.92,web
2772,3526,182.75,web
2773,39,189.99,web
2774,1005,58.81,web
2775,1619,105.3,web
2776,2724,189.44,web
2777,2446,73.98,pos
2778,3533,58.11,app
2779,629,87.39,web
2780,2521,99.06,app
2781,3646,62.83,pos
2782,463,145.3,web
2783,2693,120.1,web
2784,2609,140.68,app
2785,162,20.03,app
2786,167,2.98,web
2787,219,5.17,web
2788,1127,162.99,web
2789,2748,237.76,web
2790,3537,392.73,app
2791,2737,11.74,web
2792,2857,306.42,pos
2793,1592,81.64,app
2794,861,131.93,web
2795,2225,81.71,pos
2796,2767,31.88,web
2797,3454,29.92,pos
2798,2294,59.72,app
2799,3891,127.22,app
2800,3236,42.17,web
2801,3781,32.19,app
2802,2688,110.89,app
2803,949,35.75,pos
2804,3302,84.85,web
2805,2529,80.82,web
2806,2918,48.99,web
2807,1135,27.84,web
2808,331,113.49,app
2809,3879,45.14,web
2810,1896,196.51,web
2811,2383,207.38,pos
2812,245,211.17,web
2813,3471,121.77,app
2814,1143,24.15,pos
2815,48,131.67,web
2816,1124,112.19,pos
2817,618,47.39,app
2818,1873,19.14,pos
2819,2642,122.88,web
2820,1317,34.62,web
2821,705,54.19,app
2822,929,125.84,app
2823,625,128.54,app
2824,3440,59.59,web
2825,2057,52.3,pos
2826,218,146.7,web
2827,1674,94.92,pos
2828,1852,273.22,web
2829,2850,80.62,web
2830,2576,78.25,web
2831,2887,44.64,app
2832,762,70.93,app
2833,67,71.39,app
2834,1830,19.27,web
2835,1301,69.09,web
2836,1368,28.18,pos
2837,3613,65.89,pos
2838,3449,256.51,app
2839,3121,2.79,pos
2840,203,35.96,app
2841,824,51.48,web
2842,244,46.04,app
2843,1092,79.38,app
2844,1882,121.57,web
2845,1182,83.74,app
2846,2831,42.6,app
2847,357,94.58,web
2848,3493,63.37,web
2849,497,141.08,web
2850,2029,54.61,app
2851,2392,33.8,web
2852,3859,162.25,web
2853,73,233.47,web
2854,2683,60.95,pos
2855,3440,90.51,web
2856,3810,79.02,app
2857,3135,94.69,web
2858,3420,32.55,app
2859,52,28.95,app
2860,3581,84.71,app
2861,1304,195.92,pos
2862,123,16.64,app
2863,9,74.54,web
2864,3521,45.74,web
2865,1551,181.58,web
2866,2630,20.19,app
2867,2153,130.38,web
2868,571,153.96,app
2869,3677,62.5,web
2870,335,71.05,app
2871,182,48.76,app
2872,472,38.83,app
2873,1757,127.14,app
2874,1957,33.25,pos
2875,3097,17.91,web
2876,271,113.38,app
2877,3944,187.03,app
2878,1668,28.59,app
2879,3571,151.1,pos
2880,650,29.0,app
2881,1468,98.3,web
2882,177,110.6,pos
2883,1839,35.61,app
2884,436,99.5,app
2885,1750,43.39,web
2886,352,33.44,web
2887,1780,26.81,web
2888,3602,70.5,web
2889,87,44.14,web
2890,2635,127.97,web
2891,2194,159.01,pos
2892,2554,46.3,web
2893,522,12.82,web
2894,3920,145.4,pos
2895,2880,118.79,web
2896,2234,45.52,web
2897,644,68.14,app
2898,3733,41.29,app
2899,896,56.9,app
2900,2613,39.69,web
2901,755,121.83,pos
2902,1790,112.52,app
2903,100,30.05,web
2904,2797,54.56,web
2905,3342,49.26,app
2906,1727,147.01,web
2907,3268,85.42,web
2908,770,120.25,web
2909,196,134.43,web
2910,222,62.83,app
2911,141,9.67,app
2912,3695,93.88,web
2913,2181,24.14,app
2914,1468,164.5,web
2915,986,79.51,app
2916,3350,292.58,app
2917,1826,111.4,pos
2918,1736,34.78,app
2919,1076,82.35,pos
2920,269,154.99,web
2921,2324,94.82,web
2922,2225,109.35,app
2923,3277,77.93,app
2924,354,35.04,pos
2925,3516,4.17,app
2926,2904,37.05,web
2927,2903,110.34,web
2928,1567,67.8,web
2929,1865,108.25,web
2930,3198,185.18,web
2931,1495,44.79,web
2932,415,10.82,app
2933,1332,257.09,app
2934,106,94.43,web
2935,650,57.48,pos
2936,492,118.86,web
2937,3039,10.19,web
2938,3768,31.98,pos
2939,1392,17.8,app
2940,1098,52.87,web
2941,3107,36.67,pos
2942,2355,7.86,web
2943,1441,187.61,web
2944,1561,118.27,web
2945,3869,33.88,web
2946,865,58.58,web
2947,1982,20.5,web
2948,637,32.14,web
2949,2634,88.98,app
2950,2376,241.17,pos
2951,946,70.44,web
2952,1856,68.95,app
2953,346,46.61,web
2954,3837,104.31,pos
2955,3369,41.58,web
2956,3318,107.76,web
2957,1275,48.36,web
2958,3279,142.41,web
2959,1108,13.65,web
2960,265,86.77,web
2961,671,48.79,web
2962,1806,94.92,web
2963,2070,77.02,app
2964,14,108.93,web
2965,3647,88.44,app
2966,3395,65.67,app
2967,1652,219.41,web
2968,1025,193.87,web
2969,2445,157.65,web
2970,1715,21.04,web
2971,2562,139.82,web
2972,945,47.87,pos
2973,1064,186.22,app
2974,353,49.59,pos
2975,2442,29.73,app
2976,3834,61.13,app
2977,3592,44.31,app
2978,2266,37.47,web
2979,541,67.22,app
2980,1838,22.62,web
2981,1732,50.41,web
2982,3104,85.26,web
2983,1111,128.54,web
2984,1957,174.48,app
2985,1978,96.04,web
2986,3387,30.13,web
2987,3785,148.92,app
2988,3241,128.19,web
2989,1228,229.43,web
2990,92,73.89,pos
2991,2437,102.63,app
2992,1957,189.3,web
2993,3743,104.72,app
2994,145,153.14,web
2995,2550,78.12,app
2996,1548,137.78,app
2997,2061,153.42,web
2998,1480,52.62,app
2999,313,11.05,web
3000,3195,174.75,web
3001,48,64.79,web
3002,917,18.09,web
3003,2817,39.47,web
3004,2351,45.69,web
3005,2267,243.14,web
3006,1866,27.39,app
3007,1574,207.86,web
3008,3305,14.05,app
3009,2382,30.17,app
3010,3249,98.48,web
3011,1864,16.21,app
3012,265,26.69,web
3013,2333,34.31,app
3014,3191,113.38,web
3015,2687,48.48,web
3016,598,222.53,pos
3017,2735,175.67,web
3018,2637,83.68,app
3019,236,50.97,pos
3020,267,29.49,web
3021,2595,338.01,web
3022,323,110.74,app
3023,3793,124.19,app
3024,3749,146.9,web
3025,1149,49.72,web
3026,3440,63.77,web
3027,827,94.77,pos
3028,1825,181.25,web
3029,432,107.93,app
3030,834,198.14,web
3031,2872,56.2,web
3032,898,96.97,app
3033,886,120.79,web
3034,1162,186.2,web
3035,903,136.8,web
3036,1405,52.04,web
3037,1743,232.48,app
3038,275,48.72,web
3039,3666,61.67,app
3040,1302,62.13,app
3041,1733,19.63,app
3042,197,49.02,web
3043,1879,87.84,web
3044,220,133.7,pos
3045,1185,38.8,app
3046,3470,119.91,web
3047,492,68.75,web
3048,2719,57.0,web
3049,3019,41.57,app
3050,3047,21.25,pos
3051,376,115.51,web
3052,2725,99.23,app
3053,3893,43.96,web
3054,1260,57.84,web
3055,3255,91.08,app
3056,2662,39.11,web
3057,3509,194.29,web
3058,3523,23.66,web
3059,879,47.61,app
3060,3706,58.1,app
3061,1920,73.58,web
3062,1643,121.05,app
3063,50,98.22,pos
3064,3527,108.69,web
3065,166,146.15,web
3066,2979,47.24,app
3067,3800,227.89,web
3068,857,23.69,app
3069,86,38.57,pos
3070,2253,65.86,web
3071,3558,110.77,web
3072,1127,80.18,web
3073,2742,121.16,pos
3074,834,262.87,app
3075,1361,18.44,app
3076,1990,37.47,pos
3077,1948,55.79,app
3078,2510,243.55,web
3079,420,71.84,web
3080,103,48.1,web
3081,1119,68.65,app
3082,1241,19.28,web
3083,2963,20.88,web
3084,1547,73.88,web
3085,3116,152.24,web
3086,912,227.03,web
3087,40,136.86,pos
3088,2868,290.62,app
3089,1985,48.48,web
3090,901,84.01,app
3091,2584,7.39,app
3092,2361,145.93,app
3093,1617,56.52,app
3094,3312,31.98,app
3095,3576,72.27,web
3096,3710,95.82,app
3097,1325,58.23,web
3098,703,13.31,web
3099,1606,139.46,web
3100,909,50.48,app
3101,1907,59.46,app
3102,1089,21.9,pos
3103,3739,157.1,web
3104,1365,87.1,web
3105,2016,109.63,web
3106,1126,272.65,app
3107,922,45.12,web
3108,2814,181.21,app
3109,1455,16.65,web
3110,1887,20.09,app
3111,3472,26.48,web
3112,203,96.07,web
3113,661,35.98,app
3114,808,126.9,web
3115,702,84.78,app
3116,998,120.08,app
3117,129,75.84,web
3118,3088,51.48,pos
3119,2595,102.17,pos
3120,525,24.35,app
3121,3177,29.68,pos
3122,379,51.73,app
3123,777,128.58,app
3124,2540,52.04,web
3125,3205,54.34,web
3126,341,127.3,app
3127,7,30.44,app
3128,2811,20.67,app
3129,3345,93.96,web
3130,716,148.17,app
3131,2646,37.37,web
3132,2529,157.63,pos
3133,173,78.64,app
3134,1393,86.59,web
3135,16,85.58,web
3136,310,47.99,pos
3137,975,45.7,app
3138,2794,58.96,web
3139,2386,71.84,web
3140,13,49.29,web
3141,3939,97.96,app
3142,3013,192.07,app
3143,46,199.63,app
3144,3614,55.27,web
3145,3932,90.97,pos
3146,840,24.06,web
3147,1721,100.09,pos
3148,1933,29.88,app
3149,2557,78.6,app
3150,2877,202.4,web
3151,2841,90.33,app
3152,1204,35.57,web
3153,1243,148.15,app
3154,2391,182.31,web
3155,935,28.94,pos
3156,120,42.42,web
3157,1747,379.66,web
3158,1286,163.86,web
3159,3042,61.59,web
3160,1175,100.29,app
3161,3980,87.91,web
3162,2680,66.33,web
3163,3025,342.11,app
3164,2499,120.86,web
3165,3717,16.19,web
3166,2733,298.26,pos
3167,3683,191.74,pos
3168,3511,69.12,web
3169,2921,54.87,web
3170,3743,117.7,web
3171,116,153.7,web
3172,417,58.89,app
3173,2856,70.2,web
3174,2551,53.54,web
3175,390,75.15,pos
3176,1360,130.22,app
3177,2576,207.2,web
3178,1271,101.82,app
3179,3589,84.91,app
3180,3306,0.85,pos
3181,967,132.02,app
3182,2115,50.95,web
3183,1873,228.53,web
3184,1773,69.55,web
3185,2651,55.28,app
3186,769,212.39,web
3187,1641,20.08,app
3188,2961,99.1,app
3189,1061,280.5,web
3190,3470,66.36,web
3191,187,30.24,app
3192,2667,39.37,web
3193,2683,31.64,web
3194,2884,47.92,web
3195,2527,6.26,app
3196,438,50.38,web
3197,1262,181.25,web
3198,1265,45.9,web
3199,1041,27.13,app
3200,1876,1.49,app
3201,1501,78.23,web
3202,3125,151.81,app
3203,721,128.77,app
3204,393,100.56,web
3205,1626,87.36,app
3206,829,43.01,pos
3207,3991,189.82,web
3208,3806,142.62,app
3209,2270,115.02,pos
3210,572,218.02,app
3211,3279,133.13,web
3212,2930,86.73,web
3213,2484,74.64,web
3214,1641,15.39,pos
3215,2789,36.23,web
3216,3506,18.63,app
3217,787,2.37,pos
3218,274,3.56,web
3219,1572,338.68,app
3220,2945,99.19,app
3221,1891,78.88,web
3222,3800,19.77,pos
3223,1663,39.82,pos
3224,2803,36.76,web
3225,2728,130.99,web
3226,1455,10.52,app
3227,2903,79.3,app
3228,3868,46.2,pos
3229,3316,18.0,app
3230,3210,206.12,web
3231,2398,85.97,web
3232,2713,182.11,web
3233,2775,30.13,pos
3234,1071,75.25,pos
3235,3577,59.24,web
3236,3013,81.01,web
3237,1893,68.53,web
3238,3626,91.58,web
3239,2280,100.51,pos
3240,2555,58.01,app
3241,1204,170.15,pos
3242,1534,255.39,web
3243,3664,64.95,app
3244,3920,80.13,app
3245,1631,50.27,app
3246,235,41.7,web
3247,999,28.89,web
3248,1287,118.54,web
3249,2603,54.19,web
3250,3848,141.64,pos
3251,583,71.21,web
3252,2477,82.06,app
3253,2128,41.03,pos
3254,391,245.67,web
3255,3497,57.06,web
3256,2245,66.7,app
3257,999,136.74,pos
3258,3993,66.76,web
3259,45,91.99,web
3260,3717,63.45,web
3261,648,137.02,web
3262,1236,36.83,app
3263,1825,259.01,web
3264,997,180.44,app
3265,1238,178.65,app
3266,1074,59.37,app
3267,597,42.6,web
3268,874,39.33,pos
3269,485,46.56,web
3270,775,98.69,pos
3271,1187,124.82,app
3272,1214,169.88,pos
3273,3880,89.56,web
3274,3142,13.74,web
3275,2722,82.82,app
3276,2109,282.29,web
3277,2420,37.1,web
3278,896,33.24,web
3279,2857,45.48,app
3280,3345,25.56,web
3281,2254,198.93,app
3282,1743,102.47,pos
3283,3733,65.28,web
3284,615,68.49,app
3285,2522,101.76,web
3286,2508,178.43,pos
3287,1900,35.83,web
3288,214,45.6,web
3289,430,58.1,web
3290,90,76.0,app
3291,1984,132.22,app
3292,3122,76.06,pos
3293,2337,146.5,app
3294,1232,183.88,app
3295,2632,23.42,web
3296,2479,38.41,web
3297,2050,61.86,web
3298,1783,152.77,app
3299,2684,104.93,app
3300,3975,251.36,app
3301,1284,200.63,web
3302,352,39.42,web
3303,3589,205.46,web
3304,3939,110.61,pos
3305,3647,286.11,web
3306,2778,17.62,app
3307,2163,36.51,web
3308,3988,79.83,web
3309,2081,26.9,web
3310,742,103.73,app
3311,1901,117.44,app
3312,1178,140.05,web
3313,406,40.81,pos
3314,472,64.68,web
3315,431,52.03,web
3316,3958,81.72,web
3317,3420,115.34,app
3318,1169,55.87,app
3319,1021,295.08,web
3320,993,122.18,web
3321,1072,31.42,web
3322,2174,4.65,web
3323,2415,25.67,pos
3324,3535,187.88,web
3325,3423,152.97,app
3326,2181,44.68,web
3327,982,69.11,app
3328,61,49.12,web
3329,918,57.2,web
3330,1300,161.1,web
3331,979,167.01,web
3332,2524,25.57,pos
3333,2435,17.4,pos
3334,1909,268.66,web
3335,2376,88.67,web
3336,855,284.31,pos
3337,1166,114.5,web
3338,1400,115.77,app
3339,1631,38.07,web
3340,1711,142.05,app
3341,3915,29.03,pos
3342,45,134.93,app
3343,1830,19.98,pos
3344,2493,20.15,web
3345,49,58.91,web
3346,3403,205.82,app
3347,1690,51.03,web
3348,669,98.55,web
3349,3607,81.18,app
3350,3172,33.65,web
3351,1343,56.66,app
3352,1590,89.47,app
3353,221,4.66,app
3354,1056,65.16,web
3355,117,57.17,pos
3356,2299,128.04,app
3357,1043,31.17,web
3358,716,120.64,app
3359,1410,145.72,web
3360,1222,183.47,web
3361,3421,57.48,web
3362,3253,67.39,app
3363,3133,21.24,web
3364,1748,80.68,pos
3365,2737,18.34,pos
3366,3851,42.13,app
3367,1477,41.27,app
3368,1093,71.87,app
3369,815,125.27,pos
3370,951,77.11,web
3371,431,143.81,web
3372,2143,16.16,pos
3373,1051,13.4,pos
3374,3238,85.24,app
3375,2758,39.28,web
3376,3182,112.02,pos
3377,1282,198.02,pos
3378,948,96.88,pos
3379,2444,389.4,app
3380,785,65.31,web
3381,493,171.59,app
3382,1330,120.2,web
3383,1663,7.32,web
3384,1608,39.56,app
3385,3997,241.01,pos
3386,754,126.31,app
3387,3940,71.69,web
3388,705,44.52,app
3389,3451,30.46,app
3390,2967,180.15,web
3391,3513,52.48,web
3392,1229,67.72,app
3393,2499,91.66,app
3394,3711,261.47,web
3395,1537,32.0,app
3396,2135,108.66,pos
3397,3492,58.45,web
3398,134,47.25,web
3399,2456,68.66,pos
3400,2877,35.48,pos
3401,151,39.37,app
3402,724,174.27,web
3403,3647,47.34,web
3404,1658,16.9,app
3405,1945,53.18,web
3406,1745,60.68,app
3407,1063,73.14,app
3408,173,146.8,app
3409,1384,46.79,app
3410,3626,50.92,web
3411,3068,50.42,pos
3412,1124,21.49,app
3413,350,134.15,web
3414,2417,168.11,pos
3415,2731,29.52,web
3416,1023,51.5,app
3417,2250,93.32,pos
3418,2349,78.44,app
3419,1375,74.67,web
3420,3409,68.98,app
3421,3298,117.89,web
3422,721,40.82,web
3423,491,43.6,app
3424,1684,50.47,web
3425,2153,89.36,pos
3426,2102,211.94,web
3427,1722,43.6,web
3428,417,48.95,web
3429,1830,16.22,app
3430,2384,75.32,app
3431,3427,21.33,app
3432,3997,164.11,web
3433,1277,41.57,app
3434,3228,23.52,web
3435,195,48.71,web
3436,2074,72.98,web
3437,1579,77.16,web
3438,812,32.79,web
3439,1406,86.92,pos
3440,428,92.61,app
3441,1685,39.03,app
3442,3506,80.94,web
3443,44,310.73,web
3444,2953,62.73,app
3445,1970,157.89,app
3446,3074,119.91,app
3447,2030,63.05,web
3448,1872,131.86,web
3449,1090,104.03,web
3450,191,18.39,app
3451,2412,100.68,pos
3452,2288,26.38,web
3453,1922,77.96,app
3454,2025,117.79,web
3455,273,55.45,pos
3456,178,41.56,web
3457,3342,175.94,web
3458,1544,54.21,web
3459,1586,100.06,web
3460,2595,207.6,app
3461,2506,135.93,app
3462,535,55.03,app
3463,2033,76.99,web
3464,1082,143.11,pos
3465,1969,114.87,app
3466,898,77.39,app
3467,2688,93.27,app
3468,2959,69.77,web
3469,1485,74.08,app
3470,1544,162.15,app
3471,1659,100.36,web
3472,2566,34.86,pos
3473,936,57.59,pos
3474,1598,58.46,web
3475,2671,28.72,web
3476,1713,31.84,app
3477,2183,75.7,web
3478,494,144.59,web
3479,3112,89.15,web
3480,1714,107.41,web
3481,338,106.07,web
3482,3993,58.11,pos
3483,1430,139.82,web
3484,3007,24.31,web
3485,2338,52.79,app
3486,2770,37.77,web
3487,1502,39.73,app
3488,3229,23.13,app
3489,3828,9.46,pos
3490,254,61.63,web
3491,3772,261.16,web
3492,3199,87.12,web
3493,474,86.34,web
3494,3179,124.87,web
3495,418,92.1,app
3496,2639,43.54,web
3497,801,167.7,app
3498,3657,225.36,web
3499,1561,59.09,app
3500,253,172.92,web
3501,3749,135.85,app
3502,359,37.37,app
3503,3739,119.96,web
3504,3686,115.74,web
3505,459,127.41,web
3506,1642,106.6,web
3507,632,50.28,web
3508,3781,82.2,web
3509,804,55.99,web
3510,1904,34.64,app
3511,3505,38.27,web
3512,1736,94.53,web
3513,3369,36.12,app
3514,3226,52.28,web
3515,1674,159.33,web
3516,1859,57.97,web
3517,1552,231.69,pos
3518,713,75.84,app
3519,2572,189.09,web
3520,1717,76.8,web
3521,2929,27.85,web
3522,830,11.64,app
3523,1651,57.38,app
3524,3617,118.0,web
3525,3845,163.7,web
3526,3408,32.05,app
3527,2535,58.81,web
3528,502,103.78,web
3529,2011,69.54,web
3530,1383,92.93,app
3531,811,192.59,app
3532,3248,88.51,pos
3533,2163,26.98,web
3534,95,161.01,web
3535,231,34.38,web
3536,13,58.0,app
3537,2385,147.2,web
3538,742,212.31,app
3539,1277,213.5,pos
3540,3723,43.6,web
3541,869,126.11,web
3542,1926,208.19,app
3543,1331,74.88,web
3544,700,136.78,web
3545,3006,106.64,web
3546,854,102.6,web
3547,2995,124.77,pos
3548,544,46.51,web
3549,2559,121.0,pos
3550,2294,125.03,app
3551,3114,126.99,web
3552,806,66.22,app
3553,2754,138.46,web
3554,2479,208.88,web
3555,3143,90.15,web
3556,3909,89.14,web
3557,3869,70.03,app
3558,2477,89.87,web
3559,2661,14.25,app
3560,942,149.27,web
3561,92,49.76,pos
3562,656,16.84,web
3563,3297,2.87,app
3564,1128,113.56,web
3565,37,146.66,pos
3566,1922,45.3,web
3567,134,50.49,web
3568,852,3.06,web
3569,1005,139.38,app
3570,29,85.85,web
3571,236,121.97,web
3572,3163,98.95,pos
3573,2435,10.82,web
3574,2243,26.58,app
3575,2681,64.02,web
3576,2907,150.49,web
3577,3912,172.13,web
3578,1584,27.82,web
3579,3555,120.46,app
3580,908,108.63,app
3581,1973,140.99,web
3582,2431,106.09,web
3583,2434,59.18,web
3584,1668,55.35,web
3585,2015,48.79,pos
3586,1123,42.15,web
3587,3146,58.21,pos
3588,3406,94.93,web
3589,2286,142.65,web
3590,3884,263.53,app
3591,1491,170.81,web
3592,3135,116.98,web
3593,1772,13.47,pos
3594,3589,4.37,web
3595,3957,93.6,app
3596,2374,124.96,pos
3597,3562,30.53,app
3598,1002,187.61,web
3599,1498,70.28,pos
3600,3383,130.64,app
3601,2665,55.35,app
3602,2912,147.51,web
3603,2845,50.23,web
3604,578,135.74,pos
3605,914,15.47,web
3606,3932,108.37,web
3607,2134,24.03,web
3608,3763,93.41,web
3609,140,54.07,web
3610,1493,165.6,web
3611,2636,71.15,web
3612,1792,186.24,app
3613,3382,46.92,web
3614,1639,187.3,web
3615,3098,196.93,web
3616,2016,110.07,web
3617,3459,29.53,app
3618,1074,14.5,web
3619,2952,22.49,pos
3620,641,86.45,web
3621,1469,68.68,pos
3622,3757,42.88,web
3623,400,88.21,app
3624,2684,26.38,app
3625,844,208.64,app
3626,3943,108.73,web
3627,1601,80.11,app
3628,2793,99.2,web
3629,3658,30.27,web
3630,1299,120.51,web
3631,2529,138.53,app
3632,3204,90.68,pos
3633,2711,95.54,web
3634,974,198.57,web
3635,1829,89.11,pos
3636,3995,253.68,app
3637,276,80.73,pos
3638,1537,56.8,app
3639,1203,76.56,web
3640,1666,72.64,app
3641,457,66.12,web
3642,2766,58.34,web
3643,414,120.33,web
3644,1219,106.44,web
3645,1971,81.5,web
3646,1779,52.82,web
3647,643,211.16,app
3648,1395,79.8,web
3649,2707,105.79,app
3650,96,151.16,web
3651,3401,70.66,app
3652,2351,286.63,web
3653,3052,101.34,pos
3654,2303,38.33,app
3655,3950,155.75,web
3656,1397,52.64,app
3657,87,112.31,pos
3658,1484,47.41,pos
3659,3088,91.41,app
3660,153,23.74,web
3661,2304,112.49,app
3662,1235,76.37,app
3663,2992,64.32,web
3664,2947,38.37,web
3665,483,132.31,app
3666,1964,219.96,web
3667,1992,56.89,app
3668,741,82.32,app
3669,172,52.99,web
3670,530,101.33,app
3671,810,180.57,pos
3672,1929,144.94,app
3673,1771,20.49,web
3674,1888,73.74,app
3675,3541,76.75,web
3676,1841,121.71,app
3677,729,16.27,pos
3678,2360,122.51,web
3679,3898,27.39,web
3680,1396,18.41,pos
3681,248,42.64,web
3682,1578,51.33,web
3683,2536,147.99,web
3684,1315,30.38,app
3685,2110,98.82,web
3686,2491,55.05,web
3687,211,74.06,app
3688,137,89.58,web
3689,2744,116.42,web
3690,2815,194.91,web
3691,1218,75.64,app
3692,3209,94.51,app
3693,2811,221.83,pos
3694,1463,69.18,pos
3695,546,177.96,web
3696,119,89.03,app
3697,1023,87.15,web
3698,2813,56.15,web
3699,2545,53.65,app
3700,2538,67.28,app
3701,1259,60.33,web
3702,3014,32.82,web
3703,342,170.44,app
3704,560,141.28,app
3705,1961,46.08,web
3706,2287,256.07,pos
3707,2679,103.21,web
3708,1542,80.55,web
3709,529,74.67,pos
3710,249,13.67,web
3711,3527,37.78,app
3712,2540,75.45,pos
3713,964,28.21,web
3714,2022,9.88,web
3715,3790,48.99,app
3716,3219,6.8,web
3717,2479,98.73,web
3718,1407,55.48,app
3719,615,245.72,web
3720,1634,170.79,app
3721,1115,67.06,app
3722,1039,27.39,pos
3723,2579,85.65,app
3724,1951,126.29,web
3725,2021,167.41,web
3726,1901,135.9,web
3727,85,93.61,app
3728,285,121.12,app
3729,1342,193.12,web
3730,3835,136.27,app
3731,3413,83.36,web
3732,3292,75.86,app
3733,3817,93.73,pos
3734,3397,83.67,web
3735,3334,50.86,pos
3736,1957,40.33,web
3737,652,213.68,app
3738,1512,16.18,app
3739,1071,175.21,web
3740,2898,29.24,web
3741,2083,95.7,web
3742,3951,81.98,app
3743,1083,277.1,app
3744,3022,336.4,web
3745,716,23.97,web
3746,365,118.61,web
3747,2705,70.53,pos
3748,3202,369.82,app
3749,3287,93.06,app
3750,1819,64.86,web
3751,1927,111.75,pos
3752,50,15.53,web
3753,391,64.68,web
3754,1018,233.88,web
3755,3860,218.92,pos
3756,3622,174.63,pos
3757,3703,16.04,app
3758,1949,14.56,app
3759,2250,102.56,app
3760,2986,141.89,app
3761,2405,50.8,web
3762,1765,11.05,web
3763,1594,142.72,web
3764,32,24.83,app
3765,1048,90.39,app
3766,2422,199.59,app
3767,666,73.64,web
3768,1131,66.57,web
3769,3176,197.67,web
3770,556,61.3,app
3771,2600,138.37,pos
3772,2744,72.19,web
3773,2743,62.95,app
3774,2446,98.02,web
3775,3470,20.61,web
3776,989,294.76,web
3777,2233,115.59,app
3778,189,65.67,web
3779,1354,25.52,web
3780,3261,103.61,pos
3781,3505,134.53,app
3782,2790,98.03,web
3783,3871,160.58,app
3784,512,52.39,web
3785,734,76.7,app
3786,3130,44.18,web
3787,2704,17.09,web
3788,1542,107.92,web
3789,1754,186.63,app
3790,3140,157.8,web
3791,3062,113.25,web
3792,3430,141.84,pos
3793,264,8.66,web
3794,628,10.37,app
3795,1346,33.93,app
3796,1925,85.59,app
3797,510,135.49,web
3798,3073,54.64,web
3799,1781,149.48,app
3800,3827,136.96,app
3801,3712,63.13,web
3802,2654,80.35,web
3803,3375,246.98,web
3804,2618,35.12,app
3805,408,87.85,pos
3806,3823,61.64,web
3807,2693,258.16,app
3808,507,67.72,app
3809,2310,102.57,pos
3810,2462,43.9,web
3811,1557,82.63,app
3812,2837,124.24,web
3813,3251,63.5,app
3814,1540,169.17,web
3815,1950,118.65,app
3816,2346,64.31,app
3817,2497,216.72,web
3818,1798,82.54,app
3819,2193,47.54,pos
3820,280,8.2,web
3821,1707,91.28,web
3822,1537,29.39,app
3823,1077,94.86,app
3824,8,81.05,web
3825,3080,54.97,web
3826,2866,126.09,web
3827,3054,32.09,web
3828,3572,34.88,app
3829,3640,96.76,web
3830,715,78.74,web
3831,2886,60.14,app
3832,3558,424.64,web
3833,2368,131.58,web
3834,989,99.03,pos
3835,1519,119.41,web
3836,106,136.51,web
3837,3307,197.71,web
3838,1276,153.78,web
3839,269,77.16,web
3840,1767,159.28,web
3841,2543,65.29,web
3842,3358,15.74,app
3843,581,26.95,web
3844,2304,87.34,web
3845,1794,58.71,app
3846,336,84.06,web
3847,2776,211.26,pos
3848,843,86.11,web
3849,1101,36.54,app
3850,2900,32.2,web
3851,2807,101.88,web
3852,1968,133.67,app
3853,2424,81.82,web
3854,2428,90.45,web
3855,3607,20.99,web
3856,573,37.85,app
3857,84,60.61,web
3858,2320,180.03,web
3859,1296,96.71,web
3860,1279,54.13,app
3861,2779,76.29,app
3862,191,49.5,app
3863,1970,75.41,web
3864,1491,114.96,app
3865,3340,89.92,app
3866,2368,193.26,app
3867,3764,56.8,web
3868,2315,155.69,web
3869,61,330.43,web
3870,1226,23.41,web
3871,1973,69.16,app
3872,1822,4.78,app
3873,218,61.44,web
3874,1312,71.6,web
3875,818,64.17,web
3876,1885,41.18,web
3877,1452,87.09,web
3878,3151,87.83,app
3879,2525,33.29,pos
3880,2544,155.37,app
3881,2773,21.29,web
3882,1779,55.65,web
3883,1338,36.3,pos
3884,717,25.7,app
3885,1486,45.77,web
3886,909,96.94,app
3887,1678,108.05,web
3888,3024,204.0,web
3889,3665,98.19,app
3890,1152,69.77,web
3891,1397,116.42,app
3892,2793,102.52,app
3893,3601,73.64,web
3894,590,50.0,web
3895,1907,142.52,web
3896,566,53.48,app
3897,1298,7.57,web
3898,3374,126.2,web
3899,1657,144.29,web
3900,2619,31.42,app
3901,1922,27.7,web
3902,585,15.07,web
3903,2108,82.57,web
3904,3629,112.22,pos
3905,3378,64.48,app
3906,3402,120.78,web
3907,738,38.23,web
3908,2211,91.43,web
3909,13,15.3,web
3910,1479,68.87,pos
3911,2301,80.6,web
3912,890,90.8,app
3913,3960,143.07,app
3914,1356,175.07,web
3915,2510,66.87,web
3916,2785,50.2,web
3917,1212,88.75,web
3918,815,25.09,web
3919,62,84.53,web
3920,3013,63.73,pos
3921,874,61.36,pos
3922,3890,73.79,app
3923,1935,63.37,pos
3924,2915,93.39,app
3925,662,44.65,app
3926,311,109.29,app
3927,3867,38.56,web
3928,1013,160.82,app
3929,151,46.19,web
3930,474,48.77,app
3931,3537,98.28,web
3932,2345,61.29,app
3933,2500,155.12,pos
3934,1003,59.9,web
3935,3392,46.04,web
3936,1211,36.2,web
3937,174,27.06,web
3938,115,81.03,pos
3939,3134,49.13,app
3940,2561,115.13,web
3941,763,49.07,pos
3942,2752,122.63,app
3943,3017,165.95,web
3944,2240,26.19,app
3945,2543,101.86,web
3946,428,24.43,web
3947,3252,61.34,app
3948,2804,144.71,app
3949,507,98.17,app
3950,3714,93.69,app
3951,3902,233.46,app
3952,3620,46.44,app
3953,1549,89.75,pos
3954,3869,76.58,web
3955,2345,100.82,web
3956,3492,34.95,pos
3957,3438,65.36,app
3958,2835,124.4,web
3959,213,132.13,web
3960,705,4.26,web
3961,2873,210.66,app
3962,3992,138.1,web
3963,439,92.42,pos
3964,878,180.47,app
3965,530,70.17,app
3966,1539,66.4,web
3967,2788,74.17,web
3968,3759,80.5,web
3969,1077,86.26,web
3970,3977,38.53,app
3971,1790,26.26,pos
3972,1240,110.93,app
3973,3142,82.7,app
3974,3754,40.08,app
3975,1160,113.27,web
3976,649,9.83,web
3977,1542,20.4,web
3978,940,93.81,web
3979,847,134.84,pos
3980,246,98.48,app
3981,1108,66.25,web
3982,2755,80.09,pos
3983,3257,184.6,pos
3984,292,131.02,web
3985,367,161.01,web
3986,2216,11.64,app
3987,3146,118.26,web
3988,1753,27.81,web
3989,2816,67.99,web
3990,1231,48.44,web
3991,451,95.32,pos
3992,2913,114.15,app
3993,3404,14.55,web
3994,2562,32.8,app
3995,3360,85.66,web
3996,1419,165.99,web
3997,2486,161.46,app
3998,854,23.08,pos
3999,1688,34.91,web
4000,3336,87.97,web
4001,1624,67.95,app
4002,2594,46.32,web
4003,3728,76.56,pos
4004,3929,87.3,web
4005,2081,49.5,app
4006,776,156.56,pos
4007,801,31.82,app
4008,3859,44.85,web
4009,3643,254.86,pos
4010,3799,40.87,web
4011,663,16.45,web
4012,3672,24.2,web
4013,2400,74.72,app
4014,1694,66.23,app
4015,2251,108.57,app
4016,3136,75.72,web
4017,2724,134.12,pos
4018,1944,145.93,pos
4019,621,123.12,app
4020,3279,11.72,pos
4021,1249,84.87,web
4022,1055,120.59,pos
4023,557,24.47,web
4024,3046,204.05,web
4025,2596,18.49,pos
4026,646,51.69,app
4027,3036,72.73,app
4028,1173,28.58,app
4029,2760,91.77,pos
4030,1708,75.15,pos
4031,2326,21.38,web
4032,600,36.5,app
4033,807,47.13,web
4034,1103,53.89,app
4035,1847,168.07,pos
4036,2860,27.26,web
4037,1882,92.19,pos
4038,2846,55.63,app
4039,1985,107.56,app
4040,3346,88.8,web
4041,10,53.73,pos
4042,3632,231.48,app
4043,627,93.61,pos
4044,1026,108.54,web
4045,3063,45.81,app
4046,2975,79.45,app
4047,2553,135.81,app
4048,625,136.63,web
4049,610,20.15,web
4050,2706,33.09,web
4051,2687,140.96,web
4052,74,66.73,pos
4053,1404,201.74,web
4054,149,146.68,pos
4055,3339,32.05,web
4056,3345,60.83,app
4057,483,108.87,app
4058,2891,45.29,app
4059,300,78.77,app
4060,1196,55.89,app
4061,3007,47.04,web
4062,2995,49.03,web
4063,3592,114.81,app
4064,1252,113.75,web
4065,2161,35.27,pos
4066,2234,77.18,web
4067,1351,32.17,web
4068,3096,40.33,web
4069,1974,236.76,web
4070,766,51.5,web
4071,1657,20.07,web
4072,1453,52.92,app
4073,3550,20.56,app
4074,1412,4.37,pos
4075,3661,157.48,web
4076,2691,134.19,web
4077,1821,11.8,web
4078,866,50.06,app
4079,3768,47.88,web
4080,2475,74.51,app
4081,3487,100.31,app
4082,3017,65.65,app
4083,1804,38.78,pos
4084,924,58.38,web
4085,1903,129.25,web
4086,1460,97.04,app
4087,1471,73.77,web
4088,177,129.43,web
4089,2211,46.26,pos
4090,2148,10.81,app
4091,191,148.81,web
4092,2018,103.49,pos
4093,1642,109.79,app
4094,2743,31.25,web
4095,3694,107.11,app
4096,2166,119.38,app
4097,3592,21.38,web
4098,3455,48.52,app
4099,654,133.49,web
4100,3380,221.47,web
4101,703,394.96,pos
4102,466,10.55,web
4103,739,25.18,web
4104,2361,56.85,web
4105,193,8.76,pos
4106,2737,48.39,web
4107,2534,3.55,app
4108,1853,58.14,app
4109,112,102.51,web
4110,1101,116.62,web
4111,2265,52.93,web
4112,602,106.98,app
4113,2427,162.57,web
4114,3009,101.74,web
4115,3095,42.95,web
4116,68,214.95,app
4117,1919,160.0,web
4118,2104,12.37,web
4119,1263,23.62,web
4120,3975,182.53,web
4121,1440,135.27,pos
4122,2882,142.57,web
4123,2647,61.35,web
4124,666,51.74,web
4125,249,87.49,web
4126,3394,87.25,web
4127,1010,134.88,web
4128,2627,161.59,app
4129,1731,35.97,web
4130,3128,50.5,web
4131,2048,81.27,pos
4132,1070,283.29,pos
4133,788,92.35,web
4134,3770,88.7,web
4135,2709,135.48,web
4136,2713,85.36,app
4137,2293,256.62,app
4138,940,92.42,pos
4139,987,23.69,web
4140,1384,71.78,app
4141,3733,32.97,pos
4142,709,98.62,app
4143,1851,133.62,web
4144,39,175.82,app
4145,483,308.27,web
4146,297,22.23,app
4147,3005,149.68,web
4148,611,56.43,app
4149,791,75.78,web
4150,3483,36.83,app
4151,2886,17.46,app
4152,2437,4.83,app
4153,3606,58.69,app
4154,1778,70.82,web
4155,2244,88.22,pos
4156,2078,23.4,pos
4157,3477,178.4,app
4158,3770,40.76,web
4159,1170,3.23,web
4160,1566,102.16,pos
4161,2561,172.01,web
4162,1606,62.69,app
4163,685,47.34,web
4164,707,229.03,web
4165,352,71.97,web
4166,592,61.19,web
4167,3154,165.79,web
4168,93,29.05,web
4169,2834,81.3,app
4170,2216,36.03,app
4171,3732,10.1,web
4172,2276,72.8,pos
4173,3667,66.69,app
4174,2109,170.42,app
4175,3490,69.69,app
4176,2955,67.2,web
4177,2484,57.03,app
4178,592,95.29,app
4179,2233,114.43,app
4180,2310,19.89,web
4181,997,11.59,web
4182,3778,72.29,web
4183,736,66.44,web
4184,2425,72.96,web
4185,1797,62.79,web
4186,3109,84.83,web
4187,2422,137.4,app
4188,2028,64.27,pos
4189,1626,93.43,web
4190,439,218.13,web
4191,3899,70.18,app
4192,3940,34.6,pos
4193,3323,58.71,web
4194,1394,146.39,web
4195,2490,371.48,web
4196,695,75.94,pos
4197,1628,33.43,app
4198,2289,35.44,app
4199,229,137.06,web
4200,481,60.58,web
4201,3598,72.38,app
4202,1489,116.61,web
4203,3078,213.5,web
4204,2186,70.29,pos
4205,1354,26.86,web
4206,31,11.56,web
4207,654,16.96,web
4208,3547,39.33,web
4209,3076,34.16,app
4210,966,138.67,app
4211,2094,198.02,app
4212,2294,65.26,web
4213,2749,180.8,web
4214,2693,60.84,web
4215,2552,48.81,pos
4216,1627,75.97,app
4217,2577,125.72,web
4218,3635,55.7,web
4219,508,100.3,web
4220,3116,1.84,app
4221,1686,107.2,app
4222,2650,19.42,web
4223,1917,10.38,web
4224,2355,22.33,web
4225,2598,53.6,web
4226,3195,49.31,pos
4227,1852,30.47,web
4228,368,9.68,web
4229,200,158.99,pos
4230,3517,94.69,web
4231,3510,64.4,app
4232,1304,67.19,pos
4233,3717,173.38,web
4234,199,88.72,web
4235,3365,85.23,app
4236,1462,5.47,app
4237,1049,202.89,web
4238,1351,35.57,web
4239,3166,86.37,pos
4240,3999,112.39,app
4241,762,45.44,web
4242,1153,31.79,web
4243,924,75.81,app
4244,1376,298.76,web
4245,1080,34.18,pos
4246,3331,85.89,pos
4247,3482,22.82,web
4248,3242,100.08,app
4249,3652,142.68,web
4250,1845,98.34,web
4251,3193,6.8,web
4252,3489,45.7,web
4253,1793,32.56,pos
4254,60,14.21,web
4255,3327,112.87,app
4256,2898,121.83,web
4257,3531,76.74,web
4258,319,70.69,app
4259,3909,38.24,web
4260,685,105.1,app
4261,2738,51.3,app
4262,3845,24.48,web
4263,3675,136.44,pos
4264,3949,13.34,web
4265,3753,37.51,app
4266,2544,60.74,web
4267,2697,33.77,web
4268,1793,90.05,app
4269,1681,41.63,pos
4270,3490,89.0,web
4271,1628,206.48,app
4272,1657,95.64,pos
4273,939,170.94,app
4274,2203,14.56,pos
4275,3744,72.18,web
4276,440,28.74,web
4277,2557,112.54,pos
4278,2070,121.26,web
4279,2870,128.79,app
4280,538,39.57,web
4281,329,53.34,app
4282,1280,2.97,app
4283,2139,88.14,web
4284,987,19.23,pos
4285,2311,63.1,app
4286,2929,89.24,web
4287,62,46.06,web
4288,2599,95.17,pos
4289,1428,107.13,pos
4290,3345,195.14,app
4291,3758,96.29,web
4292,3558,220.54,app
4293,642,17.15,pos
4294,441,44.84,pos
4295,3211,204.57,pos
4296,3959,48.17,pos
4297,1042,50.17,app
4298,3405,27.22,web
4299,2324,88.23,app
4300,1409,208.34,pos
4301,243,83.69,web
4302,2284,106.68,web
4303,2490,19.38,web
4304,294,153.31,app
4305,1502,39.16,web
4306,848,143.55,web
4307,439,8.28,pos
4308,1266,16.26,pos
4309,391,84.61,app
4310,2040,126.17,app
4311,3254,141.88,app
4312,359,165.13,web
4313,3003,52.31,web
4314,3959,92.89,web
4315,755,90.65,app
4316,3618,32.24,app
4317,3888,72.31,web
4318,1555,31.42,pos
4319,265,102.57,web
4320,3290,35.12,app
4321,185,270.25,web
4322,2019,73.93,web
4323,1307,70.92,app
4324,971,55.62,app
4325,1848,52.24,pos
4326,2190,47.33,web
4327,556,48.55,app
4328,540,174.96,web
4329,3833,159.4,web
4330,2542,149.0,web
4331,2853,90.0,web
4332,3367,88.75,app
4333,735,123.71,pos
4334,171,78.45,web
4335,1652,39.89,web
4336,336,72.37,web
4337,854,9.85,pos
4338,1025,114.23,app
4339,566,163.41,web
4340,651,84.14,app
4341,3763,32.16,web
4342,369,88.5,pos
4343,1034,111.77,app
4344,3015,80.62,app
4345,838,95.67,app
4346,967,30.92,web
4347,1262,33.96,pos
4348,2999,96.34,web
4349,3552,161.07,app
4350,1165,97.48,web
4351,3293,68.8,pos
4352,1778,15.32,app
4353,2896,14.32,app
4354,2951,300.2,app
4355,1878,127.26,app
4356,3650,83.77,web
4357,42,57.32,app
4358,1838,40.04,app
4359,1111,80.2,web
4360,1391,94.19,web
4361,1375,58.83,app
4362,2635,152.2,web
4363,3043,20.71,web
4364,990,150.82,pos
4365,1203,62.96,web
4366,945,104.8,app
4367,3587,180.13,pos
4368,594,52.03,pos
4369,3605,27.75,app
4370,1138,246.89,web
4371,3126,57.36,web
4372,2241,75.31,pos
4373,78,270.67,web
4374,2532,141.54,app
4375,1931,271.41,web
4376,3730,105.79,app
4377,1362,63.23,web
4378,1152,129.67,web
4379,1312,65.57,web
4380,2993,170.24,app
4381,276,46.88,web
4382,2520,25.76,app
4383,1576,159.97,app
4384,3790,138.15,app
4385,1912,34.85,app
4386,3858,106.27,web
4387,3823,4.81,pos
4388,1883,61.65,web
4389,895,59.25,web
4390,1621,109.7,app
4391,1115,176.72,app
4392,3353,81.34,web
4393,3938,38.99,web
4394,89,88.07,app
4395,1426,67.86,app
4396,2946,42.59,pos
4397,3526,81.55,web
4398,3363,128.33,web
4399,1810,58.43,app
4400,3559,80.27,app
4401,2828,45.16,app
4402,81,120.63,web
4403,3414,61.04,web
4404,2449,9.82,web
4405,3871,74.5,web
4406,1621,139.46,web
4407,993,280.31,pos
4408,277,103.87,web
4409,477,43.53,app
4410,3184,6.43,web
4411,2626,55.31,web
4412,1644,63.48,web
4413,2548,40.67,web
4414,2301,8.54,pos
4415,1223,256.77,web
4416,1460,7.52,web
4417,521,83.8,app
4418,1196,98.97,web
4419,3733,234.39,pos
4420,3214,89.39,web
4421,1725,27.19,app
4422,3308,199.27,app
4423,1166,66.36,app
4424,589,221.06,web
4425,669,40.95,pos
4426,2029,92.81,app
4427,2899,62.46,web
4428,564,101.88,web
4429,3920,140.42,pos
4430,474,43.21,app
4431,797,22.22,web
4432,505,94.65,app
4433,2693,42.75,web
4434,3153,76.37,pos
4435,995,66.79,web
4436,3139,33.62,web
4437,609,12.09,app
4438,1786,216.27,web
4439,1419,11.77,web
4440,718,93.31,web
4441,2963,52.93,web
4442,101,35.12,web
4443,178,16.95,pos
4444,312,156.65,web
4445,257,149.57,app
4446,3666,81.14,web
4447,841,166.32,app
4448,1308,57.3,app
4449,2787,34.46,web
4450,478,188.54,web
4451,816,105.96,app
4452,3708,112.3,pos
4453,3753,67.82,pos
4454,3700,125.8,app
4455,892,48.19,web
4456,1736,13.42,web
4457,2323,61.66,app
4458,1325,59.92,app
4459,275,86.3,web
4460,922,56.06,web
4461,101,33.49,web
4462,2319,110.74,pos
4463,3968,33.39,pos
4464,934,66.38,app
4465,246,112.34,web
4466,976,31.71,web
4467,2419,5.73,web
4468,3716,38.58,app
4469,3866,90.42,app
4470,240,119.83,app
4471,407,26.08,app
4472,756,43.86,web
4473,1274,68.32,web
4474,314,119.16,pos
4475,1813,40.99,web
4476,149,37.84,web
4477,3977,128.48,app
4478,396,49.7,web
4479,2387,344.84,app
4480,3681,46.96,web
4481,2145,50.2,app
4482,3792,61.36,web
4483,1360,88.38,app
4484,3917,107.7,web
4485,392,117.7,app
4486,1373,72.42,web
4487,2419,125.54,web
4488,3899,69.33,web
4489,3538,19.79,app
4490,3687,115.91,pos
4491,1662,99.71,web
4492,1295,138.33,web
4493,3500,41.57,web
4494,2347,108.84,web
4495,181,124.63,web
4496,2535,138.96,app
4497,2482,43.42,web
4498,706,206.62,web
4499,2237,123.37,app
4500,3079,104.44,app
4501,2492,65.43,web
4502,2451,149.4,web
4503,274,117.89,web
4504,1284,12.35,app
4505,2406,52.25,app
4506,2955,118.22,pos
4507,2456,73.46,web
4508,1808,37.53,web
4509,3278,64.98,web
4510,518,146.41,web
4511,1212,107.9,web
4512,1682,145.99,app
4513,3982,84.75,web
4514,469,9.58,pos
4515,2327,49.53,web
4516,1639,51.75,web
4517,838,97.0,web
4518,1006,77.1,web
4519,1876,197.21,web
4520,289,40.99,app
4521,2323,77.52,web
4522,575,89.52,app
4523,3012,149.71,app
4524,409,90.56,web
4525,710,19.26,web
4526,2984,74.31,web
4527,2845,86.19,app
4528,3484,47.42,web
4529,942,5.25,pos
4530,1032,13.51,app
4531,1169,79.74,app
4532,1657,35.74,app
4533,3869,22.9,web
4534,3598,126.91,app
4535,3901,86.68,app
4536,1356,26.78,web
4537,3886,68.75,web
4538,2494,8.07,web
4539,3555,73.3,app
4540,2882,133.3,app
4541,3183,63.38,pos
4542,2395,22.88,app
4543,3761,136.07,app
4544,3954,54.72,app
4545,2417,74.25,app
4546,251,145.92,web
4547,1369,51.57,app
4548,431,49.99,web
4549,3863,186.66,web
4550,3946,40.77,web
4551,454,15.98,web
4552,2263,47.43,web
4553,2391,89.09,app
4554,1489,41.1,web
4555,1847,112.85,web
4556,3766,50.71,web
4557,711,82.93,app
4558,3639,206.86,web
4559,1784,18.42,app
4560,3530,207.81,web
4561,3683,49.08,web
4562,115,51.42,web
4563,1545,25.25,app
4564,1631,17.34,web
4565,1147,51.49,web
4566,3329,153.38,web
4567,909,155.38,pos
4568,1688,120.45,web
4569,2809,110.03,app
4570,2764,159.01,web
4571,213,29.04,web
4572,3290,126.09,app
4573,3906,94.53,web
4574,2704,95.91,web
4575,2243,119.45,web
4576,1124,56.48,web
4577,197,3.23,app
4578,2873,169.93,app
4579,965,36.75,web
4580,3770,94.21,app
4581,1984,90.65,web
4582,1709,82.28,app
4583,820,157.82,app
4584,1237,47.49,app
4585,3901,137.49,pos
4586,2568,75.38,app
4587,2132,69.88,web
4588,973,194.11,web
4589,1518,95.44,web
4590,1342,82.22,web
4591,3188,173.56,web
4592,1492,29.96,app
4593,1909,102.5,app
4594,3352,27.93,web
4595,993,103.66,app
4596,2981,91.84,web
4597,940,269.25,pos
4598,3427,111.7,pos
4599,1359,45.24,web
4600,14,50.82,web
4601,1801,68.14,pos
4602,727,198.55,pos
4603,1862,39.73,app
4604,3652,64.38,web
4605,1575,125.54,web
4606,2391,25.07,web
4607,1541,245.17,pos
4608,3785,165.47,app
4609,1878,113.02,pos
4610,1554,16.03,app
4611,1054,44.62,web
4612,812,105.66,web
4613,1914,315.83,app
4614,2577,119.09,pos
4615,3406,151.64,app
4616,828,56.37,app
4617,857,68.91,pos
4618,1127,15.04,web
4619,1978,128.33,web
4620,1645,166.47,app
4621,606,128.31,app
4622,3022,11.72,app
4623,2269,86.88,web
4624,2171,56.56,web
4625,208,117.84,web
4626,2264,22.1,app
4627,2353,73.97,web
4628,1947,155.14,web
4629,1112,16.39,web
4630,3799,42.75,app
4631,2667,88.23,app
4632,3988,30.08,web
4633,2695,15.31,pos
4634,2004,142.69,app
4635,843,213.59,web
4636,2157,12.96,app
4637,2380,95.05,web
4638,31,52.16,web
4639,1930,28.74,app
4640,3052,42.79,web
4641,785,51.04,app
4642,2800,16.39,app
4643,3748,31.34,app
4644,308,112.65,web
4645,3613,81.81,app
4646,521,80.95,web
4647,1532,108.87,app
4648,229,13.82,app
4649,3285,62.2,app
4650,1720,18.22,web
4651,1979,63.95,app
4652,2271,96.53,app
4653,2279,100.65,app
4654,317,75.51,app
4655,568,60.61,app
4656,3800,157.85,web
4657,2307,14.07,web
4658,212,134.08,app
4659,665,62.39,pos
4660,623,116.06,web
4661,808,23.86,pos
4662,3155,11.16,pos
4663,596,75.34,pos
4664,2616,201.15,web
4665,2735,80.73,web
4666,3397,182.94,web
4667,2741,127.17,app
4668,3629,34.69,web
4669,716,81.93,web
4670,3933,28.06,pos
4671,1784,29.67,pos
4672,2432,79.25,app
4673,1547,92.13,app
4674,2298,158.23,web
4675,2359,230.07,pos
4676,60,101.3,web
4677,631,104.67,web
4678,1895,87.26,app
4679,3622,181.3,app
4680,1125,30.57,web
4681,579,67.16,web
4682,248,49.23,pos
4683,3891,38.82,pos
4684,2481,49.01,app
4685,2852,50.32,app
4686,182,34.51,app
4687,1874,134.88,pos
4688,2520,191.77,web
4689,3891,169.58,web
4690,3852,220.15,app
4691,3692,69.9,pos
4692,1667,158.41,app
4693,1724,176.72,app
4694,2622,129.58,web
4695,3983,24.02,web
4696,38,97.25,web
4697,1617,281.79,pos
4698,1423,39.41,app
4699,3672,77.79,web
4700,442,83.43,app
4701,911,59.19,web
4702,1016,31.91,app
4703,468,3.29,pos
4704,100,77.6,web
4705,1868,94.92,web
4706,1967,264.83,web
4707,75,82.69,pos
4708,3109,49.6,pos
4709,1209,42.64,web
4710,2926,89.21,web
4711,3596,75.48,app
4712,3935,11.31,web
4713,2810,70.39,app
4714,3606,185.42,app
4715,1890,107.58,web
4716,2827,95.71,web
4717,3218,141.24,web
4718,3041,345.98,web
4719,2150,68.49,app
4720,2331,175.13,web
4721,3006,260.32,app
4722,71,64.27,web
4723,3998,11.61,app
4724,3060,33.99,web
4725,3769,140.81,web
4726,2456,229.91,app
4727,2484,32.67,web
4728,3733,103.57,web
4729,1752,67.2,app
4730,746,23.31,pos
4731,1828,137.57,web
4732,3727,52.47,app
4733,975,72.55,web
4734,651,186.91,web
4735,2275,124.77,app
4736,258,135.44,web
4737,2474,72.6,pos
4738,2531,121.75,pos
4739,1426,96.59,app
4740,1297,25.81,web
4741,789,57.46,web
4742,2131,20.19,web
4743,66,85.62,web
4744,1509,47.07,app
4745,388,78.48,app
4746,722,109.35,app
4747,980,27.79,web
4748,3427,17.55,app
4749,1769,81.37,web
4750,3210,49.7,app
4751,3358,189.0,app
4752,1145,152.98,web
4753,576,150.15,pos
4754,1336,51.15,web
4755,2636,48.79,web
4756,3063,102.66,pos
4757,3209,63.38,pos
4758,1824,106.44,web
4759,1672,163.55,web
4760,2801,27.42,web
4761,2850,83.33,web
4762,3668,76.13,app
4763,2903,151.72,web
4764,3347,79.75,app
4765,1946,111.79,app
4766,2390,93.14,web
4767,896,57.29,web
4768,3152,86.5,app
4769,2626,152.11,pos
4770,742,181.04,web
4771,1701,20.25,web
4772,3372,18.33,app
4773,2804,58.39,web
4774,996,72.98,app
4775,3321,22.69,web
4776,1692,28.21,web
4777,2582,141.66,web
4778,2435,240.19,app
4779,713,94.08,web
4780,1298,39.16,app
4781,3648,281.34,app
4782,3307,73.21,pos
4783,393,108.31,app
4784,2377,123.35,app
4785,3019,179.57,pos
4786,3798,550.39,app
4787,2102,114.73,app
4788,1116,39.76,web
4789,3377,62.14,web
4790,2801,139.49,web
4791,3700,81.27,app
4792,617,178.6,pos
4793,1814,137.9,app
4794,687,179.6,web
4795,267,12.46,app
4796,2062,15.43,app
4797,2747,72.95,web
4798,3603,21.87,web
4799,1864,174.08,web
4800,1889,143.49,app
4801,2201,65.59,web
4802,2232,128.57,web
4803,1245,104.53,pos
4804,3803,72.3,pos
4805,3298,5.2,web
4806,815,60.09,web
4807,3861,83.77,app
4808,3365,132.24,pos
4809,2587,109.52,app
4810,3058,144.36,web
4811,2849,69.12,app
4812,2666,139.19,web
4813,2189,43.62,app
4814,1518,34.91,web
4815,309,96.89,web
4816,3464,34.46,web
4817,1628,277.3,web
4818,3879,185.1,web
4819,3735,152.31,web
4820,1541,33.95,web
4821,3228,188.93,pos
4822,1668,100.56,web
4823,1897,125.9,pos
4824,2944,184.54,web
4825,3720,25.98,web
4826,2098,21.09,app
4827,3398,48.48,app
4828,827,12.74,app
4829,1376,42.33,app
4830,3560,29.56,app
4831,3784,45.78,app
4832,2702,173.5,app
4833,1016,177.05,app
4834,1764,75.42,app
4835,2131,80.33,web
4836,1648,129.44,app
4837,2210,113.45,web
4838,2522,41.07,web
4839,680,278.68,app
4840,1236,54.83,app
4841,3049,57.95,web
4842,2477,58.39,web
4843,416,91.99,pos
4844,468,39.63,web
4845,2122,36.11,web
4846,1566,100.72,web
4847,1330,54.45,web
4848,3231,139.45,app
4849,2726,119.7,pos
4850,556,102.1,app
4851,117,50.71,web
4852,2802,105.24,pos
4853,3217,95.02,app
4854,2856,54.34,web
4855,2960,72.82,app
4856,2964,53.63,web
4857,2002,72.93,web
4858,130,71.04,web
4859,1375,23.72,pos
4860,3305,47.12,web
4861,1815,57.41,app
4862,1040,77.46,pos
4863,2581,55.37,web
4864,694,100.14,app
4865,606,67.09,web
4866,416,38.02,pos
4867,3496,41.86,app
4868,2387,244.97,pos
4869,907,92.61,web
4870,2871,52.58,web
4871,297,150.77,app
4872,2551,33.58,app
4873,1927,125.31,web
4874,3693,56.0,pos
4875,2131,98.39,app
4876,1545,14.59,pos
4877,2450,142.46,web
4878,415,81.49,web
4879,2105,295.57,web
4880,1167,84.73,app
4881,1020,36.43,pos
4882,790,118.36,app
4883,1848,131.94,app
4884,2883,86.1,web
4885,793,20.72,app
4886,3094,44.84,app
4887,2422,59.77,app
4888,1921,135.71,web
4889,3542,54.71,web
4890,1051,30.94,app
4891,283,97.07,app
4892,1824,93.31,app
4893,294,158.08,app
4894,2677,131.18,web
4895,627,261.4,pos
4896,680,11.59,web
4897,3717,22.54,web
4898,2095,22.07,app
4899,2342,54.56,pos
4900,948,65.61,app
4901,2342,20.74,web
4902,3065,23.09,app
4903,2296,199.11,web
4904,2103,56.95,web
4905,1297,72.05,app
4906,1946,127.05,web
4907,660,55.3,web
4908,2062,238.42,pos
4909,1464,92.33,web
4910,1376,260.77,web
4911,1560,45.45,app
4912,3417,11.41,app
4913,3276,113.95,web
4914,89,26.53,web
4915,2468,84.49,pos
4916,1071,36.03,web
4917,1002,58.67,app
4918,1252,165.01,app
4919,1439,75.1,web
4920,728,6.66,web
4921,2697,97.1,app
4922,2748,50.54,app
4923,3674,94.51,app
4924,103,63.07,web
4925,381,29.19,web
4926,2442,249.54,web
4927,1812,156.9,app
4928,2965,250.09,web
4929,2007,18.39,web
4930,1104,95.19,web
4931,211,72.19,app
4932,1099,18.18,app
4933,74,156.39,pos
4934,1824,113.61,pos
4935,1248,57.64,app
4936,1355,9.22,web
4937,3321,117.04,web
4938,1079,73.27,web
4939,3514,159.22,web
4940,2587,142.72,web
4941,2615,18.56,app
4942,1097,242.36,app
4943,3544,72.96,app
4944,2779,98.3,pos
4945,3139,36.44,app
4946,1472,57.76,web
4947,505,71.82,pos
4948,3371,103.53,app
4949,503,150.89,web
4950,3789,69.53,pos
4951,3315,85.83,app
4952,2953,170.82,web
4953,1788,85.98,web
4954,1403,115.0,app
4955,2115,29.87,pos
4956,2409,180.43,app
4957,897,44.9,web
4958,3111,23.69,pos
4959,3024,76.03,app
4960,1447,138.65,pos
4961,3343,94.96,pos
4962,2182,38.34,app
4963,923,158.95,web
4964,499,11.66,app
4965,1795,121.13,web
4966,1946,197.32,web
4967,3263,46.95,web
4968,1647,49.3,web
4969,2097,25.32,web
4970,1108,125.01,web
4971,3468,170.41,app
4972,909,102.51,app
4973,1853,58.18,app
4974,479,101.18,app
4975,3038,18.54,web
4976,356,86.93,web
4977,994,10.06,web
4978,87,31.14,pos
4979,840,35.32,web
4980,451,92.28,web
4981,2084,26.59,web
4982,3894,106.62,app
4983,2283,147.38,app
4984,696,34.73,app
4985,947,88.54,app
4986,1554,118.68,web
4987,1617,166.83,app
4988,3962,93.71,app
4989,1588,136.82,web
4990,1611,22.79,app
4991,2702,83.42,app
4992,3465,136.15,web
4993,242,56.76,web
4994,1055,195.99,web
4995,3002,132.68,app
4996,3829,99.02,pos
4997,1147,171.16,web
4998,1773,23.57,pos
4999,1037,148.69,web
5000,2656,224.14,app
5001,3248,32.33,app
5002,1283,36.86,web
5003,415,57.21,pos
5004,829,109.09,pos
5005,1900,228.72,web
5006,792,40.15,web
5007,3261,99.87,app
5008,948,91.78,web
5009,3465,151.5,web
5010,2195,120.72,app
5011,3131,69.36,web
5012,2253,11.56,app
5013,1418,143.82,web
5014,2793,112.16,web
5015,3013,57.42,web
5016,1599,75.59,pos
5017,3156,146.03,web
5018,542,142.76,web
5019,209,140.29,web
5020,2483,72.41,app
5021,401,15.31,web
5022,445,86.37,web
5023,909,166.73,app
5024,3776,48.83,app
5025,3431,93.55,web
5026,3040,110.31,app
5027,3904,36.13,pos
5028,2292,124.93,web
5029,584,104.6,app
5030,442,38.57,web
5031,1831,12.64,app
5032,1883,45.87,web
5033,1823,55.88,web
5034,614,336.13,pos
5035,978,73.56,web
5036,3919,21.8,app
5037,1400,21.11,app
5038,1667,102.7,app
5039,2827,119.58,web
5040,2629,87.86,app
5041,2667,77.35,app
5042,462,17.61,app
5043,1426,113.87,web
5044,1714,7.1,web
5045,1811,126.23,app
5046,656,18.26,app
5047,396,52.29,web
5048,2306,36.6,web
5049,3293,49.5,web
5050,3926,32.58,app
5051,162,130.14,web
5052,1746,156.79,app
5053,3636,94.06,web
5054,2834,100.3,web
5055,908,48.25,web
5056,355,5.83,app
5057,897,53.96,web
5058,1000,58.48,app
5059,3798,81.97,app
5060,502,304.8,web
5061,1087,90.74,web
5062,718,79.45,web
5063,2989,85.0,web
5064,653,232.41,web
5065,777,82.19,app
5066,2581,43.7,app
5067,1670,90.53,app
5068,1852,34.7,app
5069,2884,73.89,app
5070,2312,105.3,web
5071,3584,205.95,web
5072,2448,135.96,web
5073,500,89.22,web
5074,1341,86.36,app
5075,880,146.28,web
5076,3409,200.69,pos
5077,1717,65.89,app
5078,2081,72.79,web
5079,3188,92.22,web
5080,3497,74.11,app
5081,2370,26.7,app
5082,3165,124.69,web
5083,263,75.85,web
5084,2809,28.29,web
5085,1972,56.1,app
5086,2026,73.79,app
5087,3689,16.31,web
5088,3332,89.36,web
5089,714,40.0,web
5090,2732,99.55,app
5091,1619,46.97,app
5092,2985,94.72,web
5093,582,129.1,web
5094,249,61.23,app
5095,1089,121.04,app
5096,1590,189.51,web
5097,3734,34.53,web
5098,2627,133.03,web
5099,3864,118.43,app
5100,284,32.35,app
5101,519,90.84,app
5102,2027,38.46,pos
5103,1934,112.02,web
5104,2160,59.77,pos
5105,1853,7.1,web
5106,1039,69.39,web
5107,2383,43.65,app
5108,1169,14.79,app
5109,142,44.69,app
5110,2914,49.82,pos
5111,1769,110.95,web
5112,325,200.28,pos
5113,3188,41.5,web
5114,42,38.13,app
5115,1495,193.2,web
5116,3725,129.37,app
5117,1432,152.47,app
5118,2847,79.26,app
5119,2778,47.77,web
5120,2226,34.26,pos
5121,2292,25.23,app
5122,3089,96.71,app
5123,1227,29.36,web
5124,1067,98.06,web
5125,604,82.4,pos
5126,2738,57.84,pos
5127,813,186.46,web
5128,2385,55.67,web
5129,3649,205.33,app
5130,1198,78.22,pos
5131,245,162.36,app
5132,1165,49.78,web
5133,2889,66.81,web
5134,1942,40.42,web
5135,1076,68.32,web
5136,352,76.01,web
5137,675,112.56,app
5138,2867,21.51,web
5139,1698,21.86,app
5140,3658,58.31,web
5141,241,31.3,app
5142,3626,242.06,web
5143,693,72.84,web
5144,2356,36.89,web
5145,3281,214.52,pos
5146,849,57.58,app
5147,1436,75.84,web
5148,35,44.19,web
5149,2396,110.55,app
5150,2176,163.27,app
5151,1508,87.94,app
5152,991,270.0,web
5153,223,57.21,web
5154,1156,76.86,app
5155,213,78.72,web
5156,2660,94.55,web
5157,2398,1.46,pos
5158,492,143.43,web
5159,1036,361.33,pos
5160,2407,17.15,web
5161,3340,38.47,app
5162,2985,153.55,app
5163,3745,229.47,app
5164,138,143.45,app
5165,2082,300.67,web
5166,2242,129.13,web
5167,269,38.6,web
5168,2886,103.83,pos
5169,1307,313.46,pos
5170,1733,107.37,web
5171,559,32.73,web
5172,1206,73.62,app
5173,148,144.58,pos
5174,626,59.34,app
5175,1104,78.75,web
5176,3821,128.54,web
5177,500,31.48,web
5178,1629,26.46,app
5179,2447,174.83,app
5180,782,75.79,web
5181,3497,34.05,web
5182,204,49.54,app
5183,965,145.35,app
5184,938,20.82,web
5185,2447,96.18,web
5186,3313,105.17,app
5187,2247,9.73,web
5188,741,25.93,web
5189,285,89.44,app
5190,2683,227.38,app
5191,3947,46.72,web
5192,3666,137.17,pos
5193,3660,105.98,web
5194,1538,132.39,app
5195,3867,39.06,web
5196,2121,95.89,web
5197,3734,52.29,pos
5198,622,143.79,web
5199,1159,93.84,app
5200,913,35.1,app
5201,2218,85.81,app
5202,1547,135.6,web
5203,2034,119.41,web
5204,2731,117.24,web
5205,1535,43.27,web
5206,1941,32.22,app
5207,3138,135.55,web
5208,3397,51.1,app
5209,2431,93.02,app
5210,2991,61.74,web
5211,3533,40.0,app
5212,2271,113.47,web
5213,35,100.2,app
5214,1736,33.56,app
5215,3850,83.32,app
5216,2236,26.69,app
5217,3632,22.7,app
5218,1737,71.2,pos
5219,2941,57.03,web
5220,1870,6.04,app
5221,653,32.96,web
5222,1219,28.14,web
5223,964,43.32,app
5224,685,141.17,web
5225,582,81.01,app
5226,3857,79.47,web
5227,2593,89.82,app
5228,190,82.44,pos
5229,157,135.46,app
5230,203,55.05,app
5231,882,151.64,pos
5232,438,94.36,web
5233,3282,96.51,app
5234,1599,76.96,web
5235,2400,48.83,pos
5236,2038,75.54,web
5237,2004,67.61,app
5238,1222,24.16,web
5239,2226,142.41,app
5240,2975,81.4,pos
5241,556,237.24,app
5242,1441,98.92,web
5243,2724,75.68,web
5244,492,100.81,app
5245,36,48.57,app
5246,1714,96.54,app
5247,492,173.7,pos
5248,1778,52.24,pos
5249,3042,99.27,app
5250,2036,37.47,app
5251,1002,208.29,app
5252,1192,34.6,pos
5253,3798,63.27,pos
5254,1649,6.28,web
5255,1527,91.9,web
5256,1391,21.88,app
5257,3545,104.03,app
5258,725,65.87,web
5259,3352,20.53,app
5260,1428,8.2,app
5261,2072,9.21,pos
5262,2578,108.16,web
5263,2154,64.03,app
5264,3903,17.81,web
5265,3132,56.9,web
5266,1971,110.48,web
5267,1049,82.0,app
5268,1948,177.03,web
5269,1754,141.42,app
5270,1115,15.03,app
5271,926,44.36,app
5272,1602,10.22,web
5273,2635,99.24,app
5274,3589,35.17,app
5275,1685,10.4,pos
5276,797,86.69,web
5277,972,54.31,app
5278,1862,101.99,app
5279,3993,80.98,web
5280,3777,97.02,web
5281,2303,150.39,app
5282,2817,92.4,app
5283,822,110.4,web
5284,2440,52.67,web
5285,3845,46.8,pos
5286,2182,164.66,app
5287,690,204.5,web
5288,64,27.23,pos
5289,536,157.6,web
5290,2233,51.82,pos
5291,2920,78.99,app
5292,1405,6.6,web
5293,1498,66.09,web
5294,601,169.0,app
5295,1115,68.69,pos
5296,1626,79.94,web
5297,120,171.21,web
5298,1944,114.54,app
5299,3307,48.16,web
5300,2873,96.47,app
5301,1022,119.3,pos
5302,2404,60.74,app
5303,2809,92.24,app
5304,977,21.86,app
5305,1393,131.99,web
5306,2401,111.9,pos
5307,1034,197.79,app
5308,1961,92.89,web
5309,1087,109.46,app
5310,1648,112.5,app
5311,909,31.25,web
5312,2470,18.61,web
5313,1795,85.0,app
5314,1793,186.03,app
5315,2249,37.73,web
5316,2634,106.42,app
5317,1328,62.51,web
5318,3705,85.63,app
5319,2840,38.41,app
5320,2217,102.41,web
5321,2066,21.27,app
5322,2546,69.15,app
5323,51,61.21,web
5324,1119,27.51,web
5325,504,42.06,web
5326,1333,78.23,web
5327,1595,69.43,app
5328,488,75.3,app
5329,986,18.38,web
5330,2448,86.29,web
5331,3295,57.67,web
5332,1190,50.01,app
5333,1406,146.54,app
5334,895,9.11,web
5335,2126,88.06,web
5336,3798,46.57,pos
5337,1607,57.26,web
5338,1390,31.87,web
5339,3626,86.27,pos
5340,1023,110.17,pos
5341,3009,279.35,web
5342,1111,23.08,web
5343,2118,208.36,app
5344,2560,65.39,pos
5345,2666,130.14,web
5346,2051,76.52,web
5347,1596,124.76,pos
5348,2282,49.82,app
5349,1314,210.54,app
5350,1275,145.34,web
5351,3747,25.48,web
5352,3802,16.67,web
5353,3874,26.88,pos
5354,1297,259.64,web
5355,1718,199.0,web
5356,305,84.77,pos
5357,370,30.01,web
5358,2398,63.03,pos
5359,3382,74.26,web
5360,3677,60.98,pos
5361,3514,7.68,app
5362,753,54.89,app
5363,3655,172.47,app
5364,620,127.09,web
5365,3087,70.29,web
5366,71,12.83,web
5367,3295,45.8,app
5368,3572,166.32,app
5369,1090,89.99,web
5370,2136,239.84,web
5371,1068,145.23,app
5372,3026,110.82,app
5373,2530,133.59,web
5374,3969,25.73,pos
5375,3793,222.18,web
5376,3157,272.22,web
5377,1308,180.93,web
5378,2543,137.63,app
5379,3592,189.96,app
5380,1142,94.75,web
5381,2457,175.06,web
5382,324,58.49,web
5383,2393,60.87,web
5384,1258,26.5,app
5385,2983,136.35,web
5386,140,73.27,web
5387,2210,75.42,app
5388,3390,29.88,app
5389,3773,47.02,web
5390,3014,24.92,web
5391,3509,26.7,pos
5392,2700,48.44,web
5393,3672,111.13,web
5394,2281,414.16,web
5395,74,118.39,web
5396,2490,118.99,app
5397,1044,35.24,pos
5398,1938,109.06,web
5399,2662,87.92,app
5400,277,97.84,app
5401,3481,31.12,web
5402,3946,206.02,app
5403,3308,156.51,web
5404,756,87.83,app
5405,2109,178.83,web
5406,177,90.56,app
5407,3827,55.09,pos
5408,2062,128.51,app
5409,3788,145.16,app
5410,475,137.7,pos
5411,47,163.12,web
5412,1512,164.54,pos
5413,1243,107.23,app
5414,3325,74.54,web
5415,1094,67.49,app
5416,1675,100.51,web
5417,3837,97.36,app
5418,996,200.64,web
5419,2614,63.67,web
5420,2093,90.85,pos
5421,1267,36.89,web
5422,739,117.98,app
5423,2224,36.88,web
5424,1383,24.82,web
5425,2170,66.95,web
5426,3828,94.66,web
5427,378,177.95,pos
5428,901,52.5,web
5429,1837,110.83,web
5430,3250,76.02,web
5431,1090,22.38,web
5432,3686,47.67,app
5433,46,78.99,pos
5434,3977,95.64,pos
5435,712,87.95,web
5436,3,17.76,app
5437,2306,132.9,web
5438,14,68.82,web
5439,2376,18.59,app
5440,545,54.92,web
5441,2907,177.0,pos
5442,2397,51.7,app
5443,2545,131.53,app
5444,2115,44.62,web
5445,2624,98.71,pos
5446,3372,4.07,app
5447,3244,21.27,app
5448,257,159.01,app
5449,3381,64.32,app
5450,1823,18.14,web
5451,1216,258.5,web
5452,3157,149.82,app
5453,2151,66.56,web
5454,2579,12.02,web
5455,2304,30.65,web
5456,1368,126.57,app
5457,1462,151.09,web
5458,805,27.32,web
5459,3256,41.83,app
5460,1651,31.35,web
5461,1243,31.78,web
5462,621,93.03,web
5463,3369,262.47,web
5464,661,27.51,app
5465,1419,23.16,pos
5466,3281,167.84,web
5467,1500,154.54,pos
5468,231,186.1,web
5469,2230,30.48,web
5470,3375,4.33,web
5471,2785,64.73,web
5472,552,108.8,app
5473,3152,72.02,app
5474,672,5.94,web
5475,3837,21.36,app
5476,374,85.27,app
5477,649,59.04,app
5478,1306,22.41,app
5479,689,176.22,app
5480,2201,72.37,app
5481,289,13.65,web
5482,1760,135.98,app
5483,1348,111.08,app
5484,3518,53.73,app
5485,3168,89.11,web
5486,2550,140.86,web
5487,3630,182.6,web
5488,1415,21.89,pos
5489,2143,90.77,app
5490,1775,156.22,web
5491,630,143.01,web
5492,879,78.12,pos
5493,2768,82.28,web
5494,2796,42.32,web
5495,295,82.19,app
5496,2108,63.02,app
5497,2495,44.52,app
5498,2517,91.76,web
5499,1121,183.83,app
5500,125,36.88,web
5501,782,46.24,web
5502,3497,69.51,web
5503,1827,20.36,app
5504,3572,64.1,app
5505,495,32.06,web
5506,2892,154.3,web
5507,2063,95.88,app
5508,337,25.08,app
5509,2376,115.84,pos
5510,1388,144.33,web
5511,1836,138.58,web
5512,1098,55.11,app
5513,498,24.19,web
5514,1691,25.89,web
5515,3631,23.06,app
5516,409,103.55,app
5517,3125,176.17,web
5518,914,80.52,web
5519,1268,102.29,web
5520,1790,51.43,app
5521,268,19.61,app
5522,3465,140.81,pos
5523,1723,83.1,app
5524,3347,33.05,pos
5525,1135,43.17,web
5526,2608,29.32,app
5527,489,266.42,app
5528,89,202.38,web
5529,926,82.42,web
5530,1991,36.58,app
5531,1812,87.51,pos
5532,3724,41.93,app
5533,1264,127.79,pos
5534,983,138.29,web
5535,2860,29.29,web
5536,139,58.58,web
5537,3444,135.2,web
5538,1316,131.02,app
5539,1253,42.26,web
5540,1771,19.63,pos
5541,898,117.88,web
5542,3833,146.47,web
5543,612,174.1,app
5544,3946,39.91,web
5545,1949,99.18,web
5546,333,69.21,app
5547,1146,32.05,web
5548,2499,58.3,web
5549,3633,170.27,pos
5550,1596,125.44,web
5551,1165,129.68,app
5552,2811,81.37,web
5553,1367,41.02,web
5554,3599,88.27,web
5555,248,118.17,web
5556,3014,92.35,pos
5557,2126,70.77,web
5558,1816,151.54,pos
5559,834,304.39,app
5560,150,33.15,web
5561,2989,42.99,web
5562,3701,182.09,app
5563,2273,95.61,web
5564,3739,28.61,app
5565,1567,64.27,app
5566,2567,130.31,app
5567,90,121.4,app
5568,3542,61.23,app
5569,2743,24.4,web
5570,1321,32.67,web
5571,772,93.69,web
5572,1397,71.71,web
5573,1637,101.85,app
5574,3865,20.52,app
5575,2568,202.07,web
5576,1344,74.59,web
5577,1300,155.01,app
5578,1817,72.72,web
5579,3302,57.39,web
5580,1301,137.67,web
5581,2577,52.02,app
5582,864,103.92,web
5583,146,60.08,web
5584,1748,16.9,app
5585,662,96.68,app
5586,3012,37.78,app
5587,2487,48.73,pos
5588,2953,103.9,pos
5589,2278,13.48,web
5590,189,131.42,web
5591,3452,102.05,app
5592,1310,60.09,app
5593,3157,74.62,app
5594,3229,230.04,app
5595,1900,26.85,web
5596,3326,50.56,web
5597,1410,58.2,app
5598,1307,214.33,web
5599,756,37.67,pos
5600,3200,172.53,web
5601,1350,94.63,app
5602,2885,73.24,web
5603,1435,130.42,pos
5604,1398,47.65,pos
5605,672,48.8,web
5606,2131,54.08,web
5607,1787,22.95,web
5608,690,5.61,pos
5609,2592,45.84,app
5610,119,62.54,app
5611,1801,157.41,app
5612,888,99.39,app
5613,451,182.73,web
5614,2300,242.64,app
5615,25,115.44,app
5616,3112,43.39,web
5617,1167,19.32,app
5618,3653,75.36,app
5619,539,111.27,web
5620,3563,37.78,app
5621,2901,43.29,web
5622,187,19.92,web
5623,1269,143.22,pos
5624,3439,51.92,web
5625,969,133.16,web
5626,418,72.39,app
5627,2816,68.04,web
5628,333,49.18,web
5629,2254,73.75,web
5630,1248,169.44,web
5631,1357,33.65,pos
5632,1167,23.82,pos
5633,881,34.66,app
5634,3379,110.58,web
5635,756,57.05,app
5636,1532,75.42,web
5637,108,33.45,web
5638,1167,28.16,web
5639,2022,44.56,app
5640,2155,109.63,app
5641,3332,138.35,app
5642,3772,140.49,pos
5643,2477,42.04,pos
5644,1127,105.9,web
5645,1471,72.86,app
5646,3309,25.6,web
5647,2200,15.27,web
5648,2914,30.99,app
5649,3764,81.86,app
5650,1876,41.16,app
5651,2890,84.52,app
5652,2979,74.99,web
5653,3310,130.75,app
5654,1989,185.08,web
5655,2057,63.39,web
5656,2807,23.65,app
5657,1809,41.39,web
5658,1412,55.31,web
5659,961,171.25,web
5660,1900,106.01,app
5661,2053,91.6,app
5662,843,42.85,web
5663,1617,53.21,web
5664,1261,33.06,app
5665,2888,158.48,pos
5666,3971,59.98,web
5667,506,80.45,web
5668,2388,65.03,app
5669,750,35.13,web
5670,2508,105.12,app
5671,642,59.55,pos
5672,1305,75.93,pos
5673,3879,46.19,web
5674,2456,90.16,web
5675,1167,82.73,web
5676,1029,49.55,pos
5677,1830,72.39,web
5678,1498,18.9,app
5679,3746,43.44,app
5680,3916,71.74,web
5681,762,41.39,app
5682,3062,55.07,app
5683,3232,90.07,web
5684,1728,67.55,pos
5685,1107,173.65,app
5686,2238,182.16,pos
5687,197,215.7,app
5688,1241,96.48,web
5689,2599,165.15,web
5690,2814,123.71,pos
5691,14,60.42,pos
5692,1168,130.92,web
5693,387,73.91,web
5694,3369,136.66,app
5695,1674,245.22,web
5696,3785,58.89,app
5697,1916,34.08,app
5698,2678,106.09,web
5699,1384,110.18,app
5700,805,86.2,web
5701,3950,26.61,app
5702,1750,133.2,pos
5703,467,37.87,web
5704,1156,42.81,app
5705,232,133.92,web
5706,1471,18.77,web
5707,839,98.87,app
5708,649,104.82,app
5709,2270,251.45,web
5710,2418,57.89,pos
5711,3820,62.0,app
5712,1298,83.03,app
5713,653,75.64,pos
5714,665,67.62,web
5715,1041,50.34,web
5716,3756,84.96,web
5717,2086,92.99,web
5718,118,35.05,web
5719,1599,45.49,app
5720,3994,38.74,app
5721,1790,35.4,app
5722,416,64.6,app
5723,535,130.37,pos
5724,1775,174.32,web
5725,1302,139.69,app
5726,1943,79.87,pos
5727,2547,155.9,web
5728,2965,62.45,web
5729,2582,69.36,web
5730,3658,59.93,app
5731,947,94.0,app
5732,1542,65.64,web
5733,681,74.87,web
5734,2823,92.39,web
5735,956,25.8,web
5736,100,51.91,web
5737,3265,83.87,app
5738,98,60.72,app
5739,947,95.46,web
5740,1344,142.57,pos
5741,1947,83.73,web
5742,1542,129.99,web
5743,78,113.3,app
5744,1542,122.25,app
5745,3509,36.94,web
5746,1679,26.97,app
5747,1216,112.01,app
5748,2484,38.84,web
5749,3193,106.64,app
5750,869,47.11,web
5751,2876,206.0,web
5752,1520,53.44,web
5753,592,210.67,web
5754,1327,39.21,pos
5755,2051,56.07,web
5756,3970,79.7,web
5757,3345,130.46,pos
5758,676,61.67,web
5759,1828,48.97,pos
5760,210,59.17,web
5761,1958,97.78,web
5762,750,66.06,app
5763,415,78.71,web
5764,2898,172.94,web
5765,3711,97.05,web
5766,675,105.23,web
5767,3344,3.64,pos
5768,2359,77.14,web
5769,1891,175.51,web
5770,2713,130.93,app
5771,940,51.14,web
5772,1107,225.49,app
5773,2754,51.62,web
5774,3298,98.78,web
5775,827,70.6,web
5776,3796,45.64,pos
5777,3125,73.09,app
5778,1024,80.93,web
5779,2793,56.52,app
5780,1373,7.52,app
5781,1580,34.54,app
5782,2186,115.24,web
5783,320,20.8,pos
5784,1337,81.26,web
5785,157,101.19,web
5786,3497,63.14,pos
5787,42,100.2,web
5788,3955,49.47,web
5789,3295,23.12,web
5790,1892,56.74,pos
5791,1736,73.51,pos
5792,2755,217.96,pos
5793,1649,297.22,app
5794,220,26.42,pos
5795,1275,56.84,web
5796,2750,13.84,app
5797,3809,270.99,web
5798,734,68.7,web
5799,3767,79.19,pos
5800,1650,38.13,web
5801,202,87.79,web
5802,3994,14.72,web
5803,3353,248.68,web
5804,783,24.16,web
5805,709,85.87,app
5806,3259,78.62,web
5807,2177,86.6,web
5808,265,249.27,app
5809,3340,148.33,web
5810,3361,74.02,web
5811,1622,45.88,web
5812,367,153.33,web
5813,1275,23.47,web
5814,42,152.54,web
5815,143,70.63,pos
5816,376,102.5,pos
5817,284,80.59,web
5818,2876,215.66,pos
5819,2512,90.62,app
5820,1416,171.44,web
5821,2898,58.29,web
5822,622,84.11,web
5823,3310,96.87,web
5824,2998,57.03,web
5825,2589,48.53,app
5826,2635,19.4,app
5827,3964,24.94,web
5828,366,42.48,web
5829,3091,194.36,web
5830,2312,115.67,web
5831,1975,62.38,pos
5832,1879,9.76,app
5833,3408,32.18,pos
5834,3527,57.71,app
5835,836,170.11,web
5836,3489,64.35,app
5837,3417,93.57,app
5838,1706,71.65,web
5839,1056,235.2,web
5840,2217,171.25,web
5841,3408,76.09,pos
5842,1600,60.15,pos
5843,3081,235.19,web
5844,849,106.13,app
5845,3544,44.53,web
5846,2858,199.49,app
5847,1814,63.29,app
5848,2716,58.28,web
5849,949,150.78,web
5850,357,104.95,web
5851,13,168.95,web
5852,3255,25.16,pos
5853,2824,152.9,web
5854,3654,110.55,web
5855,3913,80.76,app
5856,1645,27.71,web
5857,767,4.41,web
5858,1270,205.59,web
5859,849,195.77,web
5860,855,14.77,app
5861,3941,35.3,pos
5862,3152,71.77,pos
5863,1544,155.42,web
5864,785,315.43,pos
5865,3134,44.9,app
5866,3416,46.69,web
5867,3433,96.46,web
5868,1348,103.67,web
5869,1153,19.22,web
5870,797,23.15,web
5871,973,35.42,web
5872,3986,70.73,app
5873,1201,54.7,app
5874,3430,89.3,app
5875,885,42.78,app
5876,1407,10.42,app
5877,1634,26.41,app
5878,914,165.81,web
5879,1790,20.61,web
5880,2726,46.78,pos
5881,2271,6.75,app
5882,2430,20.05,app
5883,2835,62.22,web
5884,3318,263.82,web
5885,3853,96.95,app
5886,2447,166.2,web
5887,111,11.97,web
5888,1630,35.78,pos
5889,1347,20.14,web
5890,1699,142.47,app
5891,1127,338.71,web
5892,1224,242.88,web
5893,2693,38.68,web
5894,881,54.11,web
5895,2272,82.92,app
5896,1392,11.0,web
5897,2894,20.32,pos
5898,2752,103.29,app
5899,3920,103.62,web
5900,3985,58.04,web
5901,3524,124.22,web
5902,3501,69.7,web
5903,1298,30.06,app
5904,825,36.35,web
5905,228,76.71,pos
5906,3150,218.28,app
5907,3987,91.48,web
5908,513,68.7,pos
5909,76,97.77,web
5910,3531,130.23,app
5911,3998,27.28,app
5912,1074,30.86,web
5913,234,13.03,app
5914,1938,95.95,pos
5915,1868,112.8,app
5916,594,36.51,pos
5917,2475,123.7,app
5918,2007,60.79,pos
5919,1187,111.31,web
5920,3835,179.27,web
5921,3158,55.91,web
5922,3463,91.86,web
5923,1910,41.27,app
5924,1551,104.28,web
5925,1294,82.87,app
5926,380,36.75,web
5927,3563,29.16,app
5928,2445,101.78,web
5929,1892,45.45,app
5930,2901,54.3,web
5931,847,223.14,pos
5932,3623,9.6,app
5933,3604,73.06,app
5934,3026,141.84,pos
5935,590,286.17,pos
5936,3561,109.67,web
5937,1230,113.17,web
5938,2961,88.59,pos
5939,1420,137.32,web
5940,1478,116.08,pos
5941,2155,58.13,web
5942,3901,91.95,web
5943,1966,133.91,web
5944,1116,43.46,web
5945,3915,166.6,app
5946,1872,43.28,app
5947,2485,74.77,web
5948,2496,94.98,pos
5949,3312,22.98,app
5950,2421,82.85,app
5951,454,46.48,web
5952,2739,79.67,app
5953,1474,155.62,pos
5954,2296,42.3,web
5955,758,48.95,app
5956,512,54.83,web
5957,1654,133.57,app
5958,3246,106.31,app
5959,3577,214.09,app
5960,2805,24.78,web
5961,904,115.48,app
5962,577,129.19,web
5963,881,50.5,pos
5964,2618,43.79,pos
5965,3010,15.16,web
5966,917,291.33,web
5967,504,139.41,web
5968,2062,29.02,web
5969,2427,78.18,app
5970,1834,99.96,app
5971,3357,23.6,app
5972,727,143.82,web
5973,3125,24.04,web
5974,1623,92.06,pos
5975,1372,88.73,pos
5976,1196,6.5,app
5977,1724,14.42,web
5978,2963,259.45,web
5979,3666,69.08,pos
5980,213,254.15,web
5981,2671,42.24,web
5982,1273,292.79,web
5983,2104,11.4,app
5984,112,83.07,web
5985,408,197.69,web
5986,2547,56.24,web
5987,352,50.89,pos
5988,3672,75.07,app
5989,2675,174.18,app
5990,2143,151.93,app
5991,3544,74.86,app
5992,3708,100.48,web
5993,2767,43.28,web
5994,2423,102.48,web
5995,1256,135.08,pos
5996,3301,59.89,web
5997,427,148.15,web
5998,2018,191.67,app
5999,2462,129.23,app
6000,3453,118.24,app
6001,1708,96.89,app
6002,400,187.7,pos
6003,549,87.27,pos
6004,1940,110.73,web
6005,2009,43.17,web
6006,1153,128.56,app
6007,306,112.37,app
6008,1041,73.77,app
6009,2820,43.37,web
6010,2313,204.94,pos
6011,761,125.71,web
6012,475,200.32,web
6013,3775,58.65,pos
6014,3636,202.67,app
6015,2194,35.11,web
6016,1298,39.09,web
6017,2706,256.19,web
6018,296,124.67,app
6019,1221,36.03,app
6020,933,308.99,web
6021,1431,67.26,web
6022,1450,39.79,web
6023,3987,48.38,pos
6024,1613,98.84,web
6025,2301,94.72,app
6026,50,138.48,app
6027,196,52.35,app
6028,752,278.86,web
6029,1628,89.48,app
6030,2137,123.23,app
6031,3598,46.6,pos
6032,1074,163.82,pos
6033,2477,17.74,app
6034,1425,73.89,pos
6035,2002,152.83,app
6036,2700,98.91,app
6037,3468,150.18,web
6038,2984,180.54,web
6039,958,69.67,web
6040,2152,136.66,web
6041,1428,96.61,pos
6042,1679,176.62,app
6043,3124,72.13,web
6044,1701,56.56,pos
6045,1806,46.35,web
6046,1187,49.43,web
6047,1662,242.86,pos
6048,3962,41.98,web
6049,1389,83.47,app
6050,511,27.1,web
6051,8,71.1,pos
6052,3200,30.83,web
6053,525,31.26,web
6054,1194,53.61,pos
6055,276,66.79,pos
6056,3448,106.82,app
6057,333,32.58,web
6058,3741,40.3,pos
6059,2522,35.17,web
6060,2496,105.78,web
6061,1611,42.91,web
6062,3343,27.08,web
6063,584,121.67,web
6064,3446,41.77,app
6065,3953,30.73,web
6066,1289,80.32,web
6067,2529,77.17,web
6068,369,45.8,pos
6069,726,81.99,app
6070,3842,24.7,web
6071,2073,29.0,pos
6072,2952,11.24,web
6073,2158,53.08,web
6074,3491,33.89,pos
6075,1224,108.0,app
6076,33,64.13,app
6077,2841,121.45,app
6078,3099,103.68,pos
6079,3301,25.69,pos
6080,3099,66.44,pos
6081,262,63.84,web
6082,2968,219.57,app
6083,2697,107.0,web
6084,3980,36.22,web
6085,1530,177.61,app
6086,3706,12.23,pos
6087,2031,39.18,web
6088,3558,99.14,web
6089,1851,27.42,web
6090,1456,90.16,app
6091,2903,15.15,app
6092,700,73.01,web
6093,2241,96.44,web
6094,1785,162.78,web
6095,3001,293.4,web
6096,58,32.53,app
6097,3360,78.51,pos
6098,2439,255.61,web
6099,2915,54.54,app
6100,1318,81.39,app
6101,910,32.08,app
6102,22,63.28,app
6103,3699,74.45,app
6104,3768,18.67,pos
6105,404,126.31,app
6106,1686,70.42,app
6107,3622,102.11,web
6108,3445,69.74,app
6109,2229,13.68,web
6110,2201,60.57,app
6111,372,136.36,app
6112,1528,47.82,pos
6113,687,34.72,web
6114,866,53.31,web
6115,884,112.21,app
6116,2873,55.54,web
6117,653,87.9,app
6118,789,86.72,web
6119,1104,68.9,app
6120,3741,197.93,web
6121,1985,40.27,app
6122,3334,29.27,web
6123,2242,90.86,app
6124,2191,50.23,web
6125,933,19.8,web
6126,2918,37.02,app
6127,3789,101.64,web
6128,925,33.66,web
6129,468,152.11,web
6130,1971,122.69,app
6131,3698,47.86,web
6132,2976,154.54,app
6133,3774,65.74,app
6134,1060,93.03,web
6135,2252,38.32,pos
6136,1579,44.16,web
6137,2644,148.73,app
6138,3781,36.06,web
6139,3015,113.61,web
6140,1753,46.47,app
6141,464,199.81,app
6142,476,64.11,web
6143,1618,66.38,app
6144,1361,146.29,app
6145,3574,63.79,app
6146,873,99.05,pos
6147,326,113.73,pos
6148,7,80.95,web
6149,3491,60.97,pos
6150,3846,230.42,pos
6151,907,86.64,pos
6152,1648,32.44,web
6153,1094,64.13,web
6154,1814,225.91,web
6155,103,17.11,web
6156,150,58.02,web
6157,1475,67.06,pos
6158,1446,12.6,app
6159,77,82.92,web
6160,371,47.74,web
6161,3088,162.84,app
6162,242,143.28,web
6163,503,52.49,web
6164,2234,134.41,web
6165,3267,43.61,web
6166,3602,30.12,web
6167,1709,18.45,web
6168,1011,118.48,web
6169,2909,132.35,web
6170,2123,30.64,app
6171,674,65.52,app
6172,1696,109.7,web
6173,1959,35.29,app
6174,2525,183.97,web
6175,1088,49.25,app
6176,3679,124.58,app
6177,3088,102.07,web
6178,618,44.71,web
6179,1076,176.51,app
6180,2408,175.17,app
6181,3258,55.38,pos
6182,3501,36.0,web
6183,2200,165.62,app
6184,2369,123.65,web
6185,1275,115.73,web
6186,1311,119.34,app
6187,1138,87.15,web
6188,264,102.19,pos
6189,2510,116.69,app
6190,2159,69.82,web
6191,1577,21.33,app
6192,2069,52.55,app
6193,2374,55.73,app
6194,1569,93.08,app
6195,1990,138.53,web
6196,1364,105.47,web
6197,3793,240.61,web
6198,321,130.09,web
6199,1055,71.91,web
6200,1399,51.77,app
6201,3381,76.2,web
6202,2242,51.56,web
6203,261,98.04,pos
6204,3823,46.01,web
6205,1381,7.95,pos
6206,3354,109.91,app
6207,1050,163.72,web
6208,1339,58.62,web
6209,3497,49.08,pos
6210,3403,120.43,app
6211,79,67.78,web
6212,1716,97.13,web
6213,1711,168.73,pos
6214,1238,82.36,app
6215,2171,192.82,pos
6216,1898,110.56,app
6217,1994,20.78,web
6218,1363,41.1,app
6219,1326,57.48,app
6220,1217,66.61,web
6221,3378,50.39,web
6222,3254,87.41,web
6223,1602,207.04,web
6224,2298,38.73,app
6225,2199,64.42,app
6226,3893,95.26,web
6227,23,30.98,web
6228,2630,98.59,web
6229,2054,139.29,app
6230,3884,206.63,app
6231,2700,90.14,web
6232,2111,17.4,web
6233,1159,71.17,web
6234,2280,59.05,web
6235,3518,7.22,app
6236,3960,197.12,app
6237,681,92.17,app
6238,3474,143.57,web
6239,206,82.64,web
6240,1195,93.52,app
6241,3701,102.7,web
6242,1520,153.56,pos
6243,3758,90.17,web
6244,3069,107.2,pos
6245,1767,171.96,web
6246,2133,178.31,app
6247,2829,246.31,app
6248,159,105.38,web
6249,675,116.71,app
6250,3930,31.26,web
6251,1518,108.28,pos
6252,2058,134.99,web
6253,2266,35.97,pos
6254,886,60.37,app
6255,1562,100.42,pos
6256,2768,10.21,app
6257,198,87.37,pos
6258,3243,113.47,pos
6259,2773,170.52,app
6260,1385,43.06,app
6261,261,45.49,web
6262,2842,32.79,web
6263,3228,68.48,app
6264,1062,154.84,app
6265,2844,134.15,web
6266,3197,100.4,web
6267,2716,77.06,web
6268,1881,80.57,pos
6269,1277,87.43,app
6270,1213,20.3,pos
6271,3856,98.75,web
6272,54,6.63,web
6273,3986,87.29,app
6274,1361,132.25,web
6275,2424,9.34,pos
6276,311,62.08,pos
6277,263,101.84,web
6278,1527,116.27,pos
6279,1512,63.61,web
6280,2291,21.74,app
6281,2491,128.63,app
6282,2803,38.11,app
6283,2126,153.77,web
6284,1560,93.84,pos
6285,2499,5.28,web
6286,2396,150.56,web
6287,2499,58.95,web
6288,1963,18.83,pos
6289,1500,89.78,web
6290,3065,24.58,web
6291,1073,137.41,app
6292,2351,53.27,app
6293,2273,72.19,web
6294,1751,86.23,app
6295,1915,147.74,app
6296,2554,82.1,web
6297,1894,28.18,web
6298,1164,125.08,app
6299,803,55.26,app
6300,3635,14.98,app
6301,3499,120.04,app
6302,3613,111.27,pos
6303,458,213.43,app
6304,934,45.39,app
6305,977,68.38,web
6306,2824,87.97,web
6307,3460,115.18,app
6308,524,171.32,web
6309,2735,88.95,web
6310,2546,34.56,web
6311,2163,114.72,app
6312,3987,17.38,app
6313,753,180.53,web
6314,2668,168.72,web
6315,655,15.14,web
6316,2104,65.48,app
6317,1698,43.44,pos
6318,1379,243.57,web
6319,2515,23.36,web
6320,3964,118.02,app
6321,2666,239.56,web
6322,1511,164.07,app
6323,3602,102.41,web
6324,1533,22.72,web
6325,2564,45.82,web
6326,1996,37.35,web
6327,721,50.1,pos
6328,3039,65.65,web
6329,3860,144.05,app
6330,429,47.54,app
6331,3948,121.7,web
6332,1076,86.51,web
6333,2129,144.66,pos
6334,2312,23.8,web
6335,1294,28.94,pos
6336,751,99.77,web
6337,3278,89.76,web
6338,2111,84.96,web
6339,163,98.04,pos
6340,2588,40.76,web
6341,1941,113.37,web
6342,955,32.47,web
6343,3711,171.5,app
6344,1096,71.24,app
6345,2106,86.87,app
6346,2597,85.73,web
6347,1649,54.05,web
6348,1725,256.96,web
6349,34,173.06,web
6350,1498,66.56,app
6351,3555,180.3,web
6352,3715,112.75,web
6353,2628,158.93,web
6354,2498,170.22,app
6355,3904,63.98,app
6356,886,69.92,app
6357,2547,141.07,web
6358,877,41.71,web
6359,2041,42.28,web
6360,2371,271.69,app
6361,45,99.43,pos
6362,2287,53.42,web
6363,2991,88.0,app
6364,701,99.79,web
6365,3511,40.86,app
6366,412,48.8,web
6367,3678,27.01,pos
6368,1169,92.04,app
6369,1250,48.83,app
6370,3637,62.1,app
6371,1262,159.63,web
6372,3167,72.23,app
6373,2199,54.68,web
6374,3598,141.75,pos
6375,956,98.98,web
6376,2651,45.67,web
6377,1134,48.91,pos
6378,3241,85.23,web
6379,1862,56.27,web
6380,3910,51.08,pos
6381,3251,241.06,web
6382,3161,103.61,web
6383,919,134.09,web
6384,1032,27.0,app
6385,152,105.31,app
6386,234,34.55,app
6387,160,34.76,pos
6388,3162,15.05,web
6389,3092,151.03,web
6390,3792,103.17,app
6391,121,113.0,web
6392,1280,40.2,app
6393,3773,85.34,web
6394,2555,20.99,app
6395,149,70.72,web
6396,884,283.34,app
6397,2571,43.1,app
6398,2544,30.75,web
6399,3166,91.58,pos
6400,286,154.15,web
6401,589,49.37,web
6402,518,44.13,app
6403,1217,159.23,app
6404,3315,38.08,pos
6405,3589,103.87,pos
6406,2462,26.29,web
6407,3201,84.18,app
6408,2877,31.25,web
6409,2428,83.0,pos
6410,1481,111.92,web
6411,409,159.77,app
6412,3465,26.17,app
6413,3638,49.1,pos
6414,1186,46.26,app
6415,104,88.7,web
6416,549,49.32,app
6417,1574,36.96,app
6418,658,136.37,pos
6419,174,62.53,app
6420,562,102.82,pos
6421,57,149.12,app
6422,2794,429.99,app
6423,1248,159.12,web
6424,3972,92.9,web
6425,3035,56.6,pos
6426,2113,45.69,web
6427,792,21.06,app
6428,1071,32.11,web
6429,3647,30.5,app
6430,95,103.64,web
6431,192,80.71,web
6432,3136,98.84,web
6433,2993,80.37,web
6434,720,107.76,web
6435,3304,110.53,web
6436,2801,164.86,web
6437,2151,109.99,app
6438,1093,19.13,app
6439,1887,133.12,app
6440,3104,102.22,web
6441,1903,85.19,web
6442,2502,70.43,web
6443,2227,149.25,pos
6444,1760,208.42,web
6445,2893,323.71,web
6446,1056,143.17,web
6447,1343,62.97,web
6448,2355,89.12,web
6449,3736,9.27,web
6450,2776,158.52,web
6451,354,43.35,web
6452,143,53.53,pos
6453,2608,106.93,web
6454,1225,43.6,web
6455,169,17.74,app
6456,3028,108.89,pos
6457,1368,79.06,app
6458,1071,74.84,web
6459,2119,36.69,web
6460,2908,127.67,web
6461,490,29.85,pos
6462,1627,74.09,web
6463,3022,86.53,app
6464,2739,90.19,pos
6465,455,50.34,web
6466,3692,62.71,pos
6467,744,141.15,app
6468,668,41.19,web
6469,183,115.38,web
6470,3696,47.95,web
6471,824,177.21,web
6472,3559,65.51,pos
6473,2386,74.04,app
6474,2038,50.06,app
6475,3644,220.3,web
6476,182,157.89,pos
6477,3412,14.87,app
6478,3233,43.02,app
6479,3740,115.48,web
6480,2363,33.6,app
6481,3947,118.59,pos
6482,1254,58.54,web
6483,3,39.81,app
6484,170,150.18,app
6485,3233,49.21,pos
6486,1547,18.74,app
6487,234,128.85,app
6488,295,401.99,web
6489,3163,52.43,web
6490,1792,67.42,web
6491,1034,19.02,web
6492,260,71.05,web
6493,3803,158.39,web
6494,2653,84.16,web
6495,3142,47.04,web
6496,2493,40.45,app
6497,2867,157.27,app
6498,927,214.53,app
6499,1503,29.01,app
6500,2520,81.87,web
6501,2383,99.87,app
6502,700,323.9,web
6503,617,32.58,pos
6504,511,121.84,pos
6505,3402,52.33,web
6506,1436,182.27,web
6507,3227,70.63,app
6508,724,68.7,app
6509,919,145.94,web
6510,1863,237.78,web
6511,3660,62.48,app
6512,2268,52.15,app
6513,1705,33.97,web
6514,1853,35.0,app
6515,539,86.66,app
6516,2155,49.42,web
6517,2994,58.92,app
6518,3391,69.94,pos
6519,3467,93.27,app
6520,3955,121.15,web
6521,240,96.61,web
6522,294,206.46,app
6523,190,27.81,app
6524,2450,134.44,app
6525,153,110.24,app
6526,86,90.46,web
6527,3047,117.49,app
6528,2085,181.18,web
6529,2919,306.21,web
6530,1607,159.32,app
6531,3342,72.88,app
6532,35,39.13,web
6533,2069,69.15,app
6534,3735,186.25,app
6535,966,47.58,web
6536,1567,112.96,web
6537,107,20.14,web
6538,2035,49.07,app
6539,3370,100.07,pos
6540,3055,51.8,app
6541,1698,70.15,app
6542,2360,84.09,app
6543,2139,48.63,app
6544,3447,51.32,pos
6545,328,82.18,web
6546,258,65.29,pos
6547,3693,67.11,web
6548,114,34.65,web
6549,342,53.06,web
6550,737,65.84,web
6551,1190,66.57,app
6552,2510,100.33,app
6553,1468,33.87,web
6554,2479,5.76,app
6555,629,63.96,web
6556,732,82.4,web
6557,2717,73.76,web
6558,222,33.14,app
6559,3980,29.39,pos
6560,2148,28.58,web
6561,2607,77.39,web
6562,3610,54.82,web
6563,1628,55.89,web
6564,740,66.89,web
6565,2564,126.61,web
6566,1713,60.92,web
6567,1224,62.96,web
6568,3343,170.42,app
6569,2136,54.57,pos
6570,3263,120.44,app
6571,779,30.15,app
6572,2469,110.44,app
6573,1568,391.94,web
6574,2988,88.83,app
6575,921,232.18,pos
6576,1729,19.45,web
6577,799,128.49,app
6578,2998,47.44,pos
6579,273,24.56,web
6580,520,110.5,app
6581,2224,38.37,pos
6582,461,92.1,web
6583,3916,51.78,app
6584,2222,56.15,app
6585,431,75.37,app
6586,3237,184.74,app
6587,717,197.18,app
6588,3637,25.15,web
6589,2951,52.29,app
6590,1841,330.47,pos
6591,3525,44.57,web
6592,2176,183.11,pos
6593,565,121.0,pos
6594,3963,275.84,web
6595,1845,81.84,web
6596,3608,166.04,web
6597,3036,164.66,web
6598,1991,22.37,app
6599,248,8.38,web
6600,1247,63.36,web
6601,885,50.38,app
6602,1056,53.48,pos
6603,3165,133.96,app
6604,1382,60.77,pos
6605,2733,47.35,web
6606,217,56.38,app
6607,3936,34.48,web
6608,564,87.58,app
6609,1658,183.36,app
6610,2024,118.01,app
6611,121,116.74,app
6612,1742,105.67,web
6613,1586,113.08,web
6614,1184,77.49,app
6615,1287,110.04,pos
6616,1938,63.96,web
6617,74,74.16,web
6618,1256,99.22,pos
6619,661,87.57,web
6620,3890,62.54,web
6621,223,264.7,web
6622,436,34.81,web
6623,3873,61.81,pos
6624,1115,49.4,app
6625,1563,14.93,web
6626,3375,107.67,web
6627,3179,10.29,app
6628,1649,58.27,app
6629,718,12.0,pos
6630,982,42.74,web
6631,480,308.33,app
6632,3305,37.59,app
6633,3553,111.93,app
6634,3563,99.19,web
6635,2270,56.78,app
6636,473,100.89,app
6637,1370,203.18,app
6638,3723,71.08,app
6639,3741,30.51,web
6640,1516,234.05,app
6641,203,46.86,web
6642,3282,40.31,web
6643,1651,124.95,web
6644,3341,17.57,app
6645,1720,124.67,web
6646,1221,45.04,app
6647,3866,6.06,web
6648,1981,74.7,web
6649,914,52.06,app
6650,1392,81.99,pos
6651,1655,195.73,app
6652,1958,57.01,web
6653,3163,136.37,pos
6654,1044,20.96,web
6655,1204,110.28,web
6656,1179,30.88,web
6657,2642,60.67,pos
6658,246,76.87,app
6659,1040,27.64,pos
6660,472,12.97,web
6661,2092,30.38,pos
6662,3212,80.01,web
6663,1403,39.71,web
6664,1787,228.28,web
6665,1947,62.93,app
6666,1085,59.55,app
6667,1163,29.42,app
6668,322,54.8,web
6669,3118,77.23,web
6670,2198,230.71,app
6671,855,15.82,app
6672,2754,57.68,app
6673,1884,98.04,web
6674,1119,74.86,pos
6675,3913,77.44,app
6676,1464,38.48,web
6677,1640,22.4,app
6678,2385,21.38,web
6679,956,63.45,web
6680,2574,132.16,app
6681,3497,42.67,app
6682,578,92.08,pos
6683,3229,62.3,web
6684,1835,70.29,web
6685,3739,54.25,app
6686,2098,104.44,web
6687,2222,54.91,web
6688,1623,82.35,web
6689,2999,30.5,app
6690,2898,80.02,web
6691,795,89.06,app
6692,2477,191.29,web
6693,2478,119.27,app
6694,2145,135.55,pos
6695,1936,179.8,web
6696,2245,20.47,app
6697,132,34.75,web
6698,3618,74.43,pos
6699,1237,78.57,web
6700,990,109.03,web
6701,839,59.06,app
6702,3313,78.99,app
6703,2019,73.03,pos
6704,1821,33.4,app
6705,2017,48.91,web
6706,1320,115.87,web
6707,1542,260.64,pos
6708,2977,85.57,web
6709,3699,15.94,app
6710,3404,162.76,app
6711,280,78.41,pos
6712,2385,107.79,app
6713,1381,232.11,pos
6714,3712,53.17,web
6715,1967,47.73,web
6716,995,103.81,app
6717,2770,47.98,web
6718,263,134.77,web
6719,2832,67.63,web
6720,2322,89.09,app
6721,3737,40.61,pos
6722,1834,263.43,app
6723,3646,90.24,app
6724,283,53.58,web
6725,1873,91.44,app
6726,3354,133.29,web
6727,3313,107.66,pos
6728,3498,29.78,app
6729,893,76.69,app
6730,1957,72.8,pos
6731,248,81.06,app
6732,1277,17.96,pos
6733,2751,72.41,web
6734,281,22.63,pos
6735,2767,131.05,web
6736,3457,31.84,app
6737,3230,51.04,web
6738,3795,11.14,web
6739,2676,118.97,pos
6740,2725,90.32,app
6741,281,18.65,web
6742,1598,50.01,web
6743,3403,35.12,web
6744,741,47.27,app
6745,978,110.8,app
6746,1591,22.15,web
6747,3117,175.32,pos
6748,589,128.04,web
6749,3186,10.04,pos
6750,3737,45.3,web
6751,807,85.45,pos
6752,272,42.57,app
6753,629,104.14,app
6754,122,68.41,pos
6755,2779,64.43,pos
6756,90,183.82,app
6757,1779,28.16,web
6758,2264,99.61,app
6759,3976,119.58,app
6760,1930,172.22,web
6761,842,60.59,app
6762,1437,137.78,pos
6763,3013,29.74,pos
6764,1254,82.41,app
6765,3741,27.91,web
6766,858,122.42,web
6767,1475,23.72,web
6768,2002,222.72,web
6769,518,135.43,web
6770,209,114.94,app
6771,810,61.13,app
6772,3705,48.36,web
6773,976,42.35,web
6774,3564,125.2,web
6775,299,38.26,app
6776,1459,80.61,app
6777,939,26.55,web
6778,2996,115.29,app
6779,948,54.67,web
6780,1227,64.9,web
6781,1330,71.56,pos
6782,698,76.08,web
6783,1643,116.73,web
6784,365,160.03,pos
6785,2233,25.47,app
6786,2099,118.91,web
6787,1843,129.38,pos
6788,292,91.33,pos
6789,2818,196.45,web
6790,3320,82.41,web
6791,1634,117.6,web
6792,3133,91.73,app
6793,1433,67.62,web
6794,3806,48.36,web
6795,2813,173.4,web
6796,3774,60.25,web
6797,2320,157.81,app
6798,1648,24.45,pos
6799,3970,104.86,app
6800,3230,28.18,web
6801,1015,103.17,app
6802,2562,126.35,app
6803,3114,72.81,web
6804,808,171.01,web
6805,263,45.3,app
6806,2086,51.59,app
6807,2979,18.04,web
6808,1044,25.93,web
6809,2529,51.15,app
6810,566,20.44,app
6811,1646,89.81,app
6812,3036,144.78,web
6813,281,41.15,app
6814,2524,52.79,web
6815,1649,39.25,web
6816,1388,20.9,web
6817,982,158.72,web
6818,2439,22.71,web
6819,2900,97.79,app
6820,870,119.76,app
6821,2846,21.84,app
6822,2129,173.01,web
6823,3131,159.2,pos
6824,1388,1.4,web
6825,3505,97.76,web
6826,364,186.56,web
6827,891,205.9,app
6828,3391,81.65,app
6829,3848,89.62,app
6830,3759,30.09,app
6831,3446,78.64,web
6832,1495,38.64,pos
6833,2780,108.86,pos
6834,1122,138.08,app
6835,3582,128.65,app
6836,352,36.25,app
6837,667,39.51,app
6838,1962,92.08,web
6839,3468,117.13,pos
6840,2995,68.53,web
6841,344,58.44,app
6842,1053,49.08,app
6843,1971,38.96,pos
6844,3889,16.28,pos
6845,77,123.53,app
6846,2507,67.29,app
6847,1668,24.12,web
6848,3718,107.81,app
6849,594,208.34,app
6850,3684,119.75,web
6851,2961,139.76,web
6852,2641,82.49,web
6853,1667,58.96,app
6854,918,15.55,web
6855,1830,105.53,web
6856,2575,12.98,app
6857,2778,20.56,app
6858,1350,167.11,pos
6859,861,81.74,web
6860,2023,74.58,pos
6861,3075,85.68,app
6862,1567,85.49,web
6863,13,98.5,web
6864,64,31.89,web
6865,628,35.22,app
6866,1578,25.41,pos
6867,2279,56.09,app
6868,281,43.28,web
6869,1239,37.3,web
6870,3713,171.49,web
6871,1675,26.55,web
6872,1086,72.38,web
6873,1239,9.28,app
6874,113,60.6,web
6875,1340,168.11,web
6876,1680,185.96,app
6877,166,23.59,web
6878,2893,70.11,app
6879,76,124.16,web
6880,3811,108.57,app
6881,1570,110.55,app
6882,1627,119.03,pos
6883,923,45.98,app
6884,1466,61.97,app
6885,870,64.05,web
6886,335,77.22,app
6887,326,44.3,app
6888,3969,134.62,web
6889,384,220.28,web
6890,164,125.32,app
6891,2825,47.99,app
6892,149,47.36,web
6893,3100,123.35,app
6894,60,39.48,app
6895,3063,200.94,web
6896,2738,243.54,web
6897,3537,226.45,app
6898,1071,205.41,web
6899,3245,32.13,app
6900,3394,60.76,web
6901,3142,95.45,pos
6902,3010,285.02,app
6903,3150,127.2,app
6904,3180,119.2,app
6905,1385,18.81,pos
6906,661,18.72,web
6907,1329,72.24,web
6908,2731,136.49,app
6909,1458,63.84,pos
6910,3869,80.24,pos
6911,3120,8.03,web
6912,3353,168.7,pos
6913,1641,124.83,web
6914,813,193.85,web
6915,3911,56.13,web
6916,234,6.27,web
6917,3279,52.17,pos
6918,2003,87.59,app
6919,2633,105.43,app
6920,859,25.44,web
6921,24,41.91,app
6922,75,24.34,web
6923,1859,15.84,web
6924,686,13.63,web
6925,2586,139.17,app
6926,1508,75.94,web
6927,293,611.5,web
6928,2673,7.04,pos
6929,3875,84.46,app
6930,658,18.47,web
6931,2907,316.87,pos
6932,871,24.95,web
6933,3806,124.01,app
6934,747,84.84,web
6935,377,79.3,web
6936,3184,96.22,web
6937,120,52.7,pos
6938,829,172.88,app
6939,998,205.25,app
6940,463,87.73,app
6941,1219,22.8,app
6942,3376,63.72,web
6943,3462,94.21,pos
6944,2818,100.14,pos
6945,2014,111.18,web
6946,552,130.63,web
6947,306,22.58,app
6948,1179,125.32,web
6949,2232,77.33,app
6950,3777,175.19,web
6951,106,100.08,web
6952,806,50.7,web
6953,2671,188.34,app
6954,3227,83.9,web
6955,58,64.11,web
6956,1975,63.32,web
6957,3666,10.18,web
6958,3117,131.96,app
6959,3945,53.25,web
6960,1260,91.67,app
6961,3463,65.99,web
6962,1592,103.24,web
6963,464,192.57,web
6964,501,73.82,web
6965,2784,38.41,web
6966,2754,148.91,web
6967,2598,146.22,web
6968,3840,23.38,web
6969,269,28.87,web
6970,1438,217.47,app
6971,745,59.2,web
6972,1526,39.14,pos
6973,3581,75.98,app
6974,2968,48.99,web
6975,1346,24.73,app
6976,2678,148.89,app
6977,2987,113.73,web
6978,3080,45.55,web
6979,3683,105.58,app
6980,628,54.56,web
6981,2122,120.43,web
6982,3321,41.24,app
6983,2211,74.72,app
6984,3651,75.31,web
6985,3392,72.89,web
6986,2715,66.71,app
6987,3926,87.21,web
6988,144,108.99,web
6989,3533,74.62,web
6990,2281,112.87,pos
6991,3378,196.6,web
6992,1865,124.76,app
6993,37,69.09,app
6994,3757,100.79,app
6995,2661,5.39,web
6996,2200,117.43,app
6997,1766,91.58,web
6998,1865,17.3,pos
6999,887,68.96,pos
7000,1893,105.01,web
7001,3473,27.38,web
7002,1092,203.36,app
7003,854,104.82,pos
7004,3854,110.68,app
7005,3470,92.68,pos
7006,2638,167.77,pos
7007,2400,26.88,app
7008,2829,157.15,pos
7009,1030,51.97,web
7010,2506,59.85,pos
7011,1714,60.0,app
7012,678,204.51,pos
7013,499,211.2,web
7014,2749,46.74,app
7015,2110,104.0,app
7016,820,104.39,web
7017,377,104.51,pos
7018,551,61.91,app
7019,2212,93.79,web
7020,1774,48.42,web
7021,3767,57.56,app
7022,2047,95.83,pos
7023,3803,89.68,app
7024,2169,83.29,web
7025,2256,50.52,web
7026,3750,55.76,app
7027,205,66.71,pos
7028,1397,54.4,web
7029,674,70.61,pos
7030,2894,22.32,web
7031,2294,30.55,pos
7032,1254,165.08,app
7033,1693,16.06,web
7034,3143,59.83,app
7035,1337,21.43,app
7036,2555,117.15,web
7037,2751,75.62,web
7038,1754,16.38,web
7039,2951,104.38,app
7040,1637,126.72,app
7041,2799,81.82,web
7042,1817,366.7,pos
7043,1708,145.92,app
7044,2253,70.24,web
7045,822,50.17,web
7046,3317,34.82,web
7047,3576,63.36,web
7048,890,117.88,web
7049,1166,38.68,web
7050,1245,132.65,web
7051,3392,52.45,pos
7052,2926,51.99,web
7053,2082,6.92,app
7054,1571,53.19,web
7055,3259,27.27,web
7056,2559,37.64,app
7057,115,120.05,web
7058,3936,173.52,app
7059,553,221.04,web
7060,2070,40.68,web
7061,2867,137.61,app
7062,3420,87.17,web
7063,473,107.86,app
7064,85,29.08,pos
7065,3335,102.41,web
7066,2608,86.74,web
7067,368,105.04,web
7068,2605,88.46,web
7069,3246,124.5,web
7070,2143,58.44,app
7071,1868,161.95,app
7072,326,37.01,web
7073,1371,123.87,web
7074,993,35.44,web
7075,1109,149.03,pos
7076,2387,185.1,web
7077,564,63.09,web
7078,139,38.4,web
7079,3343,39.86,app
7080,2057,179.24,app
7081,2923,256.54,pos
7082,2220,111.84,app
7083,1226,95.98,web
7084,3953,75.51,pos
7085,2929,98.86,web
7086,3887,113.16,app
7087,1671,113.03,web
7088,2330,63.04,app
7089,87,169.66,pos
7090,3639,125.89,web
7091,1445,97.3,web
7092,2460,123.43,web
7093,61,215.68,pos
7094,2278,129.7,web
7095,2506,189.92,app
7096,1550,10.48,web
7097,1426,114.88,web
7098,3096,34.65,pos
7099,3619,332.49,web
7100,644,5.77,web
7101,3726,60.56,app
7102,741,47.58,web
7103,2085,9.87,web
7104,2609,323.3,web
7105,3429,29.54,pos
7106,2980,20.62,app
7107,3886,42.56,web
7108,340,90.01,web
7109,3375,207.19,pos
7110,3969,122.86,web
7111,141,275.81,pos
7112,3173,134.47,web
7113,10,83.6,pos
7114,870,29.37,app
7115,1448,43.1,web
7116,3054,72.77,pos
7117,2360,122.03,app
7118,633,113.14,app
7119,1999,62.99,app
7120,3126,44.58,web
7121,964,77.28,app
7122,1174,122.25,app
7123,3474,143.81,pos
7124,794,61.6,pos
7125,1283,49.65,web
7126,1494,71.78,app
7127,2489,65.01,app
7128,2333,160.41,web
7129,1996,127.32,app
7130,2348,59.28,web
7131,2856,170.49,web
7132,1407,112.09,web
7133,1578,224.24,app
7134,2963,313.34,web
7135,1404,33.74,web
7136,1909,29.16,web
7137,544,71.2,app
7138,1756,26.25,app
7139,3502,41.65,web
7140,2723,38.46,web
7141,3617,113.63,web
7142,2854,135.29,web
7143,2277,46.03,web
7144,3900,58.73,web
7145,3698,51.38,app
7146,261,31.84,web
7147,593,294.52,pos
7148,3848,176.14,web
7149,2293,212.1,app
7150,867,208.33,web
7151,3391,97.45,web
7152,489,69.17,web
7153,2298,96.48,web
7154,2663,14.68,web
7155,93,27.78,app
7156,969,182.86,app
7157,2983,25.4,web
7158,2600,91.63,pos
7159,215,11.05,web
7160,1799,50.22,app
7161,1663,30.48,app
7162,3890,123.85,pos
7163,2458,139.21,web
7164,3078,395.63,pos
7165,962,85.82,app
7166,1808,108.11,pos
7167,2963,105.2,app
7168,2686,138.75,app
7169,763,130.86,web
7170,185,127.63,web
7171,44,63.47,web
7172,2091,27.88,web
7173,308,120.98,app
7174,3275,92.18,pos
7175,1680,132.5,web
7176,2019,30.88,web
7177,1164,164.15,web
7178,1686,203.78,web
7179,1583,24.78,app
7180,1027,66.07,pos
7181,3890,22.84,web
7182,1841,104.92,web
7183,2735,75.97,app
7184,3120,74.29,web
7185,2742,70.53,pos
7186,2854,70.46,web
7187,1942,94.91,pos
7188,536,36.54,web
7189,663,46.82,web
7190,1309,60.6,app
7191,1848,92.75,app
7192,1584,60.07,pos
7193,3999,39.31,web
7194,1630,38.75,web
7195,2977,88.24,web
7196,3848,136.09,app
7197,2561,167.33,app
7198,3239,89.71,web
7199,3183,183.92,web
7200,1044,46.35,app
7201,1239,55.03,web
7202,2567,87.31,web
7203,164,113.1,app
7204,951,36.67,app
7205,344,27.24,web
7206,1770,41.96,app
7207,2771,37.25,app
7208,2365,18.09,web
7209,2950,3.43,app
7210,1646,49.03,app
7211,338,45.64,pos
7212,1974,57.87,app
7213,3528,61.91,web
7214,2085,108.32,web
7215,2958,82.76,app
7216,522,111.94,app
7217,1047,47.11,web
7218,1059,114.04,web
7219,939,44.97,app
7220,2293,63.44,app
7221,3671,146.38,web
7222,2400,128.53,app
7223,180,214.72,app
7224,3745,93.64,web
7225,446,127.28,app
7226,138,42.3,app
7227,291,107.74,pos
7228,3687,60.1,app
7229,2638,41.88,web
7230,559,104.37,app
7231,3547,81.69,web
7232,2932,56.7,app
7233,3631,223.97,web
7234,1729,49.33,web
7235,1674,35.93,web
7236,3974,91.98,web
7237,570,157.94,web
7238,811,87.24,app
7239,1520,136.45,app
7240,200,21.71,web
7241,2507,73.42,web
7242,2250,56.86,pos
7243,1809,56.36,app
7244,3001,93.55,web
7245,2065,87.08,web
7246,3281,74.29,web
7247,3878,160.64,web
7248,3637,119.11,web
7249,2290,10.29,pos
7250,2810,64.04,web
7251,1563,84.15,pos
7252,3979,30.0,app
7253,1044,58.54,web
7254,153,133.23,app
7255,1568,88.29,pos
7256,1419,93.22,web
7257,2086,20.48,web
7258,434,151.31,app
7259,3415,74.65,web
7260,2867,203.4,web
7261,3750,154.5,web
7262,1904,86.49,pos
7263,950,119.63,app
7264,2148,135.13,web
7265,59,91.16,web
7266,1151,6.66,app
7267,903,86.27,app
7268,3518,54.93,web
7269,897,56.74,pos
7270,1890,131.94,web
7271,3214,81.05,web
7272,31,249.13,web
7273,775,43.5,web
7274,711,128.07,app
7275,50,21.68,web
7276,2412,98.31,app
7277,1115,204.33,app
7278,2558,63.08,app
7279,3045,31.26,web
7280,3092,33.35,web
7281,1339,113.56,web
7282,840,388.34,web
7283,3892,38.8,web
7284,459,75.69,web
7285,2814,52.01,app
7286,1764,96.04,web
7287,3829,66.9,app
7288,312,25.58,pos
7289,1711,91.36,web
7290,2590,53.53,app
7291,1437,145.84,web
7292,3372,70.55,web
7293,3630,83.33,app
7294,1695,112.25,web
7295,1589,116.94,web
7296,213,62.85,app
7297,2946,34.11,web
7298,3723,130.3,web
7299,734,61.13,pos
7300,3772,87.39,pos
7301,1337,58.26,web
7302,1374,104.22,web
7303,679,157.72,web
7304,2977,162.64,web
7305,3453,64.87,app
7306,796,59.39,app
7307,1259,45.75,web
7308,3145,130.92,app
7309,996,126.49,web
7310,382,66.18,app
7311,3954,214.64,web
7312,2838,8.23,web
7313,3838,48.86,web
7314,1088,160.24,app
7315,2079,107.51,app
7316,2022,56.41,app
7317,3760,45.48,pos
7318,2533,28.82,web
7319,2036,45.47,pos
7320,3372,191.78,pos
7321,3457,240.33,web
7322,1860,41.4,web
7323,3166,38.11,web
7324,2017,25.28,web
7325,664,99.8,web
7326,734,109.59,app
7327,3966,23.12,web
7328,1443,23.42,web
7329,2455,150.49,web
7330,1987,117.9,web
7331,3324,15.32,pos
7332,1702,85.74,web
7333,2733,45.64,web
7334,2231,35.23,web
7335,3955,19.32,app
7336,3941,28.7,app
7337,1696,130.59,web
7338,403,29.52,app
7339,1786,40.38,web
7340,1897,95.04,app
7341,3001,36.32,web
7342,19,71.08,pos
7343,1466,8.43,web
7344,481,113.09,web
7345,1736,143.61,app
7346,1055,74.69,web
7347,1346,49.84,web
7348,3775,24.61,web
7349,245,113.18,app
7350,3423,130.49,web
7351,3241,72.96,web
7352,7,48.9,app
7353,2675,90.08,web
7354,2887,90.83,app
7355,3488,117.64,app
7356,412,53.74,app
7357,228,170.82,web
7358,2121,118.54,web
7359,481,145.23,app
7360,1501,64.74,app
7361,99,16.58,pos
7362,3273,119.62,app
7363,1334,165.03,app
7364,2008,126.09,app
7365,958,345.94,app
7366,2983,58.06,app
7367,1911,265.85,app
7368,2890,118.33,app
7369,3438,53.64,web
7370,3626,32.71,pos
7371,2983,20.19,web
7372,2705,120.9,app
7373,753,39.56,web
7374,2612,27.81,pos
7375,1935,31.3,app
7376,1467,86.06,web
7377,1785,34.23,web
7378,2089,22.04,web
7379,213,307.24,app
7380,519,33.12,web
7381,1130,39.79,app
7382,3146,44.02,web
7383,2885,115.55,app
7384,164,18.53,app
7385,3493,165.33,pos
7386,493,205.11,app
7387,3292,42.01,pos
7388,1689,61.4,web
7389,2931,149.09,web
7390,1742,56.82,web
7391,3172,261.2,pos
7392,3915,17.06,app
7393,101,64.86,web
7394,2596,51.66,web
7395,3547,92.14,web
7396,1766,16.53,app
7397,829,171.09,web
7398,3807,85.5,web
7399,664,98.03,web
7400,3840,40.1,app
7401,921,192.77,web
7402,2272,50.77,web
7403,940,50.82,web
7404,1147,50.5,web
7405,151,46.01,pos
7406,1660,70.99,pos
7407,829,40.39,web
7408,3693,93.31,web
7409,3616,12.02,web
7410,2634,37.96,pos
7411,3162,63.72,web
7412,1116,295.19,pos
7413,3025,101.49,web
7414,1990,201.7,web
7415,437,116.64,web
7416,2798,158.67,app
7417,1140,131.12,web
7418,1668,44.23,app
7419,236,72.83,pos
7420,2375,37.23,app
7421,924,104.56,pos
7422,3987,46.05,web
7423,458,23.02,app
7424,541,111.88,web
7425,2544,127.3,web
7426,2717,12.38,app
7427,2854,77.04,web
7428,3489,126.54,app
7429,512,117.73,web
7430,2148,91.84,app
7431,1814,75.8,app
7432,1972,18.85,app
7433,115,94.35,app
7434,1295,56.76,app
7435,3071,195.13,web
7436,2106,255.37,app
7437,1878,46.26,app
7438,3011,14.64,app
7439,3994,40.87,pos
7440,3067,112.95,app
7441,2376,88.08,app
7442,2547,79.85,pos
7443,3525,34.15,app
7444,2512,103.31,web
7445,2924,106.14,web
7446,3218,48.97,pos
7447,3136,24.6,web
7448,357,23.82,web
7449,128,240.64,pos
7450,2208,15.14,pos
7451,514,133.6,app
7452,3931,71.69,web
7453,2203,35.63,pos
7454,1350,51.98,web
7455,2014,13.46,web
7456,3113,96.73,web
7457,1253,71.48,pos
7458,1762,164.07,web
7459,3647,57.35,web
7460,1171,90.7,web
7461,2294,58.7,pos
7462,1544,83.82,web
7463,485,76.32,app
7464,3278,295.43,app
7465,1326,37.35,app
7466,2480,60.94,app
7467,667,55.21,app
7468,2999,81.3,web
7469,3473,73.61,web
7470,1422,153.26,web
7471,63,78.66,web
7472,1205,37.47,web
7473,3506,31.43,web
7474,747,135.23,app
7475,744,49.59,pos
7476,3903,25.36,app
7477,902,32.64,pos
7478,1477,126.49,web
7479,1373,127.31,app
7480,3181,32.79,web
7481,2207,204.3,web
7482,1556,73.5,web
7483,3471,33.74,web
7484,2192,40.32,app
7485,2925,317.43,web
7486,3457,81.11,app
7487,2444,106.31,web
7488,832,81.18,app
7489,2685,81.85,app
7490,2178,15.77,app
7491,275,63.18,pos
7492,977,43.91,pos
7493,3343,14.44,web
7494,3932,105.0,app
7495,3182,103.48,app
7496,3683,45.06,web
7497,1340,5.86,web
7498,1847,21.84,app
7499,1297,68.64,app
7500,1099,74.91,app
7501,47,89.01,pos
7502,2455,30.23,app
7503,2387,12.87,web
7504,3462,127.51,web
7505,2557,94.75,web
7506,2586,98.12,app
7507,1930,23.03,web
7508,3356,57.36,web
7509,1264,90.3,pos
7510,3344,198.53,web
7511,2395,53.6,pos
7512,621,234.38,web
7513,3119,5.87,web
7514,1923,53.37,pos
7515,752,23.04,pos
7516,993,236.98,pos
7517,2173,115.81,app
7518,227,190.94,pos
7519,2370,117.81,web
7520,388,25.12,app
7521,2904,61.69,web
7522,3864,190.15,web
7523,3066,21.21,web
7524,3399,95.49,app
7525,3102,213.28,web
7526,3606,111.21,pos
7527,710,261.43,web
7528,654,47.33,web
7529,955,66.62,web
7530,1073,222.91,app
7531,56,33.63,web
7532,1073,129.43,app
7533,2841,84.62,pos
7534,1734,126.65,app
7535,3823,46.37,pos
7536,3325,37.91,app
7537,2704,30.65,web
7538,2201,31.98,web
7539,816,53.03,pos
7540,2361,76.29,pos
7541,1677,85.25,web
7542,3401,26.8,pos
7543,2953,61.52,app
7544,1524,39.01,web
7545,3866,140.56,app
7546,3484,72.18,pos
7547,3672,80.84,web
7548,3964,104.45,web
7549,814,47.53,web
7550,1965,68.38,web
7551,2589,32.0,app
7552,2629,119.62,pos
7553,3761,264.18,web
7554,3176,66.88,web
7555,778,147.72,app
7556,815,10.61,app
7557,933,30.63,web
7558,1469,32.17,web
7559,355,123.18,app
7560,197,45.6,web
7561,2640,94.56,web
7562,3801,23.69,web
7563,3918,72.73,web
7564,1842,100.09,web
7565,844,112.04,web
7566,1946,86.58,web
7567,2981,42.58,web
7568,292,120.34,pos
7569,282,107.51,app
7570,3538,104.25,web
7571,3211,60.53,web
7572,1452,80.79,web
7573,3449,112.34,app
7574,884,57.15,web
7575,1201,57.57,pos
7576,1685,13.67,web
7577,3348,54.47,app
7578,1720,45.5,web
7579,522,212.0,web
7580,2462,66.63,app
7581,143,121.46,app
7582,1988,65.48,web
7583,3876,54.33,pos
7584,1120,133.96,web
7585,37,107.48,app
7586,515,212.85,web
7587,3936,122.18,app
7588,548,147.26,web
7589,1134,47.29,web
7590,2384,34.94,app
7591,2859,167.35,pos
7592,2901,20.42,web
7593,2851,51.89,web
7594,438,78.47,web
7595,3470,110.73,app
7596,2246,57.68,app
7597,2532,41.64,web
7598,3096,95.83,web
7599,45,67.18,web
7600,173,104.65,web
7601,594,117.27,web
7602,3176,223.93,pos
7603,3538,25.48,app
7604,803,107.04,app
7605,633,6.73,app
7606,3184,48.92,web
7607,3418,84.8,pos
7608,2425,57.63,app
7609,3670,30.81,app
7610,2522,28.69,web
7611,1851,64.46,web
7612,458,39.62,app
7613,1602,123.77,web
7614,3486,196.65,app
7615,3080,31.71,web
7616,1587,143.62,app
7617,3734,66.58,pos
7618,1538,230.21,web
7619,169,224.16,web
7620,3432,49.65,web
7621,3403,125.08,web
7622,1095,58.32,pos
7623,2132,52.98,pos
7624,3423,115.87,app
7625,478,11.42,pos
7626,868,118.67,web
7627,129,11.95,web
7628,3707,105.94,app
7629,498,184.14,web
7630,1217,110.35,web
7631,3378,26.51,pos
7632,3444,150.14,web
7633,2420,174.16,web
7634,128,58.53,web
7635,3776,39.9,app
7636,2017,8.54,web
7637,74,47.32,pos
7638,3050,18.48,app
7639,1703,90.69,web
7640,1199,87.45,app
7641,142,53.88,web
7642,276,48.71,app
7643,3758,58.25,pos
7644,1516,112.39,web
7645,1667,31.39,app
7646,2185,30.26,web
7647,1717,79.09,web
7648,200,24.98,app
7649,3170,97.75,app
7650,712,85.02,app
7651,2359,242.63,app
7652,2342,8.06,app
7653,651,74.97,web
7654,2338,148.55,web
7655,773,159.58,app
7656,2852,30.51,web
7657,2905,65.12,web
7658,1207,61.74,pos
7659,2708,59.34,web
7660,2180,29.04,web
7661,1148,79.97,pos
7662,2846,43.13,web
7663,246,98.47,pos
7664,2530,139.43,pos
7665,1222,29.24,app
7666,2967,66.83,pos
7667,1063,19.57,app
7668,278,171.12,web
7669,3953,104.58,app
7670,2593,117.34,app
7671,2727,320.27,pos
7672,756,123.25,web
7673,2028,192.79,web
7674,1579,103.49,app
7675,718,38.7,app
7676,1853,256.2,pos
7677,1686,72.9,app
7678,501,13.56,app
7679,3373,55.56,web
7680,583,222.87,app
7681,2171,27.17,web
7682,388,97.33,web
7683,3894,125.91,web
7684,1046,139.47,web
7685,3369,89.99,web
7686,2872,55.7,app
7687,499,226.31,app
7688,1239,25.02,app
7689,3380,85.92,app
7690,2176,77.81,web
7691,1502,44.23,web
7692,3574,186.0,app
7693,2628,97.37,app
7694,771,116.57,web
7695,1601,21.36,web
7696,1242,10.47,app
7697,3562,173.07,app
7698,2338,144.21,app
7699,3654,200.57,web
7700,54,73.95,web
7701,733,47.87,app
7702,2521,163.88,app
7703,2416,64.98,app
7704,544,71.57,app
7705,444,25.95,web
7706,3791,70.21,web
7707,1527,18.52,web
7708,3761,12.5,web
7709,2890,128.62,app
7710,1472,40.58,pos
7711,1949,319.93,app
7712,1743,87.88,web
7713,3480,62.08,app
7714,2655,67.83,web
7715,3187,104.86,app
7716,2204,47.43,app
7717,2870,198.49,app
7718,3837,32.25,app
7719,2269,20.12,web
7720,3534,29.49,app
7721,1925,114.15,web
7722,3415,33.03,web
7723,3942,70.73,web
7724,1912,105.2,app
7725,2795,257.31,web
7726,2134,132.35,app
7727,3604,103.97,web
7728,685,52.58,web
7729,3004,271.86,pos
7730,3371,54.8,app
7731,1335,93.53,web
7732,1677,139.11,pos
7733,3756,32.85,web
7734,2857,28.66,app
7735,2823,13.17,app
7736,1144,5.41,app
7737,366,40.51,web
7738,3450,68.66,web
7739,446,99.38,web
7740,2170,59.06,app
7741,3797,14.46,web
7742,2061,17.85,web
7743,2489,16.59,web
7744,1984,54.11,web
7745,837,160.19,web
7746,81,49.66,app
7747,1589,16.34,app
7748,2552,19.68,app
7749,2775,152.21,app
7750,1445,38.07,web
7751,1464,26.44,app
7752,2381,140.91,app
7753,3199,54.67,app
7754,3065,270.2,pos
7755,2272,41.02,pos
7756,1515,74.9,web
7757,2108,20.32,app
7758,467,123.61,web
7759,3206,22.2,app
7760,2221,34.04,web
7761,262,38.64,web
7762,1797,24.77,app
7763,1950,144.26,pos
7764,943,120.89,app
7765,3056,101.87,app
7766,2772,67.02,app
7767,302,77.46,web
7768,3494,11.72,web
7769,982,52.07,web
7770,2979,94.9,web
7771,2871,76.62,web
7772,3170,231.85,app
7773,3937,31.11,app
7774,2159,278.7,app
7775,1657,37.48,pos
7776,3354,87.41,app
7777,3329,158.79,app
7778,3806,62.93,web
7779,2279,76.91,app
7780,2004,65.61,app
7781,3707,185.04,pos
7782,2715,199.08,app
7783,2178,116.81,app
7784,530,104.64,app
7785,2750,96.62,app
7786,2640,11.95,pos
7787,1028,94.95,app
7788,2884,142.89,app
7789,3962,45.58,app
7790,3159,111.04,web
7791,3616,73.87,app
7792,3999,85.17,web
7793,924,72.66,web
7794,3619,130.44,web
7795,3879,167.43,app
7796,512,76.35,pos
7797,2069,153.9,app
7798,2059,157.84,web
7799,1406,111.39,pos
7800,2390,84.22,web
7801,259,55.2,app
7802,230,202.5,app
7803,1683,168.66,web
7804,3541,77.25,app
7805,1929,22.66,app
7806,3955,16.29,web
7807,2350,107.52,app
7808,1143,89.3,web
7809,1220,95.84,web
7810,644,32.9,app
7811,3699,95.15,app
7812,3792,152.69,pos
7813,2580,21.5,app
7814,1670,193.38,web
7815,1867,80.99,pos
7816,1185,138.7,app
7817,3464,77.68,web
7818,451,80.85,web
7819,390,63.64,web
7820,3617,89.43,web
7821,1040,79.62,web
7822,411,49.51,web
7823,218,157.36,web
7824,2663,123.08,app
7825,2421,56.09,web
7826,749,254.19,pos
7827,3530,139.57,web
7828,1162,106.16,app
7829,1662,106.27,web
7830,2934,42.61,web
7831,1210,71.53,web
7832,3183,33.6,web
7833,532,65.13,app
7834,1044,90.97,app
7835,3080,19.95,pos
7836,1012,119.7,web
7837,2301,68.67,pos
7838,1193,15.58,app
7839,2358,139.83,app
7840,2117,22.42,pos
7841,869,184.08,web
7842,2290,25.42,app
7843,2458,111.59,web
7844,2907,33.47,web
7845,3803,169.94,pos
7846,419,78.8,web
7847,1896,86.85,web
7848,2510,62.45,pos
7849,712,56.82,app
7850,794,53.09,web
7851,1897,77.84,web
7852,977,211.66,web
7853,3929,118.98,app
7854,111,165.01,web
7855,1576,60.0,web
7856,145,168.63,app
7857,939,70.05,web
7858,1657,81.9,web
7859,1345,69.77,web
7860,1632,37.49,web
7861,212,209.42,app
7862,835,115.78,app
7863,2900,11.45,web
7864,3926,33.21,app
7865,3711,117.02,app
7866,3625,99.62,web
7867,2640,124.17,web
7868,2622,41.74,pos
7869,3421,32.72,web
7870,759,131.02,web
7871,273,127.22,app
7872,1467,143.14,web
7873,734,63.54,pos
7874,2335,207.2,web
7875,2207,78.86,pos
7876,128,65.01,pos
7877,2235,176.02,pos
7878,1149,58.58,app
7879,544,181.29,web
7880,947,62.19,web
7881,1066,89.41,app
7882,185,54.8,app
7883,1643,104.78,web
7884,1799,48.42,app
7885,1021,407.1,app
7886,3515,15.71,web
7887,1314,36.53,app
7888,1543,85.43,app
7889,665,82.88,pos
7890,3152,173.4,web
7891,2098,118.82,web
7892,2774,115.35,web
7893,233,245.65,web
7894,2260,27.02,web
7895,1030,40.32,app
7896,1711,37.44,web
7897,2952,42.76,app
7898,1251,164.13,web
7899,329,35.04,pos
7900,3180,85.16,app
7901,2174,19.94,app
7902,1145,190.36,app
7903,3326,102.97,web
7904,125,105.08,web
7905,932,62.55,web
7906,2496,104.99,pos
7907,3470,49.36,app
7908,3968,77.03,web
7909,8,120.63,app
7910,2903,64.36,pos
7911,2216,46.05,app
7912,1799,49.52,app
7913,2340,64.7,web
7914,3441,80.26,web
7915,25,22.84,web
7916,3455,17.68,app
7917,2313,139.19,web
7918,2029,52.89,app
7919,2477,25.37,pos
7920,1456,59.76,app
7921,46,145.96,app
7922,779,16.1,pos
7923,3465,212.71,web
7924,2917,106.88,web
7925,52,86.2,app
7926,650,93.08,web
7927,3383,201.43,web
7928,1037,267.75,app
7929,3443,54.36,web
7930,2469,50.35,web
7931,2797,61.71,web
7932,2480,92.43,web
7933,1890,86.43,pos
7934,3971,57.51,web
7935,3937,46.66,app
7936,395,120.85,pos
7937,1709,40.04,pos
7938,2523,24.13,pos
7939,578,32.48,web
7940,2537,80.75,web
7941,31,17.18,web
7942,1969,98.26,app
7943,1549,256.94,app
7944,2372,140.64,pos
7945,1179,46.45,web
7946,2644,206.15,app
7947,2246,71.51,pos
7948,3818,33.92,web
7949,3021,60.57,pos
7950,1613,145.49,app
7951,2468,32.21,web
7952,1273,75.51,web
7953,1964,88.26,app
7954,1013,142.95,app
7955,2498,49.19,web
7956,289,402.03,web
7957,2343,155.92,web
7958,3132,77.25,web
7959,1816,138.28,web
7960,1307,161.19,web
7961,2230,11.23,app
7962,2150,123.55,web
7963,307,442.81,web
7964,2652,52.16,pos
7965,1159,12.72,app
7966,1317,55.9,app
7967,2835,30.27,web
7968,2285,95.95,app
7969,2449,63.23,pos
7970,1893,73.2,app
7971,3601,161.81,web
7972,867,13.83,web
7973,3230,77.18,web
7974,995,54.4,pos
7975,3259,56.43,web
7976,3345,55.1,app
7977,41,34.87,pos
7978,2198,92.94,web
7979,2000,66.25,web
7980,1618,172.93,web
7981,913,117.32,pos
7982,397,13.89,web
7983,908,124.58,app
7984,425,180.16,app
7985,3363,35.31,app
7986,1424,41.64,web
7987,1859,41.99,app
7988,2562,99.43,app
7989,2437,15.61,web
7990,490,21.59,pos
7991,3901,255.0,pos
7992,2716,53.31,web
7993,2504,20.53,web
7994,147,99.14,app
7995,3326,85.29,web
7996,2362,58.4,app
7997,2543,72.41,web
7998,1425,94.41,web
7999,2537,63.89,web
8000,159,40.34,pos
8001,888,153.14,pos
8002,3419,150.52,app
8003,2236,24.16,app
8004,1313,175.98,web
8005,3049,38.76,web
8006,3821,67.43,app
8007,2474,95.13,app
8008,90,132.64,app
8009,2839,117.32,app
8010,3102,32.5,app
8011,2377,32.67,app
8012,3947,112.57,web
8013,2462,85.23,web
8014,1854,63.13,web
8015,1494,53.93,app
8016,2315,95.66,app
8017,352,68.81,web
8018,2461,148.06,web
8019,2196,109.12,pos
8020,856,78.48,app
8021,1430,87.47,app
8022,2989,99.61,app
8023,2392,41.7,web
8024,3268,166.48,app
8025,3461,114.7,pos
8026,3584,27.13,app
8027,1702,57.27,app
8028,2755,97.86,web
8029,1511,84.18,app
8030,569,166.05,app
8031,2951,91.65,app
8032,426,116.7,app
8033,1933,78.01,web
8034,1523,106.4,web
8035,3023,65.18,pos
8036,2628,84.37,app
8037,3912,56.29,pos
8038,930,20.16,app
8039,624,269.89,pos
8040,2713,113.91,app
8041,908,24.11,app
8042,2167,46.9,app
8043,2804,128.28,app
8044,2319,73.98,web
8045,1311,63.29,app
8046,2439,39.39,web
8047,632,220.15,web
8048,3413,83.11,web
8049,1728,16.77,web
8050,3995,170.18,pos
8051,2102,218.85,app
8052,327,68.21,pos
8053,1694,144.71,pos
8054,3511,36.88,web
8055,2642,180.15,web
8056,3917,26.25,web
8057,126,181.23,pos
8058,1036,49.11,web
8059,1712,69.51,web
8060,300,70.94,web
8061,40,178.4,app
8062,813,194.23,pos
8063,2921,117.94,pos
8064,1490,38.6,web
8065,176,120.91,app
8066,2507,54.44,pos
8067,1562,66.42,web
8068,2123,85.88,app
8069,1859,146.0,web
8070,824,65.49,web
8071,2896,87.64,app
8072,318,113.03,app
8073,1549,28.38,app
8074,98,9.7,pos
8075,2283,150.06,app
8076,2825,61.61,pos
8077,383,34.65,web
8078,2010,83.66,web
8079,2613,140.97,app
8080,1132,68.9,pos
8081,428,270.91,pos
8082,2030,58.85,pos
8083,3277,82.01,app
8084,774,132.14,web
8085,3653,34.23,web
8086,2703,113.31,web
8087,776,85.27,app
8088,1457,72.71,web
8089,1229,98.07,web
8090,2165,55.24,web
8091,3623,164.17,web
8092,1291,72.44,app
8093,1175,129.71,app
8094,3010,323.96,web
8095,522,102.33,app
8096,3648,93.51,web
8097,3058,22.9,app
8098,1655,41.11,web
8099,354,99.63,web
8100,2917,35.46,web
8101,136,56.68,web
8102,1333,57.78,pos
8103,2315,13.25,web
8104,850,25.61,web
8105,28,104.38,app
8106,463,133.9,pos
8107,667,72.19,pos
8108,2680,22.45,app
8109,2256,33.0,web
8110,3577,35.04,web
8111,381,35.86,app
8112,1247,197.41,app
8113,3124,129.13,web
8114,1789,146.19,app
8115,3078,51.84,pos
8116,1946,52.26,app
8117,3498,60.28,web
8118,957,10.69,pos
8119,2351,87.56,pos
8120,3493,186.02,pos
8121,3854,107.47,web
8122,2473,65.7,pos
8123,678,85.64,pos
8124,3053,122.26,pos
8125,819,28.06,app
8126,2289,29.85,app
8127,714,56.99,pos
8128,2366,54.69,web
8129,2854,138.75,pos
8130,2819,157.16,app
8131,2541,227.03,web
8132,3854,43.76,app
8133,3761,153.27,app
8134,3208,29.01,app
8135,2348,118.55,app
8136,2673,82.99,web
8137,570,47.8,web
8138,3166,27.73,app
8139,1016,92.81,web
8140,1819,14.79,web
8141,2630,89.28,web
8142,3694,88.98,app
8143,524,80.82,web
8144,822,37.66,web
8145,3909,70.52,app
8146,2268,52.4,web
8147,3852,9.07,app
8148,3653,27.1,web
8149,2766,111.96,app
8150,436,69.25,web
8151,567,74.02,web
8152,847,32.81,pos
8153,3960,100.06,web
8154,1791,40.9,app
8155,2768,73.42,web
8156,3630,171.95,web
8157,319,104.51,app
8158,1531,138.41,app
8159,217,62.1,pos
8160,1779,150.64,web
8161,1032,12.34,pos
8162,405,54.55,pos
8163,887,50.66,web
8164,3903,117.39,app
8165,761,17.57,web
8166,3086,34.68,web
8167,1171,103.67,web
8168,2475,133.81,web
8169,1024,68.01,app
8170,2645,137.99,web
8171,664,139.4,web
8172,2551,17.92,app
8173,3719,83.93,app
8174,3292,201.81,web
8175,2806,351.43,web
8176,1789,144.55,web
8177,187,29.27,web
8178,3684,43.57,web
8179,473,66.25,app
8180,991,91.37,app
8181,894,122.29,web
8182,817,121.24,app
8183,192,67.77,web
8184,3401,43.29,pos
8185,2558,236.6,web
8186,1480,63.51,app
8187,3820,127.22,app
8188,1192,25.14,app
8189,2768,80.71,web
8190,558,100.32,web
8191,1220,322.3,pos
8192,3305,142.65,app
8193,2217,67.86,app
8194,3377,29.72,web
8195,3777,252.83,pos
8196,2726,109.48,web
8197,2154,69.56,web
8198,3259,22.06,app
8199,851,27.14,web
8200,3422,27.34,app
8201,3344,226.37,web
8202,156,266.87,app
8203,1638,98.51,web
8204,2211,133.38,web
8205,801,142.15,web
8206,3178,33.53,app
8207,613,17.44,web
8208,3419,63.43,web
8209,2669,48.61,pos
8210,2626,74.9,app
8211,2631,369.53,web
8212,1557,107.3,web
8213,1122,69.82,app
8214,2882,30.35,web
8215,2114,38.04,app
8216,2842,119.17,pos
8217,3852,19.45,web
8218,689,365.64,pos
8219,3454,76.04,app
8220,1010,68.43,app
8221,813,40.35,app
8222,1806,39.85,web
8223,2744,46.06,web
8224,3590,16.22,web
8225,786,36.47,app
8226,1399,24.24,web
8227,10,106.18,pos
8228,1821,30.15,web
8229,1895,45.01,app
8230,2544,32.08,app
8231,1676,50.61,web
8232,2749,194.79,app
8233,3076,228.73,app
8234,1156,36.38,pos
8235,796,29.2,pos
8236,295,46.13,web
8237,1556,23.92,app
8238,3482,51.13,app
8239,1618,163.22,app
8240,242,251.24,web
8241,106,57.67,app
8242,3795,41.2,app
8243,2981,59.64,web
8244,1237,45.68,web
8245,3888,159.3,web
8246,1180,212.24,app
8247,253,26.55,web
8248,1424,7.2,web
8249,615,136.51,web
8250,250,110.25,web
8251,810,26.06,web
8252,2901,47.78,app
8253,2932,154.82,pos
8254,2622,132.31,pos
8255,1603,118.9,app
8256,651,75.83,app
8257,3105,262.5,pos
8258,613,200.17,web
8259,1092,26.87,app
8260,2757,54.96,app
8261,3537,265.97,app
8262,3727,14.14,app
8263,1183,94.23,app
8264,1356,177.61,web
8265,3379,170.09,web
8266,3191,17.64,web
8267,3384,17.0,web
8268,2122,40.38,web
8269,1502,117.21,web
8270,351,65.68,web
8271,1577,30.04,app
8272,77,32.93,web
8273,3090,79.91,app
8274,3111,44.02,web
8275,3481,73.81,web
8276,3364,368.51,app
8277,2068,34.05,app
8278,2102,40.24,pos
8279,467,23.6,app
8280,2298,106.08,app
8281,3222,16.07,app
8282,1897,20.58,app
8283,2979,94.56,app
8284,860,103.37,web
8285,2491,38.25,pos
8286,2542,99.05,web
8287,2635,40.98,web
8288,1520,31.41,app
8289,2426,167.53,app
8290,709,140.86,web
8291,2012,107.09,web
8292,1510,45.76,web
8293,2030,84.86,web
8294,2406,116.46,app
8295,2010,80.63,pos
8296,128,3.56,web
8297,861,8.44,web
8298,3847,116.67,web
8299,3805,125.7,app
8300,1703,18.41,web
8301,214,20.65,app
8302,1951,38.2,app
8303,2604,41.33,web
8304,1949,30.24,web
8305,2711,65.32,app
8306,868,63.96,app
8307,149,32.82,web
8308,1927,103.78,web
8309,3045,68.13,web
8310,1545,93.06,web
8311,1501,182.59,web
8312,1307,57.25,app
8313,3129,46.02,web
8314,2495,70.56,pos
8315,1124,111.29,app
8316,2520,57.83,web
8317,3989,71.6,web
8318,1872,81.33,web
8319,281,107.71,web
8320,3439,51.47,web
8321,3991,50.45,web
8322,2112,74.14,app
8323,858,268.36,app
8324,3194,218.08,web
8325,716,41.36,web
8326,2126,59.59,web
8327,311,89.7,web
8328,1810,71.42,pos
8329,241,101.44,app
8330,3147,244.69,pos
8331,874,8.95,app
8332,2182,14.12,web
8333,3606,104.02,web
8334,3737,244.07,web
8335,3543,12.77,pos
8336,2918,17.94,app
8337,2225,152.76,app
8338,3492,15.11,app
8339,843,367.47,app
8340,2709,56.53,web
8341,1275,107.58,web
8342,2705,51.83,web
8343,3102,100.21,web
8344,1562,139.3,web
8345,3042,18.25,web
8346,3236,218.16,app
8347,1505,54.55,web
8348,3577,196.35,web
8349,3498,74.25,web
8350,1310,26.73,web
8351,3425,205.13,app
8352,456,59.72,web
8353,3566,125.65,web
8354,88,16.87,web
8355,178,68.83,app
8356,658,107.79,web
8357,1334,58.54,web
8358,1452,42.66,app
8359,599,154.56,app
8360,552,64.34,web
8361,811,56.8,web
8362,1151,56.68,web
8363,3838,72.36,app
8364,2503,60.29,web
8365,2902,185.4,app
8366,485,64.2,web
8367,2755,43.1,app
8368,2109,106.16,web
8369,3005,41.86,web
8370,3484,176.16,web
8371,2756,31.0,web
8372,658,20.7,web
8373,1322,78.77,web
8374,43,31.86,app
8375,3272,26.58,web
8376,2709,207.84,web
8377,2634,70.96,app
8378,139,87.96,web
8379,2535,16.99,app
8380,2817,84.41,web
8381,3722,42.31,web
8382,2526,86.44,app
8383,1272,103.21,web
8384,245,80.51,web
8385,3359,30.21,app
8386,2820,152.46,app
8387,932,131.57,web
8388,2914,110.18,web
8389,1456,106.38,web
8390,2067,109.24,web
8391,1013,101.52,pos
8392,3988,48.51,web
8393,2456,99.86,web
8394,769,226.35,web
8395,2584,174.2,app
8396,3263,81.43,web
8397,1792,52.63,app
8398,2604,224.13,web
8399,255,35.25,pos
8400,233,84.59,app
8401,760,96.57,web
8402,3226,87.0,web
8403,3378,94.14,app
8404,2238,29.66,web
8405,3287,129.39,app
8406,1010,33.44,pos
8407,495,108.78,app
8408,3751,71.02,web
8409,233,68.95,app
8410,2554,19.03,web
8411,285,36.4,web
8412,1609,110.07,web
8413,3788,20.55,pos
8414,3170,77.14,app
8415,1319,140.25,app
8416,2201,232.72,app
8417,1374,217.73,web
8418,2795,42.98,web
8419,1774,6.89,app
8420,3602,65.01,web
8421,108,136.93,pos
8422,3723,153.13,app
8423,1829,33.71,pos
8424,555,124.25,web
8425,1732,98.95,pos
8426,2342,61.04,web
8427,2014,23.94,app
8428,1546,153.65,pos
8429,2458,135.48,pos
8430,1848,72.57,app
8431,1323,133.8,web
8432,176,37.22,web
8433,2467,218.7,web
8434,525,153.49,pos
8435,219,98.67,web
8436,3315,73.21,web
8437,605,55.63,app
8438,3114,110.67,pos
8439,3888,103.22,web
8440,654,34.13,web
8441,3387,46.66,app
8442,2831,75.49,web
8443,2337,108.96,web
8444,2001,29.32,web
8445,1775,51.77,pos
8446,3593,204.44,app
8447,1561,98.61,web
8448,1567,76.03,app
8449,1748,7.81,app
8450,1232,142.81,app
8451,1692,28.25,app
8452,105,159.26,web
8453,1080,220.84,app
8454,985,78.98,app
8455,823,60.47,web
8456,34,18.43,pos
8457,1261,96.75,web
8458,1902,299.6,web
8459,969,96.83,web
8460,1195,86.64,app
8461,3394,107.43,pos
8462,1664,150.02,app
8463,2269,42.43,pos
8464,690,51.63,app
8465,3156,75.53,app
8466,2117,25.62,pos
8467,1822,115.76,app
8468,2587,128.49,app
8469,2711,41.68,web
8470,1412,131.83,app
8471,557,60.67,web
8472,1026,48.76,web
8473,1464,278.64,app
8474,2787,154.69,app
8475,2745,39.57,app
8476,3238,35.74,web
8477,3006,74.83,web
8478,1539,225.44,app
8479,2185,34.74,app
8480,2832,229.9,app
8481,852,253.14,app
8482,3808,38.15,app
8483,2933,48.52,app
8484,2609,198.36,web
8485,1355,73.97,app
8486,3307,52.37,web
8487,699,28.54,web
8488,3945,141.38,web
8489,1996,95.81,web
8490,1994,81.3,web
8491,3417,87.06,pos
8492,3901,63.61,app
8493,2429,10.33,web
8494,643,91.0,app
8495,3354,132.76,app
8496,2235,96.39,app
8497,2591,28.19,pos
8498,1913,119.77,app
8499,1863,67.32,app
8500,1977,85.31,app
8501,1466,6.82,app
8502,104,47.49,web
8503,816,177.08,app
8504,3928,81.13,web
8505,2870,141.15,web
8506,514,106.62,app
8507,622,120.32,pos
8508,444,53.59,web
8509,1173,192.29,web
8510,3184,309.8,pos
8511,1101,29.05,web
8512,3356,98.74,pos
8513,947,42.71,pos
8514,1577,128.41,web
8515,1561,14.11,web
8516,2357,133.72,web
8517,3292,78.8,app
8518,3193,6.15,web
8519,1465,14.12,app
8520,3721,30.89,pos
8521,1573,42.13,app
8522,599,19.83,web
8523,2518,69.45,web
8524,2860,77.41,pos
8525,2385,149.42,web
8526,1972,38.57,web
8527,449,57.1,app
8528,3699,58.39,web
8529,2853,73.28,web
8530,2114,99.14,web
8531,3697,56.7,web
8532,272,9.05,web
8533,2674,456.75,app
8534,3879,32.29,web
8535,1754,68.46,web
8536,3776,95.36,app
8537,35,52.2,app
8538,396,144.9,web
8539,1643,118.42,web
8540,751,35.56,web
8541,1506,103.59,app
8542,368,137.55,app
8543,3028,143.17,web
8544,1949,98.34,web
8545,2303,62.74,web
8546,493,63.98,web
8547,3130,203.85,web
8548,3413,102.3,web
8549,3648,282.0,web
8550,1453,108.97,web
8551,1449,44.44,web
8552,2635,62.44,app
8553,3758,30.7,web
8554,2289,137.1,pos
8555,2522,12.43,app
8556,3780,90.08,app
8557,3287,80.33,pos
8558,3391,135.62,web
8559,1178,96.96,web
8560,3119,121.33,web
8561,1922,58.6,web
8562,61,73.9,pos
8563,651,32.61,app
8564,1654,116.72,app
8565,1331,48.52,web
8566,2650,313.78,web
8567,3507,60.98,app
8568,1754,83.31,web
8569,1678,113.1,app
8570,425,36.21,web
8571,3281,108.3,web
8572,791,98.65,web
8573,1823,149.63,app
8574,2614,58.2,app
8575,3938,111.83,app
8576,83,89.78,web
8577,1380,45.8,web
8578,2069,162.69,web
8579,1147,47.1,app
8580,1580,117.18,app
8581,928,72.77,web
8582,421,25.64,web
8583,1249,18.09,pos
8584,3147,63.17,web
8585,2351,287.06,web
8586,2604,61.86,web
8587,343,186.43,app
8588,3646,55.44,web
8589,3089,164.75,web
8590,2854,113.47,web
8591,3389,18.9,web
8592,3397,103.76,app
8593,3469,122.72,web
8594,3016,195.36,web
8595,1996,107.13,app
8596,1206,33.3,app
8597,3881,32.16,pos
8598,2482,14.37,pos
8599,117,231.77,pos
8600,3053,34.26,web
8601,2345,60.01,web
8602,2682,182.95,app
8603,1410,63.82,app
8604,517,124.55,web
8605,640,146.35,web
8606,2889,46.66,web
8607,264,78.02,web
8608,3935,64.35,web
8609,1122,76.57,app
8610,1914,116.8,web
8611,963,172.39,web
8612,2789,79.93,app
8613,3763,213.6,app
8614,761,206.87,web
8615,2455,66.64,pos
8616,1110,109.95,web
8617,554,61.35,app
8618,3297,27.95,pos
8619,3281,88.92,pos
8620,1149,51.76,app
8621,1508,219.19,app
8622,1833,170.34,web
8623,3647,45.64,web
8624,522,21.58,app
8625,291,84.33,app
8626,2333,30.22,app
8627,36,73.13,web
8628,2110,164.12,web
8629,550,59.66,app
8630,2486,37.95,web
8631,3497,293.46,pos
8632,1275,28.16,web
8633,3485,133.82,app
8634,1959,84.28,web
8635,3815,54.05,pos
8636,454,165.04,app
8637,2328,82.48,pos
8638,3493,9.54,app
8639,2662,77.61,web
8640,1776,50.68,pos
8641,2152,152.27,web
8642,554,68.22,app
8643,1999,40.97,app
8644,2464,140.19,pos
8645,2963,87.44,web
8646,3093,75.47,app
8647,3384,99.96,web
8648,2101,171.15,web
8649,3491,34.27,web
8650,3201,119.68,web
8651,2561,122.29,web
8652,474,49.11,app
8653,3310,47.84,app
8654,3772,51.73,web
8655,1428,126.93,app
8656,527,213.19,web
8657,2057,64.88,web
8658,1927,158.24,pos
8659,3704,77.99,web
8660,2850,60.78,pos
8661,336,71.81,web
8662,2245,105.72,app
8663,2861,25.72,web
8664,1603,102.24,web
8665,1390,142.78,web
8666,3560,256.22,web
8667,2328,9.67,web
8668,513,165.76,web
8669,858,86.9,web
8670,2996,97.54,web
8671,2626,157.31,app
8672,698,152.83,web
8673,3897,29.79,pos
8674,422,112.03,web
8675,3920,185.67,web
8676,665,88.9,app
8677,1215,178.79,web
8678,2755,87.3,pos
8679,1980,36.96,pos
8680,192,104.88,web
8681,2089,26.42,web
8682,2341,89.03,web
8683,2595,84.56,web
8684,2632,72.76,web
8685,3712,17.52,web
8686,2321,184.85,web
8687,2430,123.96,app
8688,1183,100.55,web
8689,2352,59.6,web
8690,688,30.17,pos
8691,293,85.36,app
8692,1565,125.13,app
8693,542,29.08,pos
8694,3923,96.96,web
8695,3306,92.42,pos
8696,1035,5.46,app
8697,287,50.07,pos
8698,2434,116.14,app
8699,2930,156.9,web
8700,631,155.81,web
8701,3583,137.87,pos
8702,407,133.04,pos
8703,3731,89.03,app
8704,1854,95.92,app
8705,803,54.5,app
8706,2459,86.28,web
8707,827,241.01,web
8708,1138,20.5,pos
8709,2728,34.77,app
8710,3678,143.57,app
8711,2594,58.85,web
8712,3678,38.36,web
8713,537,12.42,pos
8714,355,81.91,web
8715,589,91.93,web
8716,3255,76.23,web
8717,3564,26.82,web
8718,605,115.34,app
8719,3191,63.28,web
8720,1489,88.9,web
8721,3882,52.48,app
8722,2907,179.93,web
8723,3586,88.3,pos
8724,1586,121.06,web
8725,2865,33.66,app
8726,2968,8.09,app
8727,1837,155.8,web
8728,2400,104.34,web
8729,1027,188.4,app
8730,3542,131.14,app
8731,3860,31.02,app
8732,452,141.52,app
8733,3342,173.39,app
8734,3684,92.58,web
8735,111,23.54,app
8736,3291,99.37,web
8737,1233,40.68,web
8738,2706,71.71,web
8739,3593,22.59,app
8740,3031,31.76,app
8741,2732,147.78,web
8742,2581,20.88,app
8743,2056,91.21,app
8744,26,69.71,web
8745,484,18.54,web
8746,776,71.69,web
8747,2775,59.87,web
8748,1936,9.32,web
8749,1971,171.87,app
8750,859,60.44,web
8751,128,300.53,app
8752,1353,144.17,app
8753,2813,93.58,app
8754,444,16.94,web
8755,3265,99.52,pos
8756,2184,39.71,web
8757,1415,85.93,web
8758,1700,53.32,app
8759,3271,44.03,pos
8760,2874,15.72,app
8761,131,25.94,web
8762,697,80.69,pos
8763,2191,110.19,web
8764,626,81.46,app
8765,2652,96.71,web
8766,466,75.44,web
8767,2467,54.71,web
8768,3599,271.21,web
8769,667,75.01,web
8770,2811,18.68,web
8771,2692,138.16,app
8772,3505,53.75,web
8773,3772,166.45,web
8774,699,93.9,app
8775,344,73.03,web
8776,1183,267.77,web
8777,2383,27.8,web
8778,2984,28.73,web
8779,233,13.28,app
8780,1117,58.62,web
8781,1774,40.59,app
8782,1351,53.42,web
8783,2578,38.7,pos
8784,1657,34.9,pos
8785,1717,60.86,pos
8786,1903,75.92,pos
8787,2587,51.91,web
8788,559,104.38,web
8789,1227,22.74,web
8790,3760,94.22,app
8791,3688,71.86,web
8792,2425,29.89,web
8793,1671,47.01,web
8794,3596,78.68,web
8795,3638,4.36,app
8796,2411,39.72,pos
8797,2120,114.03,web
8798,569,151.46,app
8799,516,15.22,web
8800,3923,60.1,web
8801,2908,43.92,web
8802,2991,38.41,pos
8803,530,35.3,app
8804,3420,98.55,app
8805,822,171.2,app
8806,2724,61.55,pos
8807,3024,141.97,web
8808,89,76.07,web
8809,1586,32.92,web
8810,3822,60.77,web
8811,2570,94.55,app
8812,225,25.93,app
8813,319,47.99,pos
8814,230,153.96,app
8815,3901,36.54,web
8816,1442,32.07,app
8817,2743,67.52,web
8818,1367,64.1,app
8819,964,45.5,web
8820,2117,77.26,web
8821,1189,116.47,web
8822,2446,47.89,app
8823,3413,72.13,app
8824,3291,28.75,pos
8825,2690,73.96,web
8826,3933,39.18,web
8827,3057,35.65,web
8828,3144,153.48,web
8829,2677,86.16,pos
8830,3674,33.95,pos
8831,5,186.41,app
8832,3810,33.79,app
8833,3064,2.98,app
8834,2520,71.84,web
8835,94,127.54,web
8836,1168,71.5,app
8837,264,21.94,web
8838,643,43.57,web
8839,2661,11.5,web
8840,308,80.4,web
8841,3847,46.79,app
8842,2597,90.2,pos
8843,3841,23.35,app
8844,3691,90.29,web
8845,1668,45.89,web
8846,2829,123.48,web
8847,638,27.99,app
8848,2319,66.03,web
8849,2669,60.77,app
8850,3578,151.9,web
8851,1688,33.62,web
8852,2682,62.52,web
8853,2840,66.22,app
8854,1916,63.86,web
8855,3470,69.79,app
8856,3301,97.93,web
8857,2266,113.53,web
8858,3098,57.18,pos
8859,950,59.4,app
8860,3711,101.26,web
8861,1050,125.13,pos
8862,3234,40.03,web
8863,2819,52.0,web
8864,1297,14.26,web
8865,602,79.65,pos
8866,3776,118.92,app
8867,2731,115.42,web
8868,2001,25.55,web
8869,169,41.34,web
8870,121,43.1,app
8871,2005,166.3,web
8872,2843,17.78,pos
8873,637,50.39,web
8874,1794,153.47,app
8875,3900,68.25,pos
8876,1994,57.42,web
8877,682,81.8,web
8878,3152,39.1,app
8879,2178,132.87,pos
8880,2293,88.37,web
8881,2408,123.74,web
8882,1486,81.5,web
8883,3631,67.47,app
8884,745,145.41,web
8885,1360,92.58,app
8886,2545,141.9,web
8887,3932,57.3,app
8888,2400,41.53,app
8889,3850,174.29,app
8890,82,55.92,app
8891,3474,158.99,web
8892,1353,59.7,app
8893,2043,51.83,web
8894,3136,135.15,web
8895,3455,21.26,pos
8896,3639,13.5,web
8897,1523,54.24,web
8898,2723,21.33,web
8899,1419,323.58,app
8900,3143,4.94,app
8901,3004,146.62,app
8902,1815,72.6,web
8903,2711,109.17,app
8904,910,124.14,app
8905,3771,160.21,web
8906,1581,99.95,app
8907,2386,217.09,web
8908,1401,321.98,app
8909,814,23.38,web
8910,2875,153.32,app
8911,339,27.12,web
8912,2007,101.7,web
8913,2705,13.99,app
8914,2746,74.72,web
8915,3660,62.71,pos
8916,3060,189.11,app
8917,1565,150.52,pos
8918,1701,45.89,web
8919,1081,17.73,app
8920,444,151.79,web
8921,2150,90.81,app
8922,3344,64.77,app
8923,3379,10.86,web
8924,3457,206.85,web
8925,54,120.59,app
8926,1186,37.55,web
8927,517,107.7,app
8928,1666,69.12,app
8929,2841,67.25,app
8930,2347,98.08,web
8931,2591,95.43,web
8932,230,128.34,pos
8933,1704,22.1,web
8934,1288,172.67,app
8935,961,44.22,app
8936,3443,59.09,app
8937,3754,14.05,web
8938,1762,48.66,app
8939,1748,12.05,web
8940,2886,109.87,pos
8941,2477,24.59,app
8942,889,155.34,app
8943,350,72.69,app
8944,3970,64.64,web
8945,1311,110.56,web
8946,3407,36.78,app
8947,425,23.37,web
8948,2399,38.98,web
8949,2884,62.36,app
8950,3705,191.15,web
8951,1000,100.04,web
8952,3687,31.09,app
8953,1888,91.07,pos
8954,2551,7.23,app
8955,3832,114.37,web
8956,3110,103.92,pos
8957,2219,97.9,app
8958,3495,75.61,app
8959,142,9.86,web
8960,3157,47.87,pos
8961,2801,45.89,web
8962,3013,100.72,web
8963,3549,8.68,app
8964,2063,67.64,web
8965,809,296.32,pos
8966,2501,81.25,pos
8967,729,149.56,web
8968,1833,13.32,pos
8969,2160,15.86,app
8970,1637,71.65,pos
8971,2189,84.13,web
8972,1901,89.01,web
8973,387,10.93,app
8974,925,148.68,web
8975,659,5.59,web
8976,138,16.68,web
8977,3849,93.62,app
8978,2160,27.57,app
8979,3834,25.76,pos
8980,2416,52.99,app
8981,2901,31.76,app
8982,3225,45.18,pos
8983,1119,31.22,pos
8984,2919,137.42,web
8985,1372,115.24,web
8986,1362,21.97,web
8987,2725,162.69,web
8988,2359,45.26,app
8989,724,50.72,app
8990,838,15.01,app
8991,1041,163.66,web
8992,790,230.4,pos
8993,3925,124.78,web
8994,1994,19.47,pos
8995,3458,108.92,web
8996,3474,93.17,pos
8997,3506,14.73,app
8998,2166,14.77,pos
8999,1826,230.75,app
9000,119,201.05,app
9001,1632,233.49,web
9002,3559,355.76,app
9003,3922,32.64,app
9004,1419,124.71,web
9005,312,74.55,app
9006,1195,42.66,app
9007,2668,50.94,app
9008,3177,64.92,web
9009,3377,172.9,app
9010,2984,65.02,web
9011,3035,89.69,web
9012,423,59.37,web
9013,881,156.1,pos
9014,2412,102.04,app
9015,1132,19.18,pos
9016,2706,24.21,pos
9017,661,11.67,web
9018,3655,56.63,web
9019,2805,113.7,app
9020,2222,52.77,app
9021,657,147.45,app
9022,1324,7.55,app
9023,231,41.83,web
9024,1447,191.44,pos
9025,1283,85.63,web
9026,1268,103.99,app
9027,871,59.54,web
9028,349,89.9,app
9029,3255,119.84,web
9030,1182,18.98,web
9031,1739,66.89,app
9032,1023,74.46,pos
9033,1685,127.19,web
9034,2992,94.33,web
9035,3534,133.08,web
9036,3451,27.63,app
9037,3037,18.44,pos
9038,3589,71.77,pos
9039,2112,335.37,web
9040,1293,82.21,app
9041,2160,52.28,web
9042,1757,102.62,web
9043,2147,30.26,web
9044,775,143.88,pos
9045,1468,69.23,app
9046,3990,124.91,app
9047,2515,30.34,web
9048,2743,40.82,web
9049,2606,4.11,web
9050,3393,99.31,web
9051,1455,189.35,app
9052,3706,18.66,app
9053,3583,93.32,web
9054,1853,48.34,web
9055,209,150.69,pos
9056,2144,13.25,web
9057,1623,53.18,pos
9058,1713,71.3,pos
9059,2586,128.78,pos
9060,3735,196.75,pos
9061,2201,231.61,pos
9062,2752,192.03,pos
9063,2978,117.46,web
9064,543,13.54,web
9065,3041,65.59,pos
9066,2475,132.67,pos
9067,2068,170.6,web
9068,395,18.29,web
9069,293,104.11,app
9070,1044,153.48,app
9071,1188,97.52,web
9072,3426,202.82,web
9073,2308,15.03,web
9074,2643,22.31,web
9075,3556,109.48,app
9076,3535,63.03,pos
9077,3388,53.17,web
9078,447,69.83,app
9079,1538,167.29,app
9080,3726,113.95,pos
9081,2778,69.34,app
9082,1709,7.07,web
9083,2711,51.36,web
9084,1222,86.24,web
9085,3421,78.69,web
9086,3946,49.42,web
9087,1864,32.22,web
9088,411,93.35,pos
9089,3426,176.45,app
9090,150,37.52,app
9091,902,119.86,pos
9092,905,28.32,app
9093,376,38.07,app
9094,3273,184.78,web
9095,2588,53.93,app
9096,2564,153.68,app
9097,2133,82.29,app
9098,3483,137.58,web
9099,1149,60.58,app
9100,2847,18.55,web
9101,2307,31.93,web
9102,3868,44.5,app
9103,2734,133.43,pos
9104,3576,123.03,app
9105,1169,110.53,web
9106,2071,29.92,web
9107,2103,103.11,pos
9108,3213,131.4,app
9109,3538,158.35,app
9110,3264,76.93,pos
9111,323,43.5,web
9112,507,103.2,app
9113,1494,27.05,app
9114,2821,90.34,web
9115,536,15.43,web
9116,1893,15.09,pos
9117,552,113.44,pos
9118,442,128.52,web
9119,3246,58.24,app
9120,1722,80.61,pos
9121,2773,55.38,app
9122,73,338.78,web
9123,1586,83.52,web
9124,1859,75.41,web
9125,3877,50.76,web
9126,28,56.75,app
9127,1902,136.51,pos
9128,3236,20.69,web
9129,375,43.87,app
9130,795,93.23,app
9131,2819,71.34,web
9132,966,16.64,web
9133,2075,34.64,web
9134,3551,173.39,web
9135,3789,112.51,web
9136,1738,80.53,app
9137,1967,199.43,pos
9138,1225,35.26,web
9139,1935,47.14,web
9140,265,86.98,app
9141,3516,17.07,pos
9142,2424,48.85,web
9143,1996,27.32,app
9144,3091,67.0,app
9145,517,153.54,app
9146,119,137.98,app
9147,3955,82.6,web
9148,3593,140.9,web
9149,1524,50.09,web
9150,717,146.21,app
9151,3851,12.86,pos
9152,2086,238.27,pos
9153,81,22.79,web
9154,262,11.53,app
9155,2123,43.19,web
9156,2985,32.5,web
9157,1076,144.1,web
9158,3447,107.02,web
9159,3330,51.12,app
9160,893,101.72,app
9161,46,87.84,app
9162,2723,40.02,app
9163,1529,51.21,web
9164,2613,34.54,app
9165,1417,65.51,web
9166,3784,64.49,app
9167,2890,48.27,web
9168,2339,112.26,web
9169,284,72.16,pos
9170,1882,142.88,pos
9171,3034,198.38,pos
9172,715,23.76,web
9173,3207,114.36,web
9174,686,39.24,app
9175,2193,39.71,app
9176,658,63.33,pos
9177,146,55.41,app
9178,86,114.29,app
9179,977,39.47,app
9180,2265,263.43,app
9181,790,127.88,app
9182,3432,91.44,pos
9183,3391,44.05,web
9184,3345,74.49,app
9185,229,184.77,web
9186,1069,196.4,web
9187,335,318.32,web
9188,1915,24.14,web
9189,2136,52.73,pos
9190,3463,59.87,web
9191,3678,137.25,pos
9192,655,91.87,app
9193,3618,135.84,app
9194,1831,35.98,app
9195,1500,161.25,app
9196,1651,81.1,pos
9197,3839,150.71,app
9198,3739,63.53,app
9199,2127,222.43,app
9200,2576,105.56,app
9201,2074,83.49,app
9202,3003,57.42,app
9203,2122,39.77,web
9204,3626,92.87,app
9205,501,93.51,web
9206,1125,352.65,pos
9207,3507,143.83,pos
9208,337,175.37,web
9209,3039,86.59,web
9210,3469,110.91,web
9211,3671,54.55,app
9212,2439,105.03,pos
9213,3103,82.42,pos
9214,2598,16.19,web
9215,3217,49.38,web
9216,1433,244.92,pos
9217,529,30.05,app
9218,3339,87.97,web
9219,1033,16.08,web
9220,3435,33.84,app
9221,2752,118.03,web
9222,2715,68.52,web
9223,3464,26.25,app
9224,1622,135.72,app
9225,2115,114.47,app
9226,904,19.44,app
9227,1898,129.77,web
9228,3373,42.74,web
9229,606,34.46,app
9230,356,19.84,pos
9231,1142,40.73,pos
9232,2056,60.57,app
9233,2527,133.61,web
9234,1831,41.86,app
9235,894,137.77,web
9236,117,77.75,app
9237,3783,35.38,app
9238,701,111.76,web
9239,1793,28.53,app
9240,2586,83.15,app
9241,3122,149.06,app
9242,3033,77.29,app
9243,2295,122.57,web
9244,2363,122.24,web
9245,2373,90.58,app
9246,3173,92.72,app
9247,1360,70.75,web
9248,704,29.61,app
9249,2013,36.16,app
9250,23,59.89,web
9251,2353,42.0,web
9252,800,255.8,app
9253,3873,116.02,pos
9254,451,152.66,web
9255,3332,119.69,web
9256,1611,133.33,app
9257,579,79.13,web
9258,1146,27.31,app
9259,2613,64.81,app
9260,3892,127.72,web
9261,2076,14.28,pos
9262,367,113.96,web
9263,3404,215.35,app
9264,90,60.67,pos
9265,3723,69.11,app
9266,3449,117.41,app
9267,823,48.02,web
9268,683,79.23,pos
9269,3483,49.01,web
9270,450,140.15,web
9271,2949,48.87,web
9272,59,114.38,web
9273,2733,237.98,app
9274,3314,98.58,pos
9275,3719,63.9,app
9276,1321,36.19,web
9277,2269,261.38,pos
9278,430,153.27,pos
9279,214,61.11,pos
9280,2811,27.64,web
9281,3784,80.43,app
9282,2633,71.4,web
9283,550,57.59,app
9284,1585,80.37,web
9285,485,23.53,web
9286,329,85.99,web
9287,3253,40.44,web
9288,1258,126.84,app
9289,3943,95.43,web
9290,2798,16.29,app
9291,3432,141.93,app
9292,2762,30.82,web
9293,899,177.95,app
9294,2556,46.58,app
9295,663,4.62,app
9296,960,31.53,web
9297,3226,79.96,web
9298,1379,90.02,app
9299,595,5.2,web
9300,2834,189.98,pos
9301,264,109.41,web
9302,3259,117.83,app
9303,2093,18.01,app
9304,3350,140.28,web
9305,583,46.89,web
9306,1817,157.64,web
9307,218,31.87,web
9308,3500,172.15,pos
9309,3140,16.4,web
9310,3356,16.55,web
9311,3374,137.71,app
9312,3883,343.83,pos
9313,653,100.97,web
9314,321,41.12,pos
9315,2771,31.22,app
9316,1276,139.87,web
9317,639,41.45,web
9318,2584,45.35,web
9319,1462,71.25,app
9320,2663,114.79,web
9321,3410,97.8,web
9322,1838,71.85,web
9323,3374,51.86,web
9324,423,9.27,web
9325,341,30.69,app
9326,3457,64.92,web
9327,3390,127.45,app
9328,1591,29.95,web
9329,2804,18.05,web
9330,700,108.79,pos
9331,2209,29.91,app
9332,387,112.75,web
9333,2168,57.31,web
9334,2478,67.52,app
9335,2972,261.72,pos
9336,1132,70.22,web
9337,1066,67.72,web
9338,2907,161.58,web
9339,858,62.56,pos
9340,656,7.47,app
9341,2369,98.59,web
9342,1003,89.67,web
9343,2729,30.19,app
9344,1588,225.44,app
9345,380,46.79,app
9346,1549,8.72,pos
9347,2803,69.95,app
9348,1615,71.45,web
9349,1842,167.56,app
9350,2049,59.9,pos
9351,702,121.11,pos
9352,2669,74.76,app
9353,1824,101.99,web
9354,917,162.65,web
9355,3747,92.98,pos
9356,1074,10.92,pos
9357,1563,47.44,web
9358,3998,24.19,app
9359,2577,109.83,app
9360,2572,274.85,app
9361,138,173.54,web
9362,627,52.71,web
9363,572,58.94,pos
9364,2096,31.11,pos
9365,2039,92.03,web
9366,1302,106.05,pos
9367,2149,242.15,web
9368,3180,45.7,web
9369,756,120.84,app
9370,98,70.28,web
9371,1085,60.48,web
9372,3333,64.29,app
9373,88,78.37,pos
9374,990,77.95,app
9375,961,29.18,web
9376,1108,65.45,web
9377,1783,103.31,pos
9378,1787,207.95,pos
9379,2756,58.8,app
9380,2951,85.03,web
9381,2266,35.74,pos
9382,2105,75.71,web
9383,110,102.41,pos
9384,1573,40.41,app
9385,1403,111.2,app
9386,3161,252.61,web
9387,3130,113.52,web
9388,2857,135.11,web
9389,3477,173.34,web
9390,1950,17.41,app
9391,3600,28.72,web
9392,2988,47.62,app
9393,649,43.03,pos
9394,3090,68.33,web
9395,1845,25.9,pos
9396,2621,52.18,app
9397,1152,43.5,web
9398,1141,49.19,pos
9399,365,70.28,web
9400,3731,68.72,web
9401,1715,118.02,web
9402,2845,64.69,app
9403,2409,186.56,web
9404,59,58.79,web
9405,2486,34.96,pos
9406,2739,33.36,web
9407,3775,184.1,pos
9408,2721,160.81,app
9409,1532,67.22,app
9410,3184,63.77,app
9411,580,21.07,pos
9412,785,60.3,web
9413,711,78.72,web
9414,711,168.99,app
9415,3982,142.47,web
9416,2778,42.15,web
9417,585,236.52,web
9418,1759,66.31,web
9419,3245,95.88,web
9420,2141,58.3,web
9421,1807,20.27,web
9422,3933,97.33,web
9423,183,171.52,app
9424,1732,195.41,app
9425,3306,93.79,web
9426,546,90.33,web
9427,3942,172.25,pos
9428,855,68.14,app
9429,2356,53.53,pos
9430,3942,38.52,app
9431,538,147.55,app
9432,113,58.27,app
9433,22,132.73,app
9434,3503,98.98,web
9435,2869,116.87,web
9436,1156,82.4,web
9437,1035,56.66,pos
9438,3120,133.46,web
9439,403,56.59,web
9440,1946,44.89,web
9441,3307,52.01,app
9442,2143,69.92,web
9443,2477,169.99,app
9444,173,76.91,pos
9445,675,36.22,app
9446,2451,110.11,web
9447,1517,41.19,app
9448,2821,64.4,pos
9449,249,27.46,web
9450,1284,37.34,web
9451,503,89.57,pos
9452,824,22.77,web
9453,3426,207.8,pos
9454,2798,98.38,web
9455,1254,27.83,app
9456,916,241.61,app
9457,953,36.0,app
9458,2745,77.32,app
9459,3209,73.86,web
9460,1804,35.6,app
9461,234,98.4,pos
9462,2051,63.21,web
9463,2644,54.01,web
9464,134,61.25,web
9465,1958,95.46,app
9466,1633,76.85,web
9467,2688,222.05,web
9468,909,110.8,web
9469,2268,45.84,web
9470,55,44.08,app
9471,2030,35.08,app
9472,2021,52.19,app
9473,1469,68.9,web
9474,104,200.66,web
9475,3947,51.89,web
9476,1205,218.04,web
9477,1875,39.85,app
9478,404,90.25,app
9479,1640,57.99,app
9480,2685,99.89,web
9481,3821,60.92,app
9482,338,45.92,web
9483,3450,54.7,web
9484,3277,67.45,web
9485,3174,65.38,web
9486,1792,182.11,web
9487,2087,30.26,web
9488,1861,102.87,web
9489,3943,45.46,web
9490,3183,129.65,app
9491,2487,35.72,web
9492,291,46.19,web
9493,857,248.87,pos
9494,1516,13.74,pos
9495,1794,116.8,web
9496,996,19.99,web
9497,2827,80.1,web
9498,1933,118.44,web
9499,2281,62.57,web
9500,3321,26.08,web
9501,2959,190.83,pos
9502,3212,118.99,pos
9503,1662,37.3,web
9504,979,42.46,web
9505,2318,79.27,app
9506,2125,31.72,web
9507,1097,77.75,pos
9508,3101,85.65,web
9509,2451,43.44,app
9510,2127,37.92,web
9511,3338,166.53,web
9512,2810,45.28,web
9513,198,76.85,app
9514,666,175.12,web
9515,2087,51.88,pos
9516,2478,66.38,app
9517,3709,221.51,web
9518,770,137.67,web
9519,3231,49.44,web
9520,1618,69.02,web
9521,846,23.1,app
9522,1189,77.54,web
9523,3979,132.65,app
9524,1333,123.95,app
9525,1969,120.68,app
9526,2474,13.0,app
9527,1196,21.52,app
9528,3820,63.22,app
9529,3539,114.58,app
9530,3697,230.68,web
9531,2789,38.42,web
9532,1511,61.53,app
9533,2301,168.96,web
9534,887,77.28,web
9535,15,34.14,web
9536,2489,61.22,pos
9537,2412,227.35,web
9538,2939,91.52,pos
9539,321,11.83,pos
9540,2670,28.48,app
9541,1964,158.35,pos
9542,1797,35.94,app
9543,1114,248.84,app
9544,2359,74.26,app
9545,2115,146.2,pos
9546,3938,41.33,web
9547,2819,31.61,web
9548,297,46.77,app
9549,186,26.93,app
9550,3280,47.33,web
9551,2967,59.12,web
9552,1027,66.56,pos
9553,812,61.79,web
9554,2468,234.23,pos
9555,3088,16.3,app
9556,3679,143.42,app
9557,1873,177.43,app
9558,3512,30.09,web
9559,1602,57.6,app
9560,180,208.38,web
9561,2012,97.36,web
9562,3656,55.27,web
9563,1938,73.5,app
9564,1929,36.51,web
9565,1767,148.36,app
9566,182,40.02,pos
9567,3156,115.14,web
9568,799,99.57,app
9569,2476,94.83,app
9570,2081,43.71,web
9571,1264,85.72,web
9572,554,43.48,web
9573,387,88.34,web
9574,695,205.57,app
9575,1367,151.4,pos
9576,3452,50.97,web
9577,761,197.72,web
9578,595,11.77,web
9579,1530,321.77,app
9580,3348,20.08,web
9581,3809,42.06,app
9582,2104,61.96,web
9583,2025,94.57,web
9584,628,112.01,web
9585,1731,66.65,web
9586,3347,60.8,pos
9587,3760,132.04,web
9588,784,87.49,app
9589,1700,167.59,app
9590,316,121.15,web
9591,960,90.78,app
9592,3860,14.05,web
9593,729,133.24,app
9594,1694,104.56,app
9595,1128,82.54,web
9596,3101,16.97,web
9597,3199,269.35,web
9598,2619,171.8,web
9599,928,41.02,web
9600,2896,51.01,app
9601,2205,190.58,app
9602,1388,20.45,pos
9603,3365,32.62,pos
9604,874,63.18,web
9605,2031,119.86,web
9606,1958,50.84,app
9607,2472,80.16,web
9608,2352,176.16,web
9609,1426,30.0,pos
9610,3007,74.07,pos
9611,2410,41.74,web
9612,2558,22.08,web
9613,2486,178.1,pos
9614,2030,50.23,pos
9615,2538,96.9,pos
9616,3832,63.21,app
9617,3622,45.88,app
9618,1382,2.47,app
9619,2385,102.24,web
9620,384,54.34,app
9621,2590,32.14,web
9622,3936,38.01,web
9623,881,49.89,web
9624,2735,35.21,web
9625,746,292.5,pos
9626,2565,162.92,web
9627,634,95.39,web
9628,430,124.65,app
9629,920,128.39,pos
9630,3137,110.79,app
9631,3979,108.57,pos
9632,2351,132.26,web
9633,1611,55.06,web
9634,2178,21.47,pos
9635,3449,43.57,pos
9636,2242,49.22,web
9637,598,106.13,pos
9638,1165,66.9,app
9639,2640,61.77,web
9640,1269,139.84,app
9641,1814,59.03,web
9642,2287,89.15,app
9643,3002,50.77,web
9644,1157,93.01,app
9645,3168,35.23,web
9646,3329,107.55,pos
9647,1198,196.1,pos
9648,3051,127.21,pos
9649,1018,119.85,web
9650,60,129.28,web
9651,1400,217.68,web
9652,714,170.41,app
9653,2253,16.19,web
9654,3794,150.79,app
9655,1679,22.67,web
9656,163,59.41,web
9657,2836,30.25,pos
9658,3275,59.94,app
9659,120,137.2,web
9660,2389,28.33,web
9661,3496,103.74,web
9662,3661,94.47,web
9663,2943,117.82,web
9664,1923,31.79,web
9665,3446,18.14,web
9666,422,192.83,web
9667,2459,64.58,web
9668,1907,59.78,web
9669,913,32.44,web
9670,3018,47.36,pos
9671,2264,76.65,app
9672,654,40.86,app
9673,195,181.61,app
9674,1197,232.56,web
9675,1412,65.55,app
9676,1210,68.74,web
9677,3915,87.26,web
9678,3573,40.76,web
9679,2759,50.6,app
9680,1293,51.34,pos
9681,2261,51.64,web
9682,97,26.62,web
9683,1762,222.75,app
9684,3546,31.23,web
9685,8,59.58,web
9686,3881,92.67,web
9687,2595,261.82,app
9688,2941,32.47,pos
9689,404,77.11,web
9690,498,89.44,web
9691,2932,243.95,web
9692,2392,23.44,web
9693,596,101.81,web
9694,3586,95.4,web
9695,1589,73.07,web
9696,3115,129.61,web
9697,1180,11.02,app
9698,3460,113.99,web
9699,719,78.57,web
9700,1520,154.47,web
9701,3327,49.49,web
9702,3968,14.31,pos
9703,2337,32.21,web
9704,448,56.2,app
9705,2327,108.97,web
9706,2045,59.48,app
9707,1903,112.33,app
9708,3657,82.07,app
9709,2271,120.42,web
9710,3288,36.71,web
9711,2288,101.77,web
9712,1999,16.26,app
9713,437,176.44,app
9714,2132,181.33,app
9715,483,133.59,web
9716,2253,131.99,web
9717,462,74.59,app
9718,2411,53.81,app
9719,2823,18.71,pos
9720,305,41.02,web
9721,1517,111.03,web
9722,2360,189.39,web
9723,1057,41.4,app
9724,2702,70.1,web
9725,1559,15.75,pos
9726,2954,107.59,app
9727,2227,104.26,web
9728,805,60.88,app
9729,2260,183.72,pos
9730,1791,215.13,web
9731,611,103.52,web
9732,1965,47.83,app
9733,3584,36.74,app
9734,2833,69.97,web
9735,1035,85.49,web
9736,1392,68.18,app
9737,2915,45.2,app
9738,3526,23.14,app
9739,2724,189.41,web
9740,2152,22.2,pos
9741,1661,133.3,app
9742,2126,62.15,web
9743,3717,94.08,web
9744,120,21.53,web
9745,1713,51.7,app
9746,3276,115.56,web
9747,2383,27.43,web
9748,1699,41.84,pos
9749,1965,31.97,app
9750,622,180.75,web
9751,1908,39.36,web
9752,793,39.45,web
9753,1824,33.38,web
9754,2814,85.41,web
9755,817,113.01,pos
9756,2223,87.0,web
9757,3093,112.25,pos
9758,3718,252.06,web
9759,3667,57.99,app
9760,889,67.85,web
9761,2829,341.05,web
9762,3564,132.39,web
9763,1123,35.38,web
9764,1213,239.67,web
9765,535,175.08,app
9766,3205,69.2,web
9767,3508,36.01,app
9768,365,41.38,web
9769,1930,106.45,web
9770,2690,129.84,app
9771,3509,74.56,app
9772,2157,31.49,web
9773,3702,85.96,app
9774,1235,46.47,app
9775,2995,45.08,web
9776,3556,84.5,app
9777,2645,151.69,web
9778,1750,47.68,web
9779,1088,134.9,web
9780,3826,25.31,app
9781,1582,156.15,web
9782,1102,35.9,web
9783,2895,129.75,web
9784,164,55.73,app
9785,1476,34.04,web
9786,2900,53.81,pos
9787,582,47.26,web
9788,1265,177.43,app
9789,330,112.76,web
9790,2068,35.64,app
9791,383,75.12,app
9792,759,69.61,app
9793,1420,35.22,web
9794,3135,58.8,web
9795,516,104.71,web
9796,1833,68.55,app
9797,1460,79.43,web
9798,2004,78.72,web
9799,1275,123.4,web
9800,3217,140.85,pos
9801,1397,50.07,web
9802,3886,63.91,web
9803,3787,104.05,web
9804,378,47.83,web
9805,3758,47.17,web
9806,933,30.47,pos
9807,1751,198.27,web
9808,3500,167.02,pos
9809,1499,118.56,web
9810,2366,202.11,web
9811,1677,46.44,web
9812,2761,16.8,web
9813,3086,77.43,app
9814,2175,17.96,web
9815,2537,54.22,web
9816,1245,27.51,app
9817,1965,32.55,web
9818,2911,65.06,web
9819,607,23.69,web
9820,2767,23.86,app
9821,790,62.46,app
9822,2669,12.42,web
9823,1439,93.79,web
9824,1748,59.37,web
9825,3328,75.65,web
9826,1237,32.09,web
9827,3403,175.09,pos
9828,2543,173.56,pos
9829,589,231.84,web
9830,2705,137.88,app
9831,3151,25.72,app
9832,3598,125.27,app
9833,2910,45.71,web
9834,755,116.65,app
9835,3552,33.0,app
9836,2909,67.33,pos
9837,1024,76.72,app
9838,1089,29.48,app
9839,1151,92.23,pos
9840,1790,47.38,app
9841,105,92.36,web
9842,1345,70.0,app
9843,1439,69.39,web
9844,3757,195.22,app
9845,2229,43.14,pos
9846,1214,135.02,web
9847,924,106.48,web
9848,1089,217.68,app
9849,1914,56.85,web
9850,1519,34.76,web
9851,530,67.43,web
9852,1129,204.79,pos
9853,3931,115.45,web
9854,2579,58.17,app
9855,1323,157.29,web
9856,3662,128.02,pos
9857,979,183.91,web
9858,3009,174.53,web
9859,2524,61.12,pos
9860,3516,85.19,app
9861,1656,56.19,app
9862,602,108.24,app
9863,1706,105.17,app
9864,1603,52.05,app
9865,3463,143.91,app
9866,891,44.32,app
9867,3895,79.7,web
9868,3175,148.52,app
9869,2535,77.96,app
9870,1171,72.99,web
9871,1263,70.97,app
9872,835,188.51,app
9873,736,11.47,web
9874,1940,19.69,web
9875,2300,139.47,web
9876,3223,69.43,pos
9877,2751,184.75,web
9878,296,129.84,app
9879,3957,117.78,app
9880,1310,92.25,web
9881,911,23.51,app
9882,1365,77.44,web
9883,231,29.89,web
9884,649,8.1,app
9885,532,184.92,pos
9886,1083,51.89,web
9887,2998,91.15,web
9888,1509,21.43,web
9889,2863,19.41,app
9890,3777,144.49,web
9891,3805,136.78,app
9892,3254,37.46,pos
9893,2995,131.42,web
9894,2267,96.38,pos
9895,182,36.76,web
9896,3620,48.79,web
9897,1572,117.78,web
9898,2153,58.28,app
9899,1766,8.78,app
9900,1843,14.65,web
9901,3340,91.08,web
9902,3418,8.75,pos
9903,575,45.99,app
9904,3608,17.75,web
9905,3001,82.11,app
9906,2221,46.95,web
9907,461,181.25,web
9908,745,4.18,web
9909,3477,162.05,web
9910,2290,43.88,web
9911,1210,122.17,pos
9912,265,124.35,web
9913,68,59.15,app
9914,3983,66.23,app
9915,3770,95.78,app
9916,1625,146.55,web
9917,2490,47.15,web
9918,2595,23.52,web
9919,197,8.73,web
9920,1121,69.27,web
9921,1824,20.58,web
9922,1988,56.72,app
9923,853,75.37,web
9924,3787,10.39,web
9925,3823,225.22,app
9926,3419,192.97,app
9927,3154,113.31,web
9928,2482,20.05,pos
9929,136,113.91,web
9930,3878,93.95,web
9931,1004,62.48,pos
9932,1878,25.85,pos
9933,1764,43.54,web
9934,2700,15.37,app
9935,3891,64.7,web
9936,2217,39.03,app
9937,385,44.54,app
9938,2220,29.85,app
9939,2998,29.45,pos
9940,1040,45.03,web
9941,2392,57.75,web
9942,64,81.13,pos
9943,3886,159.9,app
9944,838,70.82,pos
9945,3522,48.74,web
9946,1672,191.82,web
9947,1123,49.75,web
9948,626,37.95,web
9949,3387,31.41,pos
9950,3135,37.32,pos
9951,2630,26.04,pos
9952,3580,23.48,app
9953,3335,90.3,pos
9954,1658,23.8,web
9955,1009,62.55,app
9956,3135,76.78,web
9957,463,29.95,app
9958,3350,216.78,web
9959,3094,162.39,app
9960,2218,80.84,web
9961,2103,30.18,web
9962,3691,121.18,web
9963,652,62.26,web
9964,3545,67.46,web
9965,1871,173.12,app
9966,371,99.75,web
9967,3638,83.52,web
9968,2276,140.52,app
9969,1589,57.09,web
9970,3722,117.21,web
9971,3583,38.84,web
9972,2978,95.86,app
9973,885,56.0,app
9974,806,48.2,web
9975,3222,63.0,app
9976,2549,68.25,web
9977,1790,96.5,app
9978,1586,95.7,app
9979,906,76.27,pos
9980,1054,5.42,web
9981,3021,81.05,web
9982,3010,83.81,app
9983,2730,30.5,web
9984,660,26.21,app
9985,3795,145.04,web
9986,2873,82.26,web
9987,2311,27.4,web
9988,1689,8.91,web
9989,3955,35.32,web
9990,1974,104.2,web
9991,991,44.97,pos
9992,915,158.03,web
9993,288,49.7,web
9994,1722,59.33,web
9995,283,70.93,web
9996,3960,29.15,app
9997,2989,81.94,web
9998,2603,53.67,web
9999,2756,70.57,app
10000,3539,163.77,web
10001,3556,57.97,app
10002,3464,20.14,web
10003,996,52.1,web
10004,2862,31.04,web
10005,1957,116.66,app
10006,472,134.35,web
10007,1110,50.64,app
10008,2968,46.95,app
10009,1618,23.0,web
10010,1812,66.48,web
10011,536,59.03,web
10012,3180,96.53,pos
10013,2107,178.83,web
10014,2140,40.69,app
10015,3627,151.65,web
10016,427,37.75,web
10017,1692,215.42,app
10018,1807,32.46,web
10019,3100,140.1,app
10020,548,96.64,app
10021,36,98.08,web
10022,3115,28.08,web
10023,2421,56.2,app
10024,1848,113.73,web
10025,1055,180.9,pos
10026,3648,28.01,web
10027,3663,165.32,web
10028,596,260.4,web
10029,1059,133.94,pos
10030,1547,50.01,pos
10031,2565,105.48,app
10032,650,8.86,web
10033,1379,40.97,app
10034,334,152.34,app
10035,107,208.14,web
10036,809,160.1,app
10037,379,42.08,app
10038,119,53.02,app
10039,1302,80.46,app
10040,854,131.36,web
10041,1677,47.61,pos
10042,2289,133.19,app
10043,3938,34.66,web
10044,1775,101.84,app
10045,3598,105.52,web
10046,104,243.83,web
10047,641,296.11,web
10048,689,47.66,web
10049,3114,206.36,app
10050,137,32.68,pos
10051,1542,23.85,web
10052,2816,58.95,app
10053,962,158.74,app
10054,1097,16.73,app
10055,1863,31.29,web
10056,3326,113.44,web
10057,1168,49.06,web
10058,1555,58.68,app
10059,3612,48.05,app
10060,2697,52.81,web
10061,1379,79.36,app
10062,2725,61.19,app
10063,1375,322.48,web
10064,3186,2.35,pos
10065,362,182.76,web
10066,2282,11.43,web
10067,2810,40.92,pos
10068,1398,74.04,app
10069,1815,115.14,web
10070,292,83.77,web
10071,721,22.43,web
10072,194,169.54,web
10073,3457,92.26,web
10074,2034,9.19,pos
10075,630,148.53,web
10076,3403,12.47,web
10077,1435,69.36,web
10078,984,79.8,app
10079,3374,10.56,web
10080,3361,104.82,web
10081,3808,27.54,app
10082,1403,121.16,pos
10083,2970,89.2,app
10084,3885,180.43,app
10085,2364,22.24,app
10086,3399,88.88,web
10087,3578,53.81,pos
10088,373,147.11,web
10089,3350,249.27,pos
10090,2643,74.66,app
10091,2536,29.05,web
10092,3627,61.14,app
10093,3914,122.84,app
10094,1260,219.72,web
10095,1519,156.28,web
10096,2067,103.84,web
10097,167,90.47,app
10098,3233,87.81,web
10099,289,265.67,app
10100,2230,107.08,pos
10101,3811,39.15,app
10102,3127,84.24,web
10103,1765,101.05,app
10104,558,5.44,app
10105,1144,27.93,app
10106,3697,93.6,web
10107,1135,179.19,app
10108,497,78.07,app
10109,2456,18.68,web
10110,1244,60.59,app
10111,451,64.44,app
10112,2756,21.61,web
10113,2661,42.97,app
10114,1381,127.04,web
10115,2333,56.93,pos
10116,3698,118.4,app
10117,1336,44.33,app
10118,1281,86.68,web
10119,3337,152.63,app
10120,1094,128.46,app
10121,2149,46.01,app
10122,3231,155.91,app
10123,2049,86.91,app
10124,2711,47.96,web
10125,2936,22.2,pos
10126,1149,157.67,web
10127,1296,24.4,app
10128,248,157.72,web
10129,1326,50.3,app
10130,1654,70.99,app
10131,673,55.19,web
10132,1399,138.9,web
10133,3800,104.22,web
10134,3529,12.22,web
10135,2322,136.7,web
10136,3621,43.78,app
10137,1235,25.43,pos
10138,2169,114.67,pos
10139,2684,62.85,web
10140,3867,47.58,web
10141,1477,58.86,web
10142,1301,21.33,web
10143,2034,80.13,web
10144,2465,214.91,web
10145,1530,36.16,web
10146,1181,51.19,pos
10147,483,156.15,app
10148,202,52.12,app
10149,353,79.94,web
10150,388,32.35,pos
10151,1588,294.47,web
10152,58,121.95,web
10153,3211,100.46,web
10154,379,29.86,pos
10155,3965,15.24,web
10156,3983,29.41,web
10157,3816,96.94,app
10158,347,60.13,app
10159,410,135.79,web
10160,3503,72.43,app
10161,3681,76.26,app
10162,3594,54.72,app
10163,3697,29.38,pos
10164,2113,98.86,web
10165,1291,141.97,app
10166,2072,78.66,web
10167,767,224.08,web
10168,2784,43.56,web
10169,3789,31.36,web
10170,994,216.54,web
10171,2252,49.97,web
10172,1149,17.68,pos
10173,1475,80.83,web
10174,44,11.57,web
10175,171,93.59,app
10176,686,298.3,app
10177,767,220.58,app
10178,2201,149.57,web
10179,1628,22.12,app
10180,1227,98.1,app
10181,2075,115.92,app
10182,3321,281.87,app
10183,972,229.32,app
10184,3239,204.22,pos
10185,1497,67.57,web
10186,1588,196.85,pos
10187,3030,64.11,web
10188,2859,50.77,web
10189,3270,115.22,pos
10190,3296,56.57,web
10191,3289,64.01,pos
10192,3123,131.83,web
10193,2242,8.85,web
10194,3785,78.11,app
10195,1698,20.95,web
10196,843,7.4,web
10197,542,146.43,app
10198,2394,65.82,app
10199,1571,136.38,web
10200,1869,84.13,web
10201,1065,89.79,pos
10202,14,217.85,app
10203,3845,42.13,web
10204,2870,7.9,app
10205,787,28.38,web
10206,351,67.66,web
10207,463,109.11,web
10208,739,69.28,web
10209,2522,117.14,app
10210,2997,29.8,web
10211,1060,178.88,web
10212,3726,114.0,web
10213,2170,114.39,pos
10214,2907,216.06,app
10215,3527,89.49,web
10216,3533,87.25,web
10217,2953,176.25,web
10218,2055,75.86,app
10219,204,37.16,app
10220,1947,94.7,pos
10221,1752,8.93,web
10222,1138,90.01,web
10223,1484,42.04,app
10224,276,14.37,web
10225,2722,109.89,web
10226,673,141.8,web
10227,3779,52.52,app
10228,893,48.14,app
10229,1642,231.93,web
10230,3493,176.3,web
10231,3820,22.91,app
10232,10,58.42,pos
10233,2953,42.81,app
10234,1689,119.1,app
10235,2620,51.62,web
10236,3886,12.8,app
10237,3770,59.57,web
10238,3627,160.09,pos
10239,1721,44.23,web
10240,445,79.63,pos
10241,349,106.48,app
10242,2976,131.89,web
10243,1658,110.58,web
10244,3488,29.6,web
10245,2036,149.22,web
10246,751,195.01,pos
10247,2237,96.36,web
10248,1007,125.28,app
10249,2125,138.84,app
10250,2734,76.15,pos
10251,3080,37.96,pos
10252,3030,112.03,web
10253,3179,77.56,app
10254,3502,42.91,pos
10255,2072,122.63,pos
10256,1592,147.95,app
10257,3295,41.96,web
10258,192,22.72,web
10259,2534,49.96,pos
10260,3906,52.18,web
10261,1788,113.87,web
10262,1035,182.86,web
10263,3173,36.93,web
10264,3080,29.63,web
10265,1529,43.33,web
10266,3677,222.18,web
10267,2145,129.62,app
10268,2165,287.25,web
10269,2017,31.05,app
10270,2094,98.59,web
10271,2928,39.11,app
10272,962,115.84,app
10273,1824,100.97,web
10274,244,11.03,web
10275,3519,52.24,web
10276,443,80.94,web
10277,1910,47.3,pos
10278,2894,155.63,app
10279,1859,164.08,app
10280,796,13.29,web
10281,344,74.78,app
10282,1982,37.22,app
10283,224,75.69,pos
10284,2074,87.56,web
10285,1231,177.0,web
10286,3707,32.55,web
10287,1266,28.34,app
10288,2162,107.66,web
10289,2562,254.4,pos
10290,2462,15.69,web
10291,1090,124.21,web
10292,3245,144.82,app
10293,576,104.53,app
10294,1205,62.42,web
10295,1157,106.67,web
10296,2750,54.93,app
10297,1824,99.14,web
10298,393,31.68,app
10299,2982,83.5,web
10300,284,68.34,web
10301,873,28.63,web
10302,3876,144.28,web
10303,3933,26.94,web
10304,1264,88.15,app
10305,1315,77.25,app
10306,1832,46.0,pos
10307,2890,116.77,pos
10308,611,171.62,app
10309,3243,44.79,app
10310,1216,32.83,web
10311,3604,117.91,app
10312,3607,128.7,web
10313,28,22.67,pos
10314,3729,180.95,pos
10315,262,116.9,web
10316,2496,78.51,app
10317,3577,98.84,web
10318,815,53.13,web
10319,69,30.61,app
10320,3823,264.12,web
10321,1560,130.93,app
10322,3130,54.08,pos
10323,2011,36.62,web
10324,394,22.83,web
10325,1797,46.74,app
10326,2733,172.07,app
10327,912,73.04,app
10328,1654,46.47,web
10329,2005,92.23,app
10330,142,136.43,app
10331,2253,152.0,app
10332,989,122.98,web
10333,3830,18.22,web
10334,2188,6.04,pos
10335,2378,152.18,app
10336,2295,7.75,app
10337,3018,286.22,pos
10338,3860,116.39,web
10339,1918,79.62,pos
10340,1867,98.57,app
10341,3015,54.44,web
10342,1381,126.13,pos
10343,1283,11.55,pos
10344,3550,10.5,app
10345,3934,55.87,web
10346,2044,114.72,web
10347,3396,11.59,pos
10348,2181,195.58,app
10349,2631,81.0,web
10350,785,112.8,pos
10351,106,188.67,pos
10352,3137,41.53,app
10353,2125,42.94,pos
10354,3126,78.96,app
10355,2356,40.87,web
10356,2229,106.37,web
10357,146,177.21,pos
10358,1483,105.58,app
10359,3645,87.2,pos
10360,2311,66.02,web
10361,3096,71.97,app
10362,3289,63.71,app
10363,2190,79.23,pos
10364,2708,80.29,web
10365,3550,115.27,web
10366,3582,113.18,web
10367,518,33.53,pos
10368,1737,66.49,app
10369,3772,24.09,web
10370,2612,19.79,pos
10371,687,138.59,web
10372,2286,193.12,web
10373,152,88.8,web
10374,2613,183.8,web
10375,711,261.83,web
10376,1977,10.56,app
10377,2600,124.57,app
10378,2226,36.92,web
10379,2518,31.26,web
10380,1650,32.36,app
10381,331,39.13,app
10382,2138,187.79,web
10383,406,68.3,app
10384,1105,84.94,app
10385,2911,87.54,web
10386,3602,24.79,web
10387,1451,141.67,web
10388,1312,46.91,web
10389,1803,54.18,web
10390,3489,229.68,app
10391,3804,6.36,pos
10392,3295,28.88,web
10393,2278,96.61,app
10394,2841,54.74,web
10395,103,110.58,web
10396,2468,37.64,web
10397,151,260.42,web
10398,3196,115.89,web
10399,3231,56.95,app
10400,2953,165.22,web
10401,925,221.97,web
10402,2152,169.08,pos
10403,2469,24.86,web
10404,121,63.05,web
10405,2043,73.5,pos
10406,1814,105.21,pos
10407,1068,180.6,web
10408,1331,42.37,web
10409,2317,74.62,pos
10410,3895,73.56,web
10411,1197,182.77,web
10412,1426,110.32,app
10413,201,13.73,app
10414,2673,8.12,app
10415,1961,135.68,web
10416,1056,61.32,app
10417,3646,142.87,web
10418,3871,128.97,web
10419,3438,172.72,app
10420,3901,95.41,pos
10421,1073,154.66,pos
10422,2276,59.43,app
10423,3428,71.27,pos
10424,3977,67.63,web
10425,1352,123.26,app
10426,1558,177.21,web
10427,2994,82.64,app
10428,91,54.35,web
10429,1272,86.47,app
10430,3711,99.66,web
10431,608,76.59,app
10432,1037,15.51,app
10433,3946,134.86,pos
10434,2216,58.23,web
10435,2357,59.55,pos
10436,3695,101.2,pos
10437,2418,60.22,app
10438,957,61.75,web
10439,2867,134.25,pos
10440,2139,60.24,pos
10441,2484,25.21,app
10442,2191,28.88,app
10443,1267,133.51,app
10444,2194,202.72,web
10445,3967,92.6,web
10446,2484,220.12,app
10447,2839,60.89,pos
10448,1705,287.13,web
10449,385,176.11,web
10450,1811,61.92,web
10451,547,37.74,app
10452,2724,206.38,web
10453,3771,207.9,app
10454,3769,74.46,web
10455,2409,73.54,pos
10456,3674,141.28,web
10457,1416,102.26,web
10458,1405,68.15,pos
10459,2710,187.72,app
10460,1212,18.94,pos
10461,2784,11.39,web
10462,2040,81.09,web
10463,2543,20.07,web
10464,3240,20.29,pos
10465,369,104.38,app
10466,2994,6.76,pos
10467,3313,68.32,app
10468,538,122.1,app
10469,3353,84.0,web
10470,3784,56.02,web
10471,2168,59.61,web
10472,1721,32.46,app
10473,3608,24.23,web
10474,1080,140.06,web
10475,3784,70.12,app
10476,2424,144.15,web
10477,3505,60.37,pos
10478,1524,183.03,web
10479,1174,25.47,web
10480,2980,111.41,web
10481,2492,6.31,pos
10482,3050,69.43,web
10483,1736,197.57,web
10484,3448,98.43,web
10485,3024,41.37,web
10486,3200,211.75,pos
10487,1802,111.21,web
10488,3985,79.36,app
10489,22,103.5,app
10490,932,148.61,pos
10491,1755,304.38,app
10492,2220,66.57,app
10493,657,22.02,web
10494,1715,82.5,web
10495,3745,57.09,web
10496,3251,138.47,web
10497,174,91.29,app
10498,2779,80.87,web
10499,712,85.36,web
10500,1941,87.3,web
10501,1098,76.35,web
10502,2857,11.28,web
10503,1867,120.55,pos
10504,1889,58.14,web
10505,2292,53.49,pos
10506,3733,47.74,app
10507,2586,33.23,web
10508,1816,104.88,web
10509,3155,260.87,app
10510,1376,5.97,app
10511,139,168.13,web
10512,1973,44.18,web
10513,1798,200.98,pos
10514,1736,35.9,web
10515,2356,27.52,app
10516,1926,150.44,pos
10517,1001,143.22,web
10518,2903,136.79,web
10519,3805,100.28,web
10520,1768,23.35,app
10521,501,63.99,app
10522,2009,198.79,pos
10523,3992,66.53,pos
10524,288,166.27,web
10525,1045,26.43,app
10526,3045,177.92,app
10527,1065,138.34,app
10528,3858,65.64,web
10529,2354,93.83,web
10530,2805,97.42,web
10531,3577,164.74,web
10532,3482,170.52,web
10533,3560,68.8,app
10534,1285,195.45,pos
10535,1517,77.83,pos
10536,3647,19.72,app
10537,1712,55.4,web
10538,353,54.04,app
10539,1600,50.13,web
10540,3955,118.49,web
10541,783,67.78,web
10542,3595,127.25,web
10543,1714,27.76,app
10544,3986,74.9,app
10545,384,46.12,app
10546,1425,17.79,pos
10547,440,124.54,pos
10548,145,84.22,web
10549,2469,86.42,pos
10550,3106,40.07,app
10551,2330,186.91,web
10552,531,33.12,app
10553,1444,12.49,web
10554,2994,40.31,web
10555,782,32.75,pos
10556,1506,111.26,web
10557,3582,179.57,web
10558,595,77.33,app
10559,140,92.02,web
10560,1264,169.23,app
10561,2898,148.83,app
10562,389,17.73,web
10563,1223,16.55,web
10564,1983,115.67,pos
10565,1921,126.84,app
10566,1118,118.45,web
10567,3222,121.14,pos
10568,1022,28.61,web
10569,3917,162.45,web
10570,17,136.54,pos
10571,3166,54.16,web
10572,3046,126.52,app
10573,236,42.95,app
10574,3172,69.59,web
10575,2297,95.61,web
10576,2209,14.4,web
10577,2907,28.76,web
10578,2321,75.04,pos
10579,2810,214.42,app
10580,2997,86.67,web
10581,811,48.45,web
10582,3873,160.0,app
10583,719,63.95,web
10584,3329,107.01,web
10585,3115,42.14,web
10586,2212,44.78,web
10587,1460,109.96,app
10588,3778,60.01,web
10589,1364,38.82,pos
10590,2650,58.65,app
10591,3049,402.48,app
10592,1447,124.03,app
10593,2424,127.87,web
10594,2832,90.6,web
10595,2243,93.25,app
10596,2787,105.7,app
10597,2678,118.95,app
10598,3840,62.08,pos
10599,13,118.44,web
10600,2078,26.01,web
10601,2516,69.57,pos
10602,1841,125.54,app
10603,680,36.32,web
10604,68,167.93,web
10605,2204,114.29,web
10606,2175,52.35,app
10607,1615,43.31,app
10608,1096,80.15,app
10609,3617,88.62,web
10610,3123,77.31,app
10611,1523,188.17,web
10612,3620,79.1,app
10613,788,21.7,app
10614,3554,61.44,app
10615,1110,49.35,app
10616,358,73.73,web
10617,783,71.74,app
10618,2486,34.32,web
10619,194,166.13,web
10620,2650,44.53,pos
10621,1680,57.49,web
10622,1051,81.72,app
10623,1583,123.68,web
10624,2072,66.9,web
10625,3080,93.25,web
10626,2384,258.55,web
10627,2165,108.79,app
10628,1062,74.26,web
10629,2971,73.78,app
10630,1688,107.2,app
10631,1903,93.67,web
10632,3374,79.79,web
10633,920,73.09,pos
10634,790,7.13,web
10635,537,56.33,pos
10636,3994,74.72,web
10637,2590,66.94,web
10638,2568,190.64,app
10639,613,73.68,app
10640,3992,93.16,web
10641,3021,22.01,web
10642,2203,12.51,web
10643,1691,62.9,app
10644,3079,149.37,web
10645,1774,161.95,web
10646,3333,167.65,pos
10647,1645,73.19,app
10648,1200,101.26,app
10649,515,106.29,web
10650,3645,75.5,app
10651,3387,25.99,app
10652,457,64.47,web
10653,717,32.26,pos
10654,3050,91.98,pos
10655,1395,21.52,pos
10656,2008,23.81,pos
10657,1309,172.1,app
10658,3775,70.99,app
10659,3375,38.97,app
10660,2100,153.11,web
10661,2956,51.48,web
10662,2958,97.93,app
10663,1675,262.46,app
10664,1461,16.12,web
10665,723,26.69,pos
10666,1377,14.84,pos
10667,552,209.36,web
10668,2825,245.6,app
10669,2227,72.05,pos
10670,922,48.45,web
10671,3542,37.79,app
10672,1173,172.53,web
10673,40,7.51,web
10674,2162,114.29,web
10675,3130,79.16,pos
10676,3088,82.78,pos
10677,1864,80.44,web
10678,2550,53.69,web
10679,799,124.46,web
10680,786,29.78,web
10681,977,109.51,app
10682,3642,42.86,web
10683,244,232.57,app
10684,1769,136.58,web
10685,824,317.05,app
10686,569,99.81,web
10687,2903,100.69,web
10688,2967,36.85,web
10689,1676,129.28,web
10690,3054,71.97,app
10691,1866,119.96,web
10692,182,30.79,web
10693,1780,114.46,web
10694,3187,68.19,web
10695,1064,19.04,web
10696,1789,82.94,pos
10697,3832,200.65,app
10698,1259,62.49,app
10699,2024,87.55,pos
10700,2607,103.87,web
10701,583,51.13,app
10702,2008,81.31,pos
10703,1962,17.79,web
10704,2803,103.31,web
10705,2680,242.23,web
10706,3872,124.87,web
10707,3943,41.01,web
10708,723,93.25,web
10709,3180,24.06,web
10710,1063,69.43,app
10711,3284,284.94,web
10712,2982,95.33,app
10713,3736,11.99,web
10714,2915,4.98,web
10715,662,63.98,pos
10716,506,48.14,web
10717,3316,88.01,web
10718,1251,33.03,web
10719,3062,166.15,web
10720,2335,48.11,web
10721,3917,82.07,app
10722,3641,93.37,app
10723,2166,176.36,app
10724,3153,19.47,app
10725,373,40.95,app
10726,3881,44.89,web
10727,1170,122.9,web
10728,1833,19.14,app
10729,3403,83.29,app
10730,3203,27.56,app
10731,192,17.9,app
10732,3618,19.87,web
10733,2563,125.01,web
10734,1740,65.96,web
10735,649,172.31,pos
10736,3708,19.92,web
10737,3569,168.81,web
10738,1517,38.76,pos
10739,1876,112.22,pos
10740,1790,134.99,app
10741,1783,39.68,pos
10742,1060,95.77,app
10743,306,12.32,pos
10744,318,154.95,app
10745,3974,67.24,web
10746,2295,48.22,app
10747,2598,250.15,app
10748,3266,116.85,web
10749,2490,236.47,app
10750,3389,76.76,app
10751,3103,48.31,app
10752,3520,116.88,web
10753,119,141.86,pos
10754,353,66.45,app
10755,2590,268.58,web
10756,3327,51.43,web
10757,355,28.16,web
10758,2936,51.54,web
10759,1412,51.59,app
10760,3581,60.36,app
10761,2601,72.79,web
10762,452,115.3,app
10763,2646,33.19,app
10764,1680,93.81,web
10765,3991,4.87,app
10766,987,108.4,web
10767,2575,70.2,app
10768,428,27.75,web
10769,2671,75.66,web
10770,2577,69.34,web
10771,2447,209.87,pos
10772,2617,49.82,app
10773,2477,95.06,app
10774,3341,101.77,web
10775,1253,95.6,web
10776,3916,85.09,web
10777,903,52.47,web
10778,1217,57.35,web
10779,649,90.36,app
10780,454,55.06,web
10781,3216,9.86,web
10782,2025,41.07,app
10783,1940,94.62,app
10784,3893,168.39,pos
10785,3260,102.33,web
10786,3827,42.71,web
10787,489,61.49,app
10788,1147,72.46,web
10789,287,250.17,web
10790,1070,119.99,web
10791,1580,22.77,app
10792,2018,16.4,web
10793,700,64.82,web
10794,3398,52.25,web
10795,2652,192.5,app
10796,3188,109.12,app
10797,3205,118.89,pos
10798,1153,46.43,app
10799,2874,60.53,web
10800,1648,138.28,web
10801,2973,117.87,app
10802,1140,26.14,app
10803,1372,44.95,web
10804,3956,108.14,web
10805,2242,101.66,web
10806,28,153.44,web
10807,3307,81.64,app
10808,1439,168.23,app
10809,399,73.99,web
10810,3805,9.07,pos
10811,3108,41.48,pos
10812,2604,199.17,app
10813,127,20.18,pos
10814,567,24.43,app
10815,1193,124.84,web
10816,130,143.56,app
10817,295,50.36,web
10818,3677,1.01,web
10819,2523,51.05,web
10820,2625,44.34,web
10821,3748,82.36,web
10822,3818,111.03,app
10823,2873,12.38,app
10824,3443,13.43,web
10825,1516,60.19,app
10826,631,58.17,web
10827,1661,17.64,app
10828,1437,121.44,web
10829,2071,53.93,web
10830,2442,47.58,app
10831,1228,127.32,web
10832,1208,142.91,web
10833,3529,78.2,web
10834,1516,53.4,web
10835,1977,149.15,pos
10836,3824,42.93,app
10837,457,97.73,web
10838,2767,66.5,web
10839,2838,89.06,pos
10840,3649,91.72,web
10841,2152,74.37,app
10842,1250,79.27,web
10843,3245,55.41,app
10844,3572,161.36,web
10845,112,19.33,web
10846,1253,6.3,web
10847,3871,80.58,pos
10848,2591,220.22,web
10849,2965,81.55,web
10850,2803,205.3,app
10851,150,89.73,web
10852,875,139.45,web
10853,2047,119.35,web
10854,2192,99.36,web
10855,2001,83.92,web
10856,3794,68.71,web
10857,1796,18.57,app
10858,3051,14.97,app
10859,2680,226.77,web
10860,982,139.86,app
10861,2732,58.25,pos
10862,701,24.42,app
10863,1622,63.18,pos
10864,58,107.1,app
10865,312,36.49,app
10866,3467,38.75,app
10867,260,65.1,pos
10868,480,202.71,app
10869,349,153.45,web
10870,262,70.7,web
10871,2153,183.49,pos
10872,1007,290.36,web
10873,3513,52.83,web
10874,40,35.28,app
10875,3094,155.6,web
10876,1110,65.12,app
10877,1999,92.91,app
10878,141,6.68,web
10879,2990,78.23,web
10880,1520,191.91,app
10881,3506,41.78,web
10882,3117,175.98,web
10883,3564,64.7,app
10884,3161,138.98,web
10885,662,134.21,web
10886,2493,130.51,web
10887,2553,149.52,web
10888,745,135.5,web
10889,1647,64.39,pos
10890,3833,26.8,web
10891,486,13.81,web
10892,2255,28.1,app
10893,3825,90.66,app
10894,288,328.22,pos
10895,3084,211.39,web
10896,2672,75.15,web
10897,3669,146.33,app
10898,3931,49.07,app
10899,2201,7.6,web
10900,3693,103.46,web
10901,2133,57.14,web
10902,1317,97.73,web
10903,2950,91.67,web
10904,545,91.03,app
10905,843,161.15,pos
10906,3710,159.82,web
10907,1446,122.67,pos
10908,2026,17.05,web
10909,836,66.04,app
10910,3547,215.07,app
10911,333,99.14,app
10912,3028,25.78,app
10913,3102,218.12,web
10914,2835,103.44,web
10915,2686,18.74,web
10916,3665,188.95,pos
10917,1686,34.22,web
10918,3639,33.44,web
10919,1304,84.84,pos
10920,3978,96.22,web
10921,135,258.21,pos
10922,1032,170.26,app
10923,2159,36.36,app
10924,3282,95.7,app
10925,3298,208.45,app
10926,145,25.55,web
10927,784,46.03,app
10928,3615,38.49,app
10929,469,106.29,web
10930,2630,154.38,pos
10931,2418,57.74,web
10932,2512,67.53,pos
10933,1145,72.18,web
10934,418,159.43,web
10935,2754,44.92,pos
10936,1450,13.26,app
10937,3752,85.15,web
10938,665,203.5,web
10939,810,284.63,web
10940,3718,110.93,web
10941,556,49.41,app
10942,2558,110.7,app
10943,3202,45.72,web
10944,282,152.68,web
10945,2902,33.11,web
10946,1565,98.72,web
10947,1705,212.89,app
10948,280,145.43,web
10949,49,103.9,web
10950,2851,14.04,web
10951,3974,44.29,pos
10952,2805,191.99,app
10953,3965,75.03,web
10954,98,124.49,app
10955,1256,62.14,web
10956,1567,122.25,app
10957,2646,88.67,web
10958,277,178.09,web
10959,3653,149.33,pos
10960,2669,178.06,app
10961,3076,53.23,web
10962,1548,48.7,web
10963,1664,30.85,pos
10964,962,220.65,web
10965,397,57.06,pos
10966,569,34.34,app
10967,3434,119.46,web
10968,3174,6.14,web
10969,1534,56.51,app
10970,3992,76.1,app
10971,738,17.58,app
10972,913,83.17,app
10973,44,41.85,web
10974,3501,177.69,app
10975,2041,159.58,app
10976,2070,150.36,web
10977,1731,69.25,app
10978,2643,79.79,app
10979,2068,107.04,web
10980,3254,83.28,app
10981,2148,23.42,pos
10982,558,50.4,web
10983,1133,78.82,web
10984,388,76.02,app
10985,962,52.62,app
10986,1078,227.31,web
10987,2329,120.84,web
10988,3224,103.81,pos
10989,1437,32.56,pos
10990,763,12.36,app
10991,676,63.59,pos
10992,3175,127.84,app
10993,2165,27.17,web
10994,2515,120.0,pos
10995,2260,91.44,app
10996,2418,35.11,web
10997,1686,86.73,web
10998,342,98.69,pos
10999,3089,143.06,app
11000,2827,153.62,app
11001,3265,131.81,web
11002,2345,40.77,app
11003,1627,103.81,pos
11004,2964,88.83,web
11005,3169,174.8,pos
11006,1365,95.11,pos
11007,72,42.45,web
11008,2579,78.36,app
11009,3428,45.57,web
11010,60,103.97,web
11011,745,183.12,app
11012,1914,23.62,app
11013,2961,54.48,app
11014,1270,11.39,pos
11015,3586,30.7,web
11016,3777,58.4,app
11017,723,96.74,app
11018,3164,129.85,app
11019,2653,66.67,web
11020,3958,162.62,pos
11021,804,68.71,app
11022,1684,157.05,web
11023,1645,187.85,app
11024,1141,54.07,web
11025,3479,140.44,app
11026,2458,122.54,pos
11027,3156,107.49,app
11028,2546,195.86,web
11029,2692,158.22,web
11030,1121,158.77,app
11031,2407,161.32,web
11032,2232,126.4,web
11033,3545,108.83,web
11034,378,78.65,app
11035,3492,51.35,web
11036,3744,152.56,app
11037,1664,47.45,web
11038,317,35.4,pos
11039,1251,28.01,web
11040,3768,44.46,app
11041,1632,58.94,app
11042,2150,21.65,web
11043,560,23.62,web
11044,2793,228.6,pos
11045,2216,105.02,app
11046,2393,104.87,web
11047,2829,76.15,pos
11048,557,11.74,app
11049,2816,51.63,web
11050,2759,57.99,web
11051,393,59.77,app
11052,2479,122.59,app
11053,3669,59.02,app
11054,951,83.43,web
11055,1051,89.65,web
11056,3071,91.72,app
11057,1661,154.37,pos
11058,3885,149.03,app
11059,3566,106.95,app
11060,1751,27.03,web
11061,124,146.37,web
11062,3222,46.75,app
11063,3339,130.91,app
11064,750,54.13,web
11065,899,173.85,app
11066,1407,300.21,pos
11067,3204,71.82,web
11068,3651,85.77,web
11069,2805,149.87,web
11070,1338,117.2,app
11071,3652,43.26,web
11072,2392,104.79,web
11073,2351,69.81,app
11074,405,53.5,app
11075,1552,115.08,app
11076,3605,226.19,web
11077,1139,38.88,app
11078,2339,48.69,web
11079,2893,233.32,web
11080,694,136.98,web
11081,1444,183.2,app
11082,2516,59.8,web
11083,2026,50.21,pos
11084,3861,44.78,app
11085,3985,119.0,app
11086,944,54.42,app
11087,1637,141.33,app
11088,983,22.93,web
11089,1523,48.63,web
11090,377,90.4,web
11091,930,29.5,app
11092,1165,60.06,app
11093,1182,26.58,pos
11094,2935,80.64,app
11095,1047,62.7,pos
11096,3096,128.31,web
11097,958,55.71,app
11098,804,85.23,app
11099,3436,83.18,pos
11100,3760,28.02,web
11101,3094,73.64,app
11102,1895,95.21,app
11103,2741,19.16,web
11104,3795,58.3,app
11105,135,176.18,app
11106,3818,81.69,web
11107,1478,81.25,app
11108,1467,275.15,web
11109,2316,79.13,app
11110,2380,59.14,web
11111,1244,175.17,app
11112,507,83.23,web
11113,3599,82.98,web
11114,3783,113.7,app
11115,2840,33.0,pos
11116,3521,114.87,app
11117,359,56.07,app
11118,946,153.59,pos
11119,3987,120.1,app
11120,3485,194.54,app
11121,3801,21.59,app
11122,1258,139.74,app
11123,1243,69.78,pos
11124,2901,156.75,app
11125,1255,105.31,pos
11126,2628,103.12,pos
11127,980,48.05,web
11128,963,55.97,app
11129,2567,107.51,web
11130,2393,63.41,web
11131,966,63.53,web
11132,3250,149.99,web
11133,2070,104.57,web
11134,3798,89.29,app
11135,1477,128.93,web
11136,3247,39.34,pos
11137,3723,73.37,app
11138,3758,106.42,app
11139,2265,36.34,web
11140,875,12.89,web
11141,2520,103.46,web
11142,1570,68.93,app
11143,2141,156.57,web
11144,3096,28.83,app
11145,3835,60.62,app
11146,3326,66.01,web
11147,3119,92.33,pos
11148,1662,168.72,pos
11149,479,176.17,web
11150,1718,83.61,pos
11151,1008,40.05,web
11152,537,194.03,app
11153,319,27.48,app
11154,2814,2.94,app
11155,3217,160.66,web
11156,642,203.63,pos
11157,380,36.26,web
11158,2410,25.73,app
11159,3422,81.88,app
11160,2848,43.62,web
11161,240,74.15,web
11162,2113,75.3,app
11163,2493,15.21,app
11164,1662,16.59,web
11165,3148,129.48,pos
11166,933,27.07,web
11167,453,26.08,pos
11168,3297,42.94,app
11169,2787,105.31,app
11170,2936,57.23,web
11171,2354,88.17,app
11172,1756,137.29,app
11173,1371,99.67,app
11174,1918,169.97,web
11175,1447,46.47,web
11176,2677,33.27,app
11177,2811,20.0,web
11178,944,17.51,app
11179,3138,115.53,web
11180,408,97.61,app
11181,2521,149.54,app
11182,537,101.55,web
11183,2003,110.75,web
11184,3327,113.91,web
11185,3511,65.68,web
11186,3342,83.65,web
11187,3749,33.91,app
11188,1801,65.8,web
11189,2074,152.65,app
11190,361,60.49,app
11191,1393,172.95,app
11192,3266,133.25,web
11193,3792,107.26,app
11194,2748,34.49,web
11195,1649,64.57,web
11196,2681,39.63,app
11197,3044,83.5,web
11198,2889,123.79,pos
11199,2616,35.75,web
11200,2735,28.6,web
11201,2995,56.54,pos
11202,430,52.63,web
11203,3586,66.85,web
11204,1360,106.56,web
11205,3868,220.64,pos
11206,1580,96.51,web
11207,1366,110.96,app
11208,3625,21.59,app
11209,1643,21.57,web
11210,959,71.47,web
11211,40,124.83,app
11212,2522,23.98,web
11213,2446,96.45,pos
11214,28,129.39,web
11215,518,38.3,app
11216,1311,140.45,pos
11217,312,29.89,app
11218,1629,90.83,app
11219,2062,62.04,pos
11220,2100,16.11,web
11221,2705,136.24,web
11222,3934,51.6,web
11223,1811,134.3,app
11224,61,188.94,web
11225,3505,86.64,app
11226,2523,82.93,web
11227,2308,77.05,app
11228,3713,168.84,web
11229,3764,99.86,web
11230,2948,282.37,web
11231,614,36.7,app
11232,1489,126.6,web
11233,368,15.29,app
11234,2943,26.47,web
11235,3148,136.3,web
11236,2850,140.0,web
11237,502,70.03,web
11238,1366,46.48,app
11239,355,312.07,web
11240,1084,38.87,pos
11241,1041,114.65,app
11242,2524,68.92,app
11243,1423,48.64,web
11244,2896,129.03,web
11245,138,199.97,web
11246,1428,90.16,web
11247,114,29.8,app
11248,3538,114.84,web
11249,3585,15.59,web
11250,2306,242.21,app
11251,3144,103.19,web
11252,1689,136.69,app
11253,1978,17.32,app
11254,2566,163.26,app
11255,1733,27.25,web
11256,1927,101.89,pos
11257,465,66.05,web
11258,1038,61.45,web
11259,2795,27.63,web
11260,3550,22.99,app
11261,928,118.45,web
11262,776,6.85,web
11263,1854,52.16,app
11264,2580,26.67,web
11265,1198,44.05,web
11266,3800,277.61,web
11267,2344,28.33,app
11268,182,88.11,web
11269,2224,89.45,pos
11270,1053,89.74,app
11271,2282,108.48,app
11272,3782,63.41,pos
11273,3532,46.72,app
11274,538,129.63,app
11275,3812,79.78,web
11276,2014,40.64,web
11277,2315,125.82,web
11278,3862,70.03,app
11279,2665,48.47,pos
11280,611,165.59,app
11281,3768,130.57,web
11282,279,149.48,pos
11283,895,56.61,web
11284,1119,98.02,app
11285,3792,94.19,pos
11286,586,115.7,web
11287,944,33.73,web
11288,12,77.09,web
11289,29,26.22,app
11290,1952,112.73,web
11291,3849,38.82,web
11292,1912,67.6,app
11293,1696,76.33,web
11294,3930,76.51,web
11295,936,56.78,app
11296,3676,138.68,app
11297,3167,190.19,pos
11298,10,16.76,app
11299,1074,7.3,web
11300,1778,133.57,web
11301,3374,71.21,web
11302,781,60.67,app
11303,205,115.93,web
11304,1498,98.33,web
11305,973,144.53,web
11306,1400,22.33,app
11307,2334,111.58,web
11308,2120,42.94,app
11309,2650,113.93,app
11310,445,181.96,app
11311,1934,135.15,web
11312,3775,10.2,pos
11313,953,135.85,web
11314,2167,182.67,web
11315,3481,53.44,web
11316,744,50.27,pos
11317,3690,16.11,app
11318,1693,131.55,app
11319,256,113.74,web
11320,3355,61.13,pos
11321,999,80.89,web
11322,1682,104.81,app
11323,2681,172.61,web
11324,2111,137.29,web
11325,3159,195.93,app
11326,3408,21.61,app
11327,3011,67.32,app
11328,631,158.98,web
11329,912,97.31,app
11330,3814,41.32,web
11331,748,33.43,app
11332,3840,97.41,app
11333,1683,76.54,web
11334,1029,19.35,app
11335,1391,148.51,web
11336,1227,44.28,web
11337,1677,53.33,web
11338,2496,85.55,pos
11339,2375,103.08,web
11340,3613,57.46,web
11341,1970,93.84,web
11342,909,28.11,web
11343,777,16.71,app
11344,1674,91.66,app
11345,339,105.26,web
11346,3914,64.25,app
11347,3910,45.58,web
11348,3876,75.59,pos
11349,616,202.61,app
11350,2827,23.66,app
11351,1617,59.56,web
11352,1788,51.4,app
11353,286,27.71,web
11354,1213,141.64,web
11355,1361,138.56,pos
11356,3812,35.47,pos
11357,3498,60.8,web
11358,2024,75.34,web
11359,1769,164.68,pos
11360,3531,186.04,web
11361,656,60.62,web
11362,3261,91.84,app
11363,2748,289.98,app
11364,1788,55.43,web
11365,1622,113.86,pos
11366,483,58.78,web
11367,3166,178.26,pos
11368,1706,107.26,app
11369,3146,118.41,pos
11370,3132,149.0,pos
11371,3825,32.06,pos
11372,3927,72.7,web
11373,1096,195.41,web
11374,1811,91.12,app
11375,128,62.9,web
11376,3451,87.5,app
11377,2914,128.97,web
11378,1047,106.04,app
11379,2930,119.66,pos
11380,3626,23.5,app
11381,1933,14.48,pos
11382,1166,292.41,app
11383,1900,148.88,web
11384,1578,107.49,web
11385,2797,37.88,app
11386,2925,169.08,app
11387,246,47.8,web
11388,3431,57.42,pos
11389,3824,168.61,app
11390,815,46.41,web
11391,277,67.34,app
11392,2138,50.37,app
11393,452,179.74,pos
11394,2132,107.08,web
11395,871,73.55,web
11396,3517,58.01,web
11397,1792,67.79,web
11398,2290,128.87,app
11399,2962,52.76,app
11400,1198,77.92,app
11401,3818,41.25,web
11402,496,1.38,web
11403,1236,75.31,app
11404,1897,9.66,web
11405,437,427.06,app
11406,235,81.44,web
11407,2074,165.44,pos
11408,3474,43.37,web
11409,1449,17.51,app
11410,1932,36.29,app
11411,1478,206.23,pos
11412,2147,79.36,web
11413,3033,102.33,app
11414,1033,42.94,app
11415,3759,163.07,web
11416,3322,22.44,app
11417,915,118.12,web
11418,3083,160.83,pos
11419,550,90.45,app
11420,648,88.71,app
11421,3038,77.08,app
11422,3738,254.37,web
11423,2243,114.73,app
11424,1533,27.55,pos
11425,161,90.89,web
11426,613,21.33,pos
11427,77,137.28,app
11428,401,138.5,pos
11429,1248,160.03,web
11430,2834,83.24,web
11431,455,145.22,app
11432,991,32.2,web
11433,2447,98.83,pos
11434,2811,31.83,app
11435,1907,41.91,web
11436,2983,161.07,app
11437,3858,165.22,pos
11438,37,122.27,web
11439,2273,109.32,web
11440,3395,32.96,web
11441,1648,183.23,web
11442,3207,17.39,pos
11443,111,48.42,pos
11444,1653,102.29,app
11445,2322,99.43,web
11446,2941,208.46,app
11447,3972,58.29,web
11448,2013,59.16,pos
11449,587,83.93,app
11450,2223,8.51,web
11451,974,9.24,pos
11452,674,70.66,app
11453,3611,38.06,web
11454,2000,31.69,web
11455,2894,188.3,pos
11456,714,71.15,app
11457,2583,65.74,web
11458,3275,35.54,web
11459,294,187.05,app
11460,576,60.28,pos
11461,3103,94.24,pos
11462,2120,98.82,web
11463,1675,165.73,pos
11464,3233,78.84,pos
11465,1226,10.37,app
11466,3687,142.48,web
11467,3277,29.8,web
11468,2504,31.22,web
11469,3769,121.84,web
11470,1707,25.67,web
11471,304,45.96,app
11472,1933,93.22,app
11473,3930,76.67,app
11474,3653,122.37,web
11475,2784,55.85,web
11476,3344,46.84,app
11477,1699,158.76,app
11478,2041,88.84,web
11479,3552,115.3,pos
11480,3689,115.25,web
11481,3526,149.18,web
11482,1138,133.14,web
11483,1832,112.7,web
11484,327,51.91,app
11485,2933,140.07,pos
11486,3919,48.44,app
11487,3070,151.65,web
11488,3428,299.72,web
11489,1270,125.44,app
11490,2286,110.7,app
11491,2144,91.11,web
11492,155,159.19,pos
11493,3605,46.69,web
11494,2700,39.19,pos
11495,238,72.02,web
11496,2621,66.75,web
11497,1328,64.62,app
11498,595,95.16,app
11499,3437,44.32,app
11500,891,47.63,web
11501,2209,100.67,web
11502,1122,166.26,web
11503,2795,165.93,pos
11504,3686,158.48,app
11505,2871,91.07,web
11506,291,134.26,app
11507,284,62.51,web
11508,323,215.61,app
11509,1094,103.07,pos
11510,1078,93.3,app
11511,2806,98.27,web
11512,1836,155.34,web
11513,1513,71.9,web
11514,1554,132.56,app
11515,3937,53.41,web
11516,1467,70.81,app
11517,763,64.08,app
11518,2520,78.94,pos
11519,2076,51.06,app
11520,1383,33.46,web
11521,425,32.19,web
11522,2265,41.05,app
11523,2706,86.33,pos
11524,2052,129.88,web
11525,2118,163.01,app
11526,1557,30.21,web
11527,1323,100.64,web
11528,734,198.94,app
11529,2620,55.4,web
11530,543,48.95,web
11531,3674,258.0,web
11532,1169,190.77,app
11533,3955,25.72,pos
11534,3561,76.71,web
11535,1278,34.73,web
11536,3930,141.67,app
11537,299,25.13,web
11538,423,27.0,web
11539,930,84.92,web
11540,3681,197.39,app
11541,3946,138.26,web
11542,1206,33.71,web
11543,2965,31.42,web
11544,907,95.6,app
11545,956,146.62,pos
11546,376,78.57,app
11547,1592,32.11,web
11548,776,98.7,web
11549,1706,56.46,pos
11550,455,166.25,web
11551,3744,59.11,web
11552,1193,69.73,web
11553,754,125.43,app
11554,3901,96.41,web
11555,1499,179.38,web
11556,3634,258.59,web
11557,3308,82.86,app
11558,3198,2.34,app
11559,1745,109.27,web
11560,3028,94.87,app
11561,1180,177.66,web
11562,1892,180.3,pos
11563,850,47.02,pos
11564,1146,56.24,web
11565,2709,152.19,web
11566,1684,152.25,web
11567,3654,251.86,app
11568,2453,76.17,web
11569,2060,159.05,app
11570,2080,118.93,app
11571,1390,157.86,web
11572,2161,76.0,web
11573,1307,40.44,app
11574,1288,10.01,web
11575,616,34.24,web
11576,618,121.31,web
11577,2730,51.71,web
11578,2473,77.02,pos
11579,788,110.61,web
11580,2839,12.94,web
11581,1675,56.53,app
11582,3968,150.75,web
11583,2838,229.83,web
11584,3411,54.27,app
11585,3011,38.23,web
11586,2531,52.14,web
11587,1674,132.43,app
11588,2191,56.88,pos
11589,1753,118.77,web
11590,667,63.68,web
11591,2464,97.8,web
11592,2429,156.02,web
11593,750,57.95,web
11594,126,52.38,web
11595,657,156.48,web
11596,1367,15.04,pos
11597,665,22.44,app
11598,395,123.75,web
11599,543,122.7,web
11600,3953,42.77,app
11601,2725,150.02,web
11602,3056,50.51,web
11603,1441,48.86,web
11604,1012,75.33,app
11605,622,47.17,web
11606,3303,42.61,pos
11607,1156,69.97,app
11608,1587,30.0,pos
11609,1282,73.7,app
11610,1358,30.78,app
11611,3526,101.48,pos
11612,2575,132.78,app
11613,3456,119.5,pos
11614,969,6.7,web
11615,1871,117.93,app
11616,241,34.57,web
11617,3086,43.04,app
11618,2061,10.49,web
11619,2414,16.73,app
11620,3486,25.53,app
11621,146,51.37,web
11622,988,39.89,web
11623,3155,115.69,pos
11624,1847,55.72,pos
11625,272,23.49,app
11626,261,42.89,web
11627,3196,69.94,web
11628,3931,88.07,web
11629,896,18.67,web
11630,499,82.07,web
11631,2791,237.05,pos
11632,2993,30.04,pos
11633,693,123.65,app
11634,1443,126.23,web
11635,3040,28.7,web
11636,334,166.83,pos
11637,1175,54.81,pos
11638,3614,149.45,app
11639,526,29.49,web
11640,426,60.62,app
11641,3098,52.6,web
11642,265,46.44,app
11643,1037,131.11,app
11644,1509,82.84,web
11645,3933,57.24,app
11646,631,93.05,pos
11647,1846,219.17,web
11648,2813,220.42,app
11649,536,83.59,pos
11650,3655,121.47,pos
11651,3375,21.06,web
11652,704,38.88,web
11653,3160,65.51,app
11654,3094,50.23,web
11655,3165,134.08,app
11656,2018,60.49,app
11657,2631,29.93,pos
11658,438,133.01,app
11659,2522,21.79,web
11660,1745,35.35,app
11661,2192,20.03,app
11662,2265,159.97,app
11663,746,102.86,app
11664,1122,37.54,pos
11665,976,97.44,web
11666,480,118.9,app
11667,756,28.54,web
11668,2291,26.08,web
11669,1004,123.35,web
11670,3378,111.84,web
11671,296,47.13,app
11672,1434,39.69,web
11673,3512,14.31,web
11674,254,172.22,web
11675,2476,47.92,web
11676,2454,103.82,app
11677,3449,187.64,web
11678,3761,68.41,web
11679,1013,64.15,web
11680,3904,64.13,pos
11681,144,126.96,web
11682,3376,30.14,app
11683,1391,118.62,app
11684,406,30.19,web
11685,2115,93.08,web
11686,1994,185.77,pos
11687,771,188.78,web
11688,2044,120.98,pos
11689,3799,88.69,web
11690,585,169.48,app
11691,1831,37.27,web
11692,305,22.44,app
11693,1187,118.15,app
11694,2523,65.27,app
11695,431,106.74,app
11696,265,188.77,app
11697,3028,118.7,web
11698,3559,153.96,web
11699,1520,97.49,app
11700,1889,73.21,pos
11701,3472,30.38,app
11702,449,49.88,web
11703,2849,59.77,pos
11704,1473,236.29,web
11705,3235,44.59,app
11706,2655,56.65,web
11707,23,216.28,web
11708,925,63.64,app
11709,3719,86.01,app
11710,892,23.16,web
11711,3437,37.98,web
11712,1414,59.23,pos
11713,1963,68.14,app
11714,726,45.46,web
11715,808,225.67,web
11716,99,359.08,app
11717,3375,93.84,web
11718,3932,119.48,web
11719,1596,82.24,web
11720,2677,42.61,app
11721,3743,94.99,web
11722,3383,132.91,web
11723,2109,50.72,app
11724,2619,49.53,web
11725,3003,5.31,app
11726,940,182.52,app
11727,2552,76.71,app
11728,2597,82.29,web
11729,1368,73.34,web
11730,1986,30.91,web
11731,2952,92.22,pos
11732,951,71.57,app
11733,2943,39.91,app
11734,1669,346.16,app
11735,2998,116.93,app
11736,1536,157.4,app
11737,655,131.81,pos
11738,3940,137.5,web
11739,733,17.06,web
11740,3439,111.24,pos
11741,1120,17.54,web
11742,939,74.03,web
11743,1227,46.5,app
11744,133,91.87,web
11745,2480,131.9,web
11746,2421,92.73,web
11747,989,26.37,app
11748,75,65.62,app
11749,428,99.14,web
11750,3716,196.38,pos
11751,397,44.74,web
11752,3968,104.46,web
11753,3139,63.76,web
11754,1853,68.94,pos
11755,3269,42.28,web
11756,521,13.63,web
11757,3947,88.06,web
11758,2620,95.07,app
11759,1528,44.23,web
11760,3504,40.45,web
11761,335,200.09,web
11762,2394,90.6,app
11763,2185,68.61,app
11764,3223,28.37,app
11765,324,43.44,app
11766,3035,140.76,app
11767,4,7.67,web
11768,479,180.3,web
11769,2788,68.73,app
11770,2394,174.76,app
11771,509,17.27,app
11772,1356,34.05,web
11773,838,45.52,web
11774,3800,173.15,web
11775,2238,60.33,web
11776,3036,110.87,app
11777,395,59.4,app
11778,402,31.43,web
11779,3721,47.87,web
11780,1302,31.97,web
11781,1018,228.66,app
11782,1740,273.48,web
11783,1111,48.07,app
11784,3881,14.96,web
11785,1487,104.72,app
11786,2977,9.47,web
11787,3732,61.68,web
11788,3328,46.26,web
11789,1903,65.36,web
11790,727,73.46,web
11791,348,101.96,app
11792,2283,24.68,app
11793,827,44.68,app
11794,2911,80.37,web
11795,2851,56.74,web
11796,1190,39.82,web
11797,1357,207.6,app
11798,3784,59.88,app
11799,538,80.55,app
11800,942,224.03,web
11801,3078,47.14,app
11802,3419,159.58,web
11803,3740,192.02,pos
11804,3151,14.06,web
11805,2285,49.62,web
11806,3767,72.18,web
11807,98,195.52,web
11808,3258,96.31,app
11809,917,96.8,web
11810,2655,95.87,web
11811,2776,39.26,web
11812,2505,67.44,pos
11813,2066,93.6,pos
11814,748,30.17,web
11815,3660,171.61,web
11816,364,122.15,web
11817,179,95.27,web
11818,1666,42.89,app
11819,3021,69.77,app
11820,1632,85.08,app
11821,3805,27.85,web
11822,1281,2.93,web
11823,2308,43.75,web
11824,1670,108.15,app
11825,522,200.91,web
11826,1431,70.27,app
11827,3856,133.03,app
11828,711,255.87,app
11829,498,117.08,pos
11830,2763,271.04,web
11831,2149,126.47,web
11832,1045,32.1,web
11833,3025,154.25,app
11834,1804,120.26,web
11835,1742,171.19,pos
11836,3257,146.01,web
11837,3930,52.61,web
11838,436,59.85,app
11839,340,31.31,web
11840,3477,96.89,app
11841,908,12.19,pos
11842,3838,44.14,app
11843,380,115.8,app
11844,2325,22.34,app
11845,2669,15.8,web
11846,2187,165.88,web
11847,985,236.47,web
11848,1243,57.18,app
11849,3318,104.19,web
11850,68,142.47,pos
11851,289,96.69,web
11852,2535,37.64,web
11853,1432,89.94,app
11854,31,1.15,app
11855,2845,46.89,web
11856,3909,43.8,web
11857,640,130.29,web
11858,448,16.11,web
11859,3983,74.51,web
11860,3109,74.91,app
11861,371,39.94,app
11862,60,22.34,pos
11863,305,83.05,pos
11864,3713,68.59,web
11865,751,39.81,app
11866,56,17.3,app
11867,1581,39.88,web
11868,1670,27.58,web
11869,650,106.86,app
11870,397,22.21,app
11871,2332,88.1,web
11872,1891,66.19,web
11873,3673,13.24,web
11874,3192,104.41,app
11875,2580,75.53,web
11876,1189,95.43,pos
11877,2301,73.86,pos
11878,1068,17.06,web
11879,1867,113.45,web
11880,2003,52.77,pos
11881,2823,106.01,app
11882,3142,169.19,pos
11883,2578,120.31,app
11884,2703,151.2,web
11885,3653,122.44,web
11886,3021,10.29,web
11887,1387,168.73,app
11888,3086,33.55,web
11889,3248,165.99,pos
11890,3327,185.98,web
11891,1578,34.56,pos
11892,2140,142.56,app
11893,302,189.0,app
11894,2238,8.37,app
11895,2666,90.97,web
11896,2754,21.97,web
11897,2067,130.53,web
11898,2346,33.0,pos
11899,1324,70.8,web
11900,1360,41.54,app
11901,341,90.35,web
11902,1333,210.8,web
11903,2113,120.42,web
11904,14,71.89,app
11905,3795,49.71,pos
11906,3737,217.99,app
11907,1021,103.69,web
11908,2039,117.71,pos
11909,1308,25.85,pos
11910,312,73.39,app
11911,2303,70.72,app
11912,3600,28.58,web
11913,1442,163.46,web
11914,2667,34.01,pos
11915,743,243.04,web
11916,3884,66.27,web
11917,2858,70.07,web
11918,617,33.28,app
11919,2570,78.31,pos
11920,1575,47.99,app
11921,3470,144.9,pos
11922,951,68.75,app
11923,3176,242.33,app
11924,1442,124.01,pos
11925,3084,239.86,web
11926,852,17.59,app
11927,178,24.41,web
11928,648,27.03,pos
11929,716,145.64,pos
11930,2497,94.35,web
11931,1662,18.47,app
11932,367,66.54,pos
11933,2909,29.14,app
11934,1364,99.71,web
11935,3910,89.3,web
11936,1767,38.1,web
11937,3863,72.51,app
11938,3901,102.87,web
11939,2440,148.91,pos
11940,2317,39.35,app
11941,1806,53.14,web
11942,1154,31.57,app
11943,1295,58.96,web
11944,1153,17.45,app
11945,3994,230.33,web
11946,3297,85.96,pos
11947,471,148.99,web
11948,3108,69.41,web
11949,2486,114.97,web
11950,2227,110.5,app
11951,1223,90.27,app
11952,2622,42.1,app
11953,2328,105.52,web
11954,2089,73.97,web
11955,1725,72.89,app
11956,3976,201.16,web
11957,3093,66.93,web
11958,3952,76.27,app
11959,632,54.93,pos
11960,3533,48.86,app
11961,60,64.62,web
11962,2494,60.11,pos
11963,2930,67.35,app
11964,423,90.07,web
11965,2347,66.78,app
11966,2450,8.69,web
11967,1558,42.53,app
11968,2804,36.35,app
11969,609,256.86,web
11970,1600,24.76,app
11971,902,31.5,web
11972,2726,30.64,web
11973,3648,49.83,pos
11974,185,118.72,web
11975,1624,74.6,pos
11976,1517,191.28,app
11977,2088,157.92,pos
11978,136,164.23,pos
11979,508,14.42,app
11980,2147,150.29,web
11981,42,169.17,web
11982,792,105.38,web
11983,3966,79.81,app
11984,498,26.48,app
11985,58,199.7,web
11986,3204,44.27,app
11987,2794,173.73,app
11988,3260,90.33,web
11989,2302,117.39,web
11990,3250,117.39,app
11991,1557,35.62,app
11992,2436,5.86,web
11993,3063,47.92,app
11994,1251,57.76,web
11995,2352,30.64,web
11996,110,35.26,app
11997,1530,33.01,web
11998,941,58.96,web
11999,3998,71.25,app
12000,3797,43.35,web
12001,3686,60.32,web
12002,1776,186.82,web
12003,2275,20.93,app
12004,2729,110.54,pos
12005,1045,113.83,web
12006,2412,129.41,web
12007,3601,271.81,web
12008,3315,62.87,pos
12009,1802,20.04,app
12010,2497,253.79,web
12011,2828,64.14,web
12012,2776,44.85,web
12013,2926,33.0,app
12014,1965,82.56,web
12015,1140,102.69,web
12016,117,3.79,pos
12017,1886,115.7,web
12018,2418,179.49,app
12019,1397,108.61,app
12020,2484,47.1,web
12021,54,102.38,app
12022,3520,28.19,app
12023,3365,62.21,app
12024,2704,107.86,web
12025,1331,31.28,app
12026,2159,50.6,web
12027,1814,167.29,web
12028,2303,78.53,web
12029,3806,56.72,web
12030,2060,61.99,pos
12031,2955,61.39,app
12032,3081,89.89,app
12033,263,84.86,web
12034,2809,67.06,web
12035,134,66.17,web
12036,2365,0.6,web
12037,1992,121.55,web
12038,1595,82.74,app
12039,649,132.7,web
12040,3048,84.14,web
12041,195,45.35,web
12042,2128,31.72,web
12043,3558,68.42,app
12044,1000,69.62,pos
12045,2833,63.26,web
12046,1349,68.08,app
12047,38,47.24,web
12048,312,16.48,app
12049,2540,88.11,web
12050,489,44.72,app
12051,3351,47.05,app
12052,3561,15.84,web
12053,2185,56.73,app
12054,3112,92.96,app
12055,718,68.04,web
12056,912,57.27,app
12057,3859,24.02,web
12058,106,148.59,web
12059,791,52.0,web
12060,231,76.47,web
12061,3467,37.55,app
12062,777,156.45,web
12063,1499,162.59,app
12064,3305,65.97,web
12065,1690,135.87,pos
12066,491,68.91,web
12067,3184,53.05,web
12068,677,72.04,web
12069,724,8.27,app
12070,2904,166.34,app
12071,2669,178.21,pos
12072,3357,145.23,web
12073,3328,301.08,pos
12074,3417,33.99,app
12075,605,292.64,web
12076,3864,140.84,web
12077,1572,59.09,app
12078,2529,103.6,web
12079,311,35.09,web
12080,2870,75.1,app
12081,3270,140.87,app
12082,3693,148.59,app
12083,1539,286.8,web
12084,3758,88.86,app
12085,947,96.01,app
12086,23,152.67,web
12087,2841,115.85,web
12088,2953,69.82,web
12089,3081,65.53,web
12090,2654,40.98,web
12091,829,43.84,web
12092,3409,121.44,app
12093,2062,66.49,web
12094,875,83.4,app
12095,1541,195.81,pos
12096,2976,47.53,web
12097,2369,45.48,web
12098,3579,65.16,web
12099,1755,14.36,web
12100,245,72.52,web
12101,3829,203.95,pos
12102,996,25.51,web
12103,1490,119.69,app
12104,1895,14.57,web
12105,2361,21.95,pos
12106,3501,228.48,app
12107,1775,143.72,web
12108,3604,56.17,web
12109,1331,72.89,app
12110,1403,21.28,web
12111,2654,146.97,app
12112,3821,57.72,app
12113,376,129.34,web
12114,3495,27.79,app
12115,3117,117.22,web
12116,1231,121.4,pos
12117,2763,77.49,web
12118,3722,172.05,app
12119,3381,28.75,app
12120,536,12.69,web
12121,640,116.76,web
12122,1132,160.03,app
12123,1128,103.05,web
12124,2419,23.81,app
12125,2704,63.04,web
12126,494,83.47,web
12127,439,34.91,web
12128,1822,49.76,app
12129,3048,253.98,web
12130,3128,62.34,pos
12131,1056,235.6,pos
12132,460,15.39,web
12133,3518,68.86,pos
12134,2871,45.35,app
12135,3465,45.54,app
12136,3532,95.12,web
12137,874,216.28,web
12138,3606,70.49,app
12139,2936,80.01,app
12140,3126,52.12,web
12141,1882,14.1,app
12142,2719,156.55,app
12143,1886,95.64,web
12144,3144,46.45,web
12145,3004,68.7,pos
12146,489,78.15,app
12147,3094,193.54,web
12148,2246,87.84,app
12149,41,62.35,web
12150,3834,15.46,pos
12151,2669,70.81,web
12152,3826,14.56,app
12153,1752,36.93,app
12154,2387,65.3,pos
12155,2597,129.57,app
12156,2456,129.29,app
12157,1733,35.63,app
12158,2382,44.28,app
12159,1115,77.33,web
12160,1766,207.12,web
12161,3627,86.2,web
12162,1160,65.29,app
12163,3645,283.44,web
12164,976,7.43,web
12165,1297,101.36,pos
12166,1872,181.62,app
12167,3115,16.65,web
12168,860,208.18,web
12169,626,44.09,web
12170,937,178.2,web
12171,1789,52.93,web
12172,351,27.19,app
12173,1986,153.56,app
12174,1790,30.9,web
12175,872,37.59,pos
12176,2379,28.11,web
12177,3139,58.43,app
12178,2077,74.49,app
12179,372,52.91,web
12180,581,92.97,web
12181,3659,190.59,app
12182,3338,171.62,pos
12183,3554,66.83,web
12184,2707,146.63,app
12185,3934,8.74,app
12186,2491,105.9,web
12187,1488,106.62,pos
12188,797,20.09,web
12189,3549,184.96,pos
12190,2944,73.63,web
12191,2085,165.35,web
12192,2821,15.87,app
12193,2971,191.63,web
12194,1736,180.12,app
12195,2777,106.34,web
12196,2753,34.29,web
12197,566,29.26,app
12198,998,155.81,app
12199,2200,1.43,app
12200,2275,54.07,web
12201,2379,59.8,app
12202,1648,163.0,app
12203,2931,49.45,web
12204,1938,54.35,web
12205,2475,113.52,app
12206,1951,94.07,web
12207,2452,157.97,web
12208,1610,66.36,app
12209,41,113.2,app
12210,954,101.91,pos
12211,500,131.16,app
12212,1769,58.8,app
12213,1702,80.92,app
12214,2954,53.97,web
12215,2589,143.47,web
12216,2452,84.05,web
12217,3151,104.88,app
12218,2353,139.64,web
12219,986,117.03,web
12220,1775,60.44,app
12221,2196,86.01,app
12222,3581,49.45,web
12223,1557,127.28,app
12224,880,79.97,web
12225,283,92.83,web
12226,2933,131.25,app
12227,2795,110.9,pos
12228,1701,53.39,web
12229,176,30.12,app
12230,27,59.52,app
12231,2919,37.09,app
12232,1581,76.28,app
12233,1156,78.98,web
12234,2507,8.52,web
12235,34,100.5,web
12236,3907,195.67,pos
12237,3939,119.08,web
12238,3447,73.28,web
12239,344,84.97,web
12240,3224,34.44,web
12241,3993,12.21,pos
12242,3867,52.54,web
12243,2809,45.58,app
12244,2360,48.54,app
12245,2720,101.47,web
12246,63,48.24,web
12247,3271,78.53,web
12248,950,30.51,web
12249,1855,28.52,web
12250,3279,189.07,web
12251,56,17.7,app
12252,1454,122.25,web
12253,1547,119.22,pos
12254,3231,95.66,app
12255,3427,107.35,web
12256,1422,103.88,web
12257,427,80.95,app
12258,897,90.35,web
12259,603,79.91,web
12260,1435,85.54,web
12261,2065,152.0,web
12262,749,89.26,web
12263,373,29.56,pos
12264,589,15.55,web
12265,2408,266.42,app
12266,1802,16.41,web
12267,3433,27.59,app
12268,3907,124.1,web
12269,771,143.08,web
12270,3736,101.89,app
12271,2194,130.49,web
12272,3047,23.31,app
12273,280,48.54,app
12274,3004,143.46,app
12275,2888,43.62,app
12276,2581,212.15,app
12277,1689,124.39,pos
12278,2903,247.57,app
12279,1962,116.95,web
12280,1390,84.43,web
12281,1140,40.34,web
12282,3499,42.62,app
12283,2026,75.99,web
12284,3133,76.79,web
12285,3442,77.87,web
12286,3140,38.23,app
12287,2822,80.43,web
12288,1748,166.53,web
12289,2026,19.43,web
12290,1633,95.11,app
12291,1206,127.4,app
12292,3480,44.24,pos
12293,1501,245.47,web
12294,3733,126.3,pos
12295,3665,61.95,pos
12296,3530,22.08,pos
12297,2950,49.42,web
12298,2178,108.99,app
12299,932,33.03,app
12300,617,54.99,web
12301,3011,133.18,app
12302,2330,69.59,web
12303,2898,9.49,web
12304,921,151.86,pos
12305,3340,98.05,pos
12306,3497,201.16,web
12307,2740,64.48,web
12308,3768,13.0,app
12309,470,46.63,web
12310,2333,24.0,web
12311,2359,109.27,app
12312,2621,88.29,web
12313,222,68.08,web
12314,597,138.6,app
12315,2125,91.27,app
12316,958,36.59,web
12317,206,61.5,web
12318,3572,133.94,app
12319,3147,64.7,app
12320,3224,63.61,pos
12321,1317,130.84,web
12322,3133,174.72,web
12323,3736,12.07,app
12324,270,271.62,web
12325,2670,73.76,app
12326,678,129.49,web
12327,3348,11.6,app
12328,2716,83.11,web
12329,2686,79.04,web
12330,2803,237.78,app
12331,1687,12.21,web
12332,1527,88.43,app
12333,25,15.37,web
12334,1281,3.71,web
12335,2624,130.02,web
12336,2355,145.44,web
12337,3632,55.21,app
12338,386,121.09,web
12339,3488,43.47,web
12340,1416,148.93,pos
12341,3797,20.0,web
12342,2053,22.96,app
12343,2472,97.85,app
12344,945,104.29,app
12345,1530,253.98,web
12346,198,192.44,app
12347,2921,73.33,web
12348,2154,57.53,web
12349,3999,144.72,pos
12350,884,23.67,web
12351,125,120.28,app
12352,1687,183.45,web
12353,743,294.72,web
12354,612,149.4,app
12355,3445,162.89,web
12356,2437,77.52,app
12357,3274,44.58,web
12358,1078,108.94,web
12359,3367,211.94,app
12360,837,149.46,web
12361,1725,289.61,web
12362,3929,118.02,app
12363,374,115.51,app
12364,531,59.24,web
12365,2989,33.91,app
12366,3722,54.71,app
12367,1553,52.7,web
12368,1841,123.88,app
12369,2321,53.56,app
12370,2502,161.35,app
12371,2132,65.68,web
12372,3472,88.03,web
12373,153,91.89,web
12374,1738,85.28,app
12375,2186,83.64,web
12376,2346,116.99,app
12377,670,137.54,web
12378,225,90.42,web
12379,918,74.31,app
12380,3936,97.16,web
12381,397,121.14,web
12382,2,35.45,web
12383,1374,295.86,app
12384,3737,58.21,web
12385,1253,130.47,app
12386,1910,131.22,web
12387,2540,169.96,web
12388,3152,43.16,web
12389,98,78.89,pos
12390,2681,100.23,app
12391,3128,47.19,web
12392,2805,104.11,app
12393,1577,75.87,web
12394,2941,54.74,app
12395,3514,138.32,web
12396,899,424.1,web
12397,2749,110.57,web
12398,2400,136.85,web
12399,2119,80.97,web
12400,912,147.86,web
12401,3320,43.14,web
12402,183,34.45,app
12403,3369,58.67,pos
12404,1223,42.26,app
12405,697,109.35,app
12406,1301,97.56,web
12407,3025,93.93,pos
12408,3907,24.74,app
12409,3065,40.05,app
12410,862,59.63,app
12411,486,68.18,app
12412,126,85.58,web
12413,3435,103.61,app
12414,3542,17.64,web
12415,2900,103.94,web
12416,1979,105.01,app
12417,3820,34.33,web
12418,364,215.85,pos
12419,2096,39.05,web
12420,881,68.09,web
12421,2541,79.72,pos
12422,3897,61.61,web
12423,585,44.85,app
12424,738,111.43,web
12425,1567,31.06,web
12426,1537,69.51,web
12427,3269,99.74,web
12428,3596,41.02,app
12429,3060,55.88,web
12430,3881,28.33,app
12431,1478,81.11,web
12432,3917,91.97,pos
12433,330,71.66,app
12434,302,75.14,app
12435,958,39.95,web
12436,135,160.66,web
12437,3668,19.77,web
12438,3467,119.33,pos
12439,1126,31.02,web
12440,3254,241.83,app
12441,3497,54.76,pos
12442,1073,131.97,pos
12443,1338,112.8,web
12444,887,169.1,app
12445,1802,59.65,pos
12446,116,79.67,app
12447,3273,129.28,app
12448,2511,44.7,web
12449,3995,57.49,web
12450,1854,234.88,web
12451,2411,20.32,pos
12452,3584,64.58,app
12453,1037,31.56,web
12454,1622,122.45,pos
12455,1252,50.16,web
12456,2175,113.16,web
12457,2852,30.41,web
12458,1998,51.94,web
12459,3945,207.85,web
12460,1544,64.93,app
12461,1403,147.28,pos
12462,1603,152.51,app
12463,1535,81.16,web
12464,2029,83.85,web
12465,1985,138.25,pos
12466,3823,119.52,web
12467,2033,38.83,web
12468,3939,203.53,web
12469,1477,43.1,pos
12470,1556,159.19,app
12471,391,70.77,app
12472,2636,42.25,app
12473,2698,250.19,app
12474,3308,260.07,app
12475,1101,20.77,web
12476,280,99.23,web
12477,697,99.03,web
12478,2267,59.79,app
12479,3715,31.88,app
12480,3578,32.99,web
12481,394,32.77,app
12482,2433,68.26,web
12483,3312,104.91,web
12484,2475,162.52,pos
12485,726,79.71,app
12486,2270,23.87,web
12487,2608,262.87,app
12488,1469,73.22,app
12489,903,25.94,web
12490,979,117.59,web
12491,2840,13.1,web
12492,2594,194.78,web
12493,2769,55.61,web
12494,2172,174.3,web
12495,3530,52.86,app
12496,3062,160.77,web
12497,620,100.99,app
12498,612,98.91,web
12499,1102,136.9,app
12500,3321,85.5,web
12501,3731,131.33,web
12502,735,130.64,web
12503,3785,55.76,web
12504,357,78.24,web
12505,3064,17.23,pos
12506,2349,185.67,web
12507,793,56.33,web
12508,2526,86.11,web
12509,49,210.15,web
12510,1904,105.83,app
12511,969,275.12,app
12512,533,68.01,web
12513,1251,15.85,app
12514,1750,39.36,web
12515,3095,60.81,web
12516,3402,43.15,web
12517,1708,91.14,app
12518,162,105.79,web
12519,1211,118.03,app
12520,949,120.28,app
12521,647,99.97,app
12522,1207,113.5,pos
12523,1284,22.19,web
12524,289,225.39,web
12525,2206,133.49,app
12526,2755,26.0,web
12527,453,174.51,web
12528,2023,54.86,app
12529,2177,93.65,app
12530,2185,193.02,web
12531,662,68.37,web
12532,1936,56.28,app
12533,541,39.79,web
12534,2225,73.13,app
12535,439,9.41,web
12536,2474,141.19,web
12537,1952,64.93,app
12538,207,241.65,web
12539,471,67.6,pos
12540,2645,69.5,app
12541,2415,54.29,web
12542,3471,185.57,web
12543,3043,50.99,web
12544,764,26.64,app
12545,1320,28.56,web
12546,850,143.18,web
12547,3923,12.5,web
12548,308,106.37,app
12549,3448,53.07,web
12550,512,229.09,pos
12551,3763,2.12,app
12552,889,29.39,web
12553,3310,46.97,app
12554,1402,135.29,web
12555,1348,65.97,web
12556,1437,138.63,web
12557,1103,41.25,app
12558,355,233.99,pos
12559,1021,95.1,web
12560,3165,99.74,web
12561,3820,128.2,web
12562,1676,38.81,web
12563,3300,41.2,app
12564,2414,44.37,app
12565,1499,83.7,app
12566,1626,38.33,web
12567,1573,146.54,app
12568,1664,52.71,web
12569,2401,148.73,pos
12570,555,100.93,app
12571,1055,64.32,app
12572,1794,74.18,web
12573,2749,39.26,web
12574,1825,156.47,web
12575,1235,75.29,web
12576,1228,35.58,pos
12577,1020,39.56,pos
12578,2253,138.9,app
12579,3909,100.67,pos
12580,262,57.96,app
12581,68,37.04,web
12582,2874,291.15,pos
12583,328,73.79,web
12584,500,57.86,app
12585,808,108.79,web
12586,1917,126.27,app
12587,2306,53.98,app
12588,1165,42.99,app
12589,3241,63.93,web
12590,1874,38.62,web
12591,1570,25.35,app
12592,463,119.46,web
12593,763,98.8,app
12594,2893,29.71,web
12595,670,24.02,web
12596,470,143.0,web
12597,82,55.24,app
12598,2814,98.9,app
12599,1327,45.79,web
12600,1527,94.96,app
12601,1420,235.15,web
12602,643,66.87,web
12603,1592,87.91,app
12604,42,31.97,web
12605,1816,89.28,web
12606,1504,116.5,web
12607,3986,154.68,web
12608,2874,109.12,web
12609,2160,20.42,pos
12610,1860,73.57,app
12611,3982,57.69,web
12612,1294,127.06,app
12613,1671,118.91,app
12614,3056,21.8,web
12615,461,82.15,web
12616,687,64.72,pos
12617,1431,93.31,web
12618,3613,192.14,web
12619,3065,23.55,web
12620,355,38.51,app
12621,3,85.37,app
12622,2839,210.96,web
12623,1778,218.01,web
12624,2464,157.83,app
12625,2786,132.14,web
12626,1203,157.73,pos
12627,2490,117.82,app
12628,2885,79.74,web
12629,2358,67.34,app
12630,2190,76.02,app
12631,205,94.91,web
12632,3249,69.34,pos
12633,2540,8.36,web
12634,1826,63.91,web
12635,2665,80.89,web
12636,2166,64.65,app
12637,1,68.3,web
12638,2514,95.26,app
12639,918,55.13,web
12640,272,48.04,app
12641,1332,149.58,web
12642,484,28.78,app
12643,3464,34.97,app
12644,539,126.91,web
12645,183,19.7,web
12646,2672,56.17,web
12647,859,130.71,pos
12648,3364,37.2,web
12649,2970,119.41,app
12650,1160,123.08,pos
12651,3632,69.21,app
12652,2875,23.84,app
12653,1569,112.56,app
12654,992,30.05,app
12655,78,51.76,app
12656,2236,94.55,app
12657,3575,10.76,pos
12658,3125,24.58,web
12659,692,77.5,pos
12660,2560,16.86,web
12661,2190,37.09,web
12662,3288,37.53,app
12663,2584,122.24,app
12664,239,64.9,web
12665,312,253.33,web
12666,1718,84.39,web
12667,3761,67.88,web
12668,3508,89.11,web
12669,791,91.65,web
12670,1229,131.55,app
12671,3820,152.31,web
12672,3424,71.89,web
12673,2102,81.27,app
12674,996,66.62,web
12675,1141,102.06,app
12676,2129,26.64,app
12677,1714,67.85,web
12678,2290,47.6,web
12679,2515,89.2,web
12680,1720,125.53,app
12681,440,12.73,pos
12682,2547,108.91,app
12683,181,180.12,app
12684,128,76.33,web
12685,370,33.47,web
12686,779,22.06,web
12687,790,27.99,app
12688,2888,45.04,web
12689,2320,145.4,web
12690,729,9.53,pos
12691,1977,15.09,web
12692,1869,52.43,pos
12693,2239,211.99,pos
12694,2449,161.55,web
12695,2883,78.78,web
12696,3583,92.22,web
12697,3477,70.34,web
12698,2572,72.0,web
12699,3788,16.41,web
12700,1739,93.87,app
12701,29,91.07,web
12702,3715,103.13,web
12703,99,23.0,web
12704,1316,73.94,web
12705,553,70.57,app
12706,3710,118.15,web
12707,1329,88.42,app
12708,1041,50.02,app
12709,3089,92.96,app
12710,1827,91.65,web
12711,1425,44.67,app
12712,2259,89.46,web
12713,2893,31.01,web
12714,3106,198.31,web
12715,2506,56.65,app
12716,2801,49.41,pos
12717,1170,236.32,app
12718,507,46.73,app
12719,1822,135.33,web
12720,395,77.73,pos
12721,3505,79.9,web
12722,2642,242.95,app
12723,3713,111.24,web
12724,58,8.43,app
12725,268,73.69,app
12726,497,83.86,web
12727,2050,49.47,web
12728,1343,6.26,app
12729,1886,158.95,web
12730,3248,25.92,pos
12731,104,46.91,web
12732,1111,117.95,web
12733,2548,20.3,web
12734,1566,101.0,web
12735,2315,65.27,web
12736,2505,284.61,pos
12737,2501,37.97,web
12738,3501,162.18,web
12739,3085,51.36,web
12740,3352,79.7,web
12741,3650,108.36,web
12742,2546,87.42,app
12743,2069,57.25,web
12744,3316,78.42,web
12745,1842,47.79,web
12746,711,81.64,web
12747,3726,140.23,web
12748,1143,75.99,web
12749,3412,93.57,web
12750,2196,104.2,app
12751,3687,63.18,app
12752,594,56.42,pos
12753,981,29.51,pos
12754,1993,138.26,web
12755,994,55.26,app
12756,3852,24.27,app
12757,376,40.5,web
12758,1912,33.89,app
12759,911,225.25,pos
12760,286,80.18,app
12761,1252,15.88,web
12762,2910,19.26,pos
12763,913,130.56,web
12764,1935,79.4,web
12765,1129,121.15,web
12766,2178,79.8,web
12767,3960,182.41,pos
12768,2891,208.96,app
12769,1950,0.39,pos
12770,693,54.82,app
12771,1327,55.38,web
12772,661,144.34,app
12773,687,144.28,web
12774,2723,59.04,app
12775,2807,68.45,app
12776,1403,134.34,web
12777,291,118.08,app
12778,2344,76.3,web
12779,3417,251.62,web
12780,3658,86.3,web
12781,1953,79.0,web
12782,501,85.68,web
12783,3653,41.43,web
12784,3118,21.59,pos
12785,2855,120.21,pos
12786,2787,110.87,pos
12787,250,34.48,web
12788,3149,26.14,web
12789,2814,60.32,app
12790,767,26.82,web
12791,1070,32.48,web
12792,867,24.09,web
12793,875,93.1,app
12794,1569,23.5,web
12795,1544,133.08,pos
12796,3797,61.17,pos
12797,3936,108.26,web
12798,265,78.3,web
12799,2399,95.13,web
12800,698,68.42,app
12801,1858,73.92,web
12802,1,51.36,web
12803,373,265.12,app
12804,1275,43.36,app
12805,2997,114.77,app
12806,882,65.0,app
12807,2905,39.46,pos
12808,2593,22.52,app
12809,3374,95.28,web
12810,1978,65.55,app
12811,1190,28.97,app
12812,1590,28.23,app
12813,499,60.4,web
12814,821,280.04,pos
12815,3310,57.63,web
12816,849,81.13,app
12817,1141,30.71,app
12818,1857,77.28,web
12819,1065,45.52,web
12820,826,176.69,web
12821,1375,69.32,web
12822,1033,2.74,web
12823,1488,156.7,app
12824,2224,86.92,app
12825,95,98.89,web
12826,2377,49.29,app
12827,1259,158.39,web
12828,2966,184.26,web
12829,2119,29.71,web
12830,2290,105.25,web
12831,127,20.65,web
12832,2644,189.44,web
12833,1587,106.55,web
12834,2966,45.58,web
12835,83,20.1,web
12836,405,29.89,web
12837,3003,15.17,pos
12838,300,36.54,web
12839,3357,173.61,app
12840,2368,112.64,web
12841,1446,67.09,app
12842,187,64.29,web
12843,2119,177.87,web
12844,204,121.32,web
12845,1714,23.69,app
12846,671,194.13,web
12847,1402,181.58,pos
12848,2891,21.98,pos
12849,3286,41.2,web
12850,1265,87.12,app
12851,3185,8.15,app
12852,4,81.55,web
12853,143,64.56,web
12854,2217,66.77,app
12855,457,167.65,web
12856,1010,122.24,app
12857,3507,150.49,app
12858,1094,258.61,web
12859,675,242.19,app
12860,2669,69.63,web
12861,3964,7.64,web
12862,1881,127.3,web
12863,3793,138.84,app
12864,163,140.32,web
12865,2436,75.57,web
12866,1554,143.25,app
12867,3365,21.21,web
12868,1494,306.53,web
12869,225,75.99,app
12870,3178,75.12,pos
12871,1516,85.45,web
12872,448,69.84,web
12873,1653,110.45,web
12874,2280,261.2,app
12875,913,55.5,web
12876,100,180.22,pos
12877,3825,113.95,app
12878,3595,34.6,web
12879,3124,163.87,web
12880,838,60.87,app
12881,3085,35.47,app
12882,3125,24.15,app
12883,3229,141.07,web
12884,2859,8.29,web
12885,2555,13.04,pos
12886,3516,31.2,pos
12887,814,43.77,app
12888,1504,223.74,app
12889,911,38.64,web
12890,1722,151.75,app
12891,3598,25.89,app
12892,3340,48.32,app
12893,1631,78.02,web
12894,1330,121.03,web
12895,2043,31.61,app
12896,590,30.14,app
12897,574,93.22,web
12898,2470,67.11,app
12899,3419,46.81,web
12900,1137,139.78,app
12901,2297,299.04,app
12902,1352,89.9,app
12903,164,101.45,app
12904,2070,354.22,web
12905,1122,153.21,web
12906,1820,54.81,pos
12907,3301,42.36,app
12908,2930,34.17,app
12909,3850,182.79,web
12910,3751,46.07,web
12911,3906,85.3,web
12912,3344,47.78,pos
12913,2230,160.41,app
12914,1459,10.73,web
12915,1108,54.57,pos
12916,2826,68.42,pos
12917,3669,150.42,web
12918,1012,74.63,app
12919,1977,135.14,app
12920,2034,199.14,app
12921,3951,22.03,pos
12922,708,143.55,web
12923,260,146.26,app
12924,3602,28.44,pos
12925,2201,13.64,web
12926,1166,16.98,web
12927,145,93.29,web
12928,1356,17.31,web
12929,3115,106.91,pos
12930,3597,47.83,app
12931,2082,168.74,web
12932,2265,166.8,app
12933,1481,159.74,app
12934,3027,25.19,app
12935,1232,72.32,app
12936,3452,23.46,pos
12937,3482,20.97,app
12938,253,125.82,web
12939,1321,108.27,pos
12940,2303,302.15,app
12941,3266,66.94,web
12942,3725,106.77,web
12943,922,11.64,app
12944,28,69.3,app
12945,1501,74.32,web
12946,2023,54.08,app
12947,151,11.37,pos
12948,813,58.05,app
12949,3586,29.47,web
12950,1893,8.07,app
12951,3182,57.34,web
12952,1370,187.89,web
12953,2093,105.07,app
12954,888,63.51,app
12955,2694,22.41,app
12956,1279,98.26,pos
12957,555,54.9,web
12958,2055,44.2,app
12959,405,118.22,web
12960,1197,133.58,web
12961,137,295.8,web
12962,936,28.12,app
12963,1184,50.47,app
12964,503,237.68,app
12965,949,64.87,web
12966,687,37.01,web
12967,2386,5.67,pos
12968,2798,44.04,web
12969,1078,31.27,web
12970,3674,78.38,web
12971,232,114.64,app
12972,2747,129.15,web
12973,131,153.28,app
12974,3319,32.1,web
12975,1368,51.31,app
12976,661,49.38,app
12977,2199,73.76,app
12978,2745,30.4,pos
12979,2950,87.2,web
12980,3894,215.52,pos
12981,3691,122.07,app
12982,3807,190.63,app
12983,1395,125.66,web
12984,45,30.15,pos
12985,2301,40.61,app
12986,618,76.72,web
12987,1339,69.32,web
12988,1429,104.48,web
12989,3441,117.5,app
12990,291,111.18,web
12991,1192,103.62,app
12992,3903,64.94,web
12993,2447,217.46,web
12994,248,96.66,app
12995,3429,116.2,web
12996,1908,54.06,app
12997,842,72.7,web
12998,3881,12.58,app
12999,1061,40.96,web
13000,3815,184.12,app
13001,417,122.31,web
13002,2168,35.84,pos
13003,3797,30.52,web
13004,1283,66.69,app
13005,2732,15.8,app
13006,2236,51.61,pos
13007,1574,173.01,pos
13008,904,52.75,pos
13009,2768,47.51,web
13010,345,119.87,web
13011,3889,30.29,web
13012,2767,43.28,pos
13013,3465,57.46,app
13014,564,65.52,web
13015,140,87.52,web
13016,852,110.13,web
13017,55,34.96,app
13018,3767,71.2,app
13019,3526,61.32,web
13020,121,217.81,web
13021,2511,58.85,web
13022,3006,201.87,web
13023,2517,197.5,web
13024,930,85.37,app
13025,3602,71.26,app
13026,2371,338.04,app
13027,3281,6.13,app
13028,971,47.95,web
13029,3739,137.26,app
13030,1959,99.49,web
13031,1600,32.86,web
13032,2160,38.18,web
13033,2328,32.07,app
13034,3441,312.37,pos
13035,1390,37.9,app
13036,431,62.43,app
13037,1624,67.94,web
13038,2860,66.27,web
13039,1899,175.0,app
13040,2507,82.79,web
13041,2078,172.94,web
13042,2729,78.74,pos
13043,3055,47.1,pos
13044,3755,72.34,app
13045,3019,34.41,web
13046,2957,315.12,web
13047,3408,63.78,app
13048,2103,82.83,web
13049,615,28.25,web
13050,210,70.17,web
13051,1467,17.25,app
13052,1912,73.95,web
13053,3684,240.33,pos
13054,3809,123.31,web
13055,2266,246.27,app
13056,3223,175.75,app
13057,3238,9.8,web
13058,1712,55.11,web
13059,3129,69.45,web
13060,2458,105.82,web
13061,919,14.89,app
13062,3238,38.04,pos
13063,3858,55.23,app
13064,3252,80.99,web
13065,1568,143.92,app
13066,785,51.51,app
13067,2546,32.24,web
13068,649,319.31,web
13069,2224,21.36,app
13070,2518,109.06,web
13071,3903,74.49,app
13072,3756,182.22,pos
13073,957,86.68,web
13074,267,85.41,pos
13075,2282,32.25,app
13076,2166,66.81,web
13077,3696,74.15,app
13078,3788,168.89,web
13079,397,81.93,app
13080,1943,35.14,app
13081,3879,91.23,web
13082,642,75.8,pos
13083,430,194.64,web
13084,1688,44.68,web
13085,189,128.73,app
13086,326,107.84,pos
13087,2655,19.8,app
13088,3341,121.64,app
13089,1060,163.02,app
13090,1834,73.63,app
13091,2408,154.22,web
13092,2689,97.03,web
13093,3410,23.34,app
13094,958,142.39,web
13095,1247,67.94,web
13096,2968,74.05,web
13097,2950,86.3,web
13098,1413,21.72,web
13099,1758,140.57,web
13100,2778,92.16,web
13101,590,147.73,web
13102,1593,142.37,app
13103,3891,96.07,web
13104,3505,64.44,app
13105,2262,209.56,web
13106,2832,95.12,app
13107,732,82.41,app
13108,360,39.13,app
13109,3794,16.53,pos
13110,3043,61.71,web
13111,862,110.35,pos
13112,1172,119.33,app
13113,1969,55.77,web
13114,801,46.7,app
13115,1721,70.26,app
13116,2293,62.14,app
13117,3456,66.93,web
13118,1757,28.95,app
13119,996,62.65,web
13120,1540,63.52,pos
13121,3897,230.88,web
13122,45,129.56,app
13123,937,280.35,web
13124,3263,78.92,web
13125,3479,46.06,web
13126,586,12.44,pos
13127,2284,163.95,app
13128,254,86.9,web
13129,338,143.46,pos
13130,1894,211.32,web
13131,2755,125.88,pos
13132,332,28.0,web
13133,2823,42.67,pos
13134,2725,50.32,web
13135,3332,51.52,app
13136,1603,25.87,web
13137,1254,101.42,app
13138,1136,26.92,web
13139,198,171.49,web
13140,581,55.84,app
13141,3272,35.31,app
13142,3549,92.91,app
13143,1411,198.05,web
13144,3274,31.79,web
13145,1333,10.5,web
13146,517,38.14,web
13147,1420,282.14,app
13148,3674,84.99,pos
13149,3189,60.72,web
13150,3391,41.13,app
13151,3712,112.87,pos
13152,625,63.41,app
13153,1067,63.93,web
13154,3353,117.69,app
13155,1531,200.78,web
13156,2657,82.78,web
13157,3528,36.1,app
13158,1242,55.89,web
13159,1430,101.25,pos
13160,1778,61.17,web
13161,2657,84.56,web
13162,2855,2.79,app
13163,1804,148.45,web
13164,181,45.73,web
13165,1133,195.25,app
13166,1039,19.72,web
13167,3902,61.19,pos
13168,2041,155.92,app
13169,27,87.61,app
13170,568,75.28,app
13171,633,6.4,web
13172,3266,35.27,app
13173,340,104.49,web
13174,680,26.54,app
13175,1647,51.54,pos
13176,338,167.47,app
13177,1381,123.45,web
13178,3464,58.33,web
13179,2749,38.04,app
13180,598,163.97,web
13181,2982,130.51,pos
13182,3171,98.14,web
13183,1654,118.95,app
13184,2274,25.52,web
13185,1635,102.2,app
13186,1943,48.07,web
13187,2118,51.21,pos
13188,1960,137.92,web
13189,3396,222.61,app
13190,3314,170.9,web
13191,2550,61.32,pos
13192,3582,54.94,app
13193,19,132.02,app
13194,2337,260.4,web
13195,3379,49.72,web
13196,3328,46.0,pos
13197,3467,33.55,pos
13198,3741,52.2,web
13199,135,147.77,web
13200,3329,77.22,web
13201,3605,95.22,app
13202,2311,46.71,web
13203,2088,38.24,web
13204,355,136.91,app
13205,297,141.96,web
13206,994,48.04,web
13207,2310,29.24,pos
13208,1452,59.16,web
13209,626,79.6,web
13210,205,152.07,app
13211,3184,67.94,app
13212,2043,64.85,app
13213,3046,11.22,web
13214,974,161.12,app
13215,3651,85.13,web
13216,1671,237.53,web
13217,307,101.54,app
13218,767,65.52,app
13219,275,12.25,web
13220,1861,164.73,web
13221,328,30.36,web
13222,1215,93.13,web
13223,3091,86.34,app
13224,2133,32.49,app
13225,1316,164.68,web
13226,701,107.88,app
13227,99,89.63,app
13228,3805,65.89,web
13229,1732,131.06,pos
13230,1756,39.26,pos
13231,1747,24.51,app
13232,341,45.43,web
13233,2894,73.4,web
13234,1670,118.11,web
13235,2175,48.76,web
13236,545,111.75,web
13237,1248,96.88,app
13238,2384,63.41,web
13239,444,120.65,web
13240,757,39.48,web
13241,1292,37.31,app
13242,3566,60.84,web
13243,1387,51.53,web
13244,124,53.86,pos
13245,1192,88.22,app
13246,2187,107.35,web
13247,3711,35.42,web
13248,1356,15.1,app
13249,2883,68.01,app
13250,1107,63.54,web
13251,691,79.46,app
13252,3653,137.32,web
13253,3214,87.42,pos
13254,613,61.11,web
13255,2980,19.42,app
13256,3557,111.26,app
13257,3697,35.6,web
13258,1871,66.03,web
13259,3663,72.09,web
13260,2878,186.13,pos
13261,2168,42.3,web
13262,820,60.81,app
13263,873,61.31,pos
13264,2855,94.37,web
13265,1969,141.7,web
13266,2442,62.73,app
13267,3724,78.38,pos
13268,1047,448.65,web
13269,2816,80.72,app
13270,3831,73.23,web
13271,303,108.41,app
13272,2963,33.84,pos
13273,3268,24.82,web
13274,3312,49.04,app
13275,957,44.73,web
13276,196,49.05,web
13277,435,53.51,web
13278,2619,47.55,web
13279,266,85.62,web
13280,2310,18.03,app
13281,2673,119.18,app
13282,1470,44.55,web
13283,2335,29.94,web
13284,572,47.33,web
13285,911,93.62,app
13286,971,73.14,web
13287,3015,58.58,app
13288,3668,49.08,app
13289,133,73.35,pos
13290,779,208.37,app
13291,168,40.33,app
13292,237,135.66,app
13293,1594,45.3,web
13294,427,19.53,web
13295,2515,95.11,web
13296,1551,144.51,app
13297,364,12.56,web
13298,283,39.65,app
13299,2684,139.04,web
13300,143,125.63,app
13301,3448,54.2,web
13302,360,45.72,app
13303,3734,133.13,app
13304,2192,133.29,app
13305,3071,89.3,app
13306,3522,20.92,app
13307,1452,97.37,web
13308,3802,66.2,app
13309,1221,35.28,web
13310,429,76.54,web
13311,409,132.39,app
13312,2152,61.08,web
13313,1235,134.37,web
13314,2944,109.25,app
13315,3368,213.87,web
13316,162,109.91,web
13317,1362,38.62,app
13318,3496,65.6,web
13319,2153,163.36,web
13320,3757,110.6,web
13321,110,133.28,web
13322,1171,122.51,web
13323,939,104.51,web
13324,3836,78.99,pos
13325,429,114.36,web
13326,2154,110.48,app
13327,2369,57.13,app
13328,1299,172.76,app
13329,2053,60.21,web
13330,606,85.72,web
13331,1206,53.07,app
13332,2947,57.47,pos
13333,3973,121.33,app
13334,1761,57.52,pos
13335,788,103.37,web
13336,1069,98.64,web
13337,3377,85.59,app
13338,2919,24.67,app
13339,1870,272.1,web
13340,2488,158.57,web
13341,3299,52.33,web
13342,3247,81.53,app
13343,3302,45.41,app
13344,1441,98.78,app
13345,1277,41.2,web
13346,1213,136.07,web
13347,2941,110.35,app
13348,519,20.28,app
13349,2985,109.3,app
13350,3359,48.82,web
13351,1992,99.27,web
13352,2921,47.8,web
13353,2045,9.61,web
13354,387,127.56,app
13355,3531,47.5,web
13356,200,127.66,web
13357,1405,32.39,web
13358,1382,83.33,app
13359,501,108.55,app
13360,810,117.73,pos
13361,1983,7.15,web
13362,1472,182.45,app
13363,1060,139.59,web
13364,2236,65.03,pos
13365,973,17.74,app
13366,1545,43.87,pos
13367,2326,133.39,app
13368,1275,32.08,web
13369,3489,204.44,app
13370,2117,14.81,web
13371,39,32.48,pos
13372,3062,48.38,web
13373,3436,77.85,pos
13374,2630,216.02,pos
13375,2698,101.63,web
13376,2982,165.49,web
13377,2826,90.82,pos
13378,3877,178.69,web
13379,2243,131.09,app
13380,3011,69.26,pos
13381,896,104.43,web
13382,1019,39.41,web
13383,401,17.34,app
13384,3824,58.63,web
13385,2682,113.74,app
13386,2641,231.69,pos
13387,2923,35.22,web
13388,2896,86.32,web
13389,2155,82.76,web
13390,3549,88.96,web
13391,1744,155.03,web
13392,3681,91.91,web
13393,185,113.18,web
13394,1654,174.87,app
13395,1500,27.66,app
13396,562,71.32,web
13397,2406,45.59,web
13398,2606,66.92,app
13399,2481,37.42,pos
13400,3190,99.31,app
13401,151,282.95,web
13402,892,96.3,web
13403,3270,50.82,web
13404,1193,18.36,app
13405,1464,54.26,app
13406,297,127.41,pos
13407,929,162.21,app
13408,1883,143.44,web
13409,12,62.56,web
13410,3985,38.14,web
13411,2282,81.07,web
13412,549,41.31,pos
13413,445,199.35,web
13414,3392,89.63,app
13415,2956,109.12,web
13416,2436,66.36,web
13417,1814,53.15,web
13418,1614,42.23,app
13419,1160,78.0,web
13420,3233,36.3,web
13421,3436,19.22,pos
13422,3959,138.34,web
13423,636,13.97,web
13424,3785,109.27,app
13425,833,105.22,app
13426,2724,20.53,web
13427,3812,40.52,web
13428,1211,66.01,web
13429,962,146.77,web
13430,3978,63.93,web
13431,2323,93.02,web
13432,2830,18.75,app
13433,3670,62.29,app
13434,3802,39.59,app
13435,312,69.13,pos
13436,623,264.28,pos
13437,1868,153.73,web
13438,2809,7.72,web
13439,2105,135.45,app
13440,3888,130.99,pos
13441,3049,148.24,app
13442,193,129.52,web
13443,129,219.79,pos
13444,1962,22.0,web
13445,3507,72.15,app
13446,81,55.65,web
13447,2817,14.86,web
13448,965,131.36,web
13449,1761,38.55,web
13450,1116,182.46,app
13451,2078,20.03,web
13452,2509,85.48,app
13453,2883,64.95,app
13454,2133,244.73,pos
13455,81,30.82,app
13456,2480,95.61,app
13457,622,41.14,pos
13458,1635,89.07,app
13459,641,138.5,web
13460,2305,9.38,app
13461,2701,83.44,web
13462,1077,70.71,web
13463,1461,18.77,pos
13464,1824,115.77,app
13465,1009,161.3,web
13466,3614,45.91,pos
13467,826,26.44,web
13468,1711,254.71,web
13469,3007,59.29,web
13470,3988,33.38,web
13471,698,64.7,pos
13472,3078,129.14,web
13473,2666,66.11,app
13474,3635,4.0,app
13475,1575,52.12,app
13476,2574,50.17,app
13477,2743,114.59,pos
13478,3443,160.12,app
13479,1646,168.92,app
13480,2024,144.1,app
13481,3828,113.31,web
13482,1796,60.3,web
13483,1845,86.45,web
13484,1257,39.75,app
13485,2517,82.74,web
13486,3427,122.35,pos
13487,123,94.13,web
13488,1021,19.72,web
13489,1032,34.66,pos
13490,3568,123.47,web
13491,1995,62.7,web
13492,3343,127.5,app
13493,2968,6.51,web
13494,3120,53.54,app
13495,1842,21.0,app
13496,892,46.57,web
13497,147,17.85,web
13498,3726,60.59,web
13499,3819,104.48,web
13500,2348,47.74,web
13501,3512,100.4,web
13502,2152,80.69,app
13503,3220,37.19,web
13504,3169,115.03,web
13505,1099,60.23,app
13506,148,137.11,web
13507,2167,11.74,pos
13508,1952,30.09,app
13509,367,27.25,web
13510,1974,111.79,app
13511,3528,115.16,app
13512,579,176.31,app
13513,2276,28.29,web
13514,3297,21.48,pos
13515,1279,64.69,web
13516,1647,15.19,app
13517,2062,11.4,web
13518,135,46.0,app
13519,856,69.39,pos
13520,1096,19.69,web
13521,871,31.15,app
13522,3818,148.71,app
13523,961,115.19,web
13524,951,99.02,web
13525,1867,50.52,web
13526,2031,36.8,pos
13527,2182,41.95,app
13528,475,78.57,web
13529,1856,55.0,web
13530,368,52.48,web
13531,961,78.78,app
13532,3270,69.1,web
13533,2622,111.94,web
13534,2729,64.23,web
13535,865,47.24,web
13536,2571,36.32,app
13537,1903,47.32,web
13538,3947,93.59,web
13539,2308,24.9,app
13540,2885,144.33,web
13541,1823,44.17,pos
13542,743,61.58,app
13543,471,54.08,pos
13544,2269,60.11,app
13545,722,186.15,pos
13546,2803,10.52,web
13547,2058,83.43,pos
13548,1746,113.23,web
13549,752,148.84,app
13550,3912,11.86,app
13551,2028,51.07,web
13552,3789,27.14,pos
13553,197,76.88,app
13554,2262,72.49,pos
13555,2190,65.04,pos
13556,1314,85.91,app
13557,2145,118.31,web
13558,2667,131.36,app
13559,2254,198.54,web
13560,1910,128.41,web
13561,56,124.65,app
13562,976,27.74,web
13563,736,94.47,web
13564,1958,94.87,web
13565,3685,30.19,app
13566,3214,95.91,app
13567,3138,8.89,web
13568,2642,87.63,pos
13569,3356,71.51,web
13570,2426,86.86,web
13571,3521,103.65,web
13572,855,37.9,web
13573,988,69.17,pos
13574,3424,111.65,app
13575,3934,54.19,web
13576,1033,64.29,web
13577,885,58.21,web
13578,888,144.82,app
13579,1315,102.21,web
13580,2954,105.98,app
13581,1666,43.67,app
13582,2981,46.14,web
13583,3672,83.0,app
13584,699,20.94,web
13585,2069,67.93,app
13586,3274,77.27,web
13587,2675,87.69,app
13588,2875,8.99,web
13589,2055,130.65,web
13590,1411,62.36,web
13591,2142,85.29,pos
13592,645,41.28,web
13593,47,225.58,app
13594,770,77.47,app
13595,351,7.77,web
13596,1801,120.54,app
13597,269,96.36,web
13598,1470,93.76,web
13599,3029,106.2,web
13600,631,155.05,pos
13601,3239,66.75,web
13602,2054,139.22,web
13603,1921,24.12,web
13604,1232,61.79,web
13605,1925,49.25,app
13606,3170,129.94,web
13607,1228,8.03,web
13608,3339,23.27,app
13609,621,182.04,web
13610,3150,79.93,web
13611,2536,23.21,app
13612,125,94.96,app
13613,315,70.84,web
13614,409,257.9,web
13615,2453,83.63,app
13616,1943,109.55,app
13617,1864,99.95,app
13618,1433,60.31,pos
13619,2191,12.87,app
13620,2446,17.33,pos
13621,2101,191.59,web
13622,2278,51.89,app
13623,2426,108.69,app
13624,2272,50.55,pos
13625,3745,83.51,app
13626,1140,39.1,app
13627,702,183.0,app
13628,750,91.06,web
13629,2058,106.09,app
13630,1667,22.16,web
13631,2570,269.77,app
13632,472,44.19,app
13633,1649,67.13,app
13634,3083,112.66,pos
13635,1091,54.83,web
13636,458,61.02,web
13637,6,53.68,app
13638,1672,152.93,web
13639,696,23.9,web
13640,1454,47.38,app
13641,848,27.66,web
13642,834,80.78,app
13643,596,109.69,web
13644,1310,105.82,web
13645,3029,144.96,web
13646,2833,103.13,app
13647,1494,85.01,web
13648,1834,27.75,app
13649,2972,191.67,web
13650,1398,84.21,app
13651,1125,75.72,web
13652,3284,77.05,app
13653,2938,184.81,web
13654,1816,65.95,pos
13655,2608,66.31,web
13656,57,18.02,app
13657,351,33.28,pos
13658,2018,19.2,web
13659,1610,43.23,web
13660,3724,85.51,web
13661,3785,30.88,web
13662,2013,35.81,web
13663,599,80.69,web
13664,198,120.9,app
13665,1841,19.37,web
13666,2985,45.21,web
13667,2956,88.2,web
13668,2368,69.42,web
13669,2347,126.74,pos
13670,539,77.59,web
13671,146,21.19,pos
13672,2493,188.0,app
13673,395,27.91,web
13674,2714,145.0,pos
13675,2498,65.69,pos
13676,3312,96.89,web
13677,3342,36.09,web
13678,1696,108.98,pos
13679,1331,106.64,app
13680,3605,98.71,web
13681,3910,85.25,app
13682,1957,58.39,web
13683,1059,111.93,web
13684,2895,130.42,app
13685,923,77.9,app
13686,3403,17.06,web
13687,1352,19.65,pos
13688,3815,54.18,web
13689,1654,40.2,pos
13690,3079,12.3,app
13691,3651,71.83,pos
13692,3668,39.83,app
13693,250,50.13,web
13694,731,313.51,app
13695,751,278.28,app
13696,1174,166.18,web
13697,376,58.08,pos
13698,2048,116.18,app
13699,2711,58.6,web
13700,2960,53.91,pos
13701,1469,130.64,web
13702,1487,71.29,web
13703,76,147.57,web
13704,3101,69.12,app
13705,3681,79.64,web
13706,444,154.63,app
13707,570,42.11,web
13708,2561,49.76,pos
13709,1026,66.68,web
13710,747,160.95,pos
13711,87,135.19,web
13712,1948,60.79,app
13713,1827,175.88,app
13714,3908,86.32,web
13715,3875,62.33,web
13716,1025,102.56,app
13717,2683,122.12,app
13718,2291,130.83,web
13719,2897,61.38,app
13720,3969,39.54,web
13721,272,253.43,pos
13722,2852,86.25,app
13723,2934,47.92,web
13724,5,131.27,web
13725,192,89.82,app
13726,1418,112.54,web
13727,2029,114.83,web
13728,3589,84.11,app
13729,1802,8.85,app
13730,152,54.78,web
13731,1339,111.32,app
13732,661,32.94,pos
13733,1685,76.86,web
13734,3439,226.16,web
13735,2913,134.09,pos
13736,3722,54.65,app
13737,992,90.26,web
13738,1127,77.6,web
13739,3928,63.74,web
13740,38,88.66,web
13741,3790,34.3,app
13742,80,28.96,web
13743,3896,50.38,web
13744,2926,70.66,pos
13745,3229,133.44,web
13746,1563,76.96,app
13747,1309,94.75,web
13748,402,25.75,web
13749,3833,124.95,app
13750,996,40.39,app
13751,3314,42.89,pos
13752,1177,69.46,app
13753,1422,172.77,web
13754,3801,73.61,app
13755,1024,89.97,web
13756,3312,104.27,web
13757,1276,95.21,web
13758,2210,70.59,web
13759,3949,108.57,app
13760,2823,32.65,pos
13761,1979,72.19,app
13762,3714,20.07,web
13763,3173,95.5,pos
13764,2174,30.09,app
13765,2014,18.14,web
13766,1814,40.27,pos
13767,3272,53.86,app
13768,913,58.72,web
13769,3566,42.43,app
13770,439,142.66,web
13771,1035,14.94,app
13772,246,166.71,app
13773,149,81.46,app
13774,2199,116.44,web
13775,524,103.25,web
13776,3000,10.92,web
13777,1004,142.25,pos
13778,2059,70.19,web
13779,1098,176.3,web
13780,2568,115.6,web
13781,207,52.88,web
13782,3297,125.7,web
13783,3723,22.39,web
13784,2735,169.79,web
13785,2931,68.36,web
13786,3726,34.21,web
13787,1841,30.22,pos
13788,2223,58.43,web
13789,365,112.48,web
13790,2088,129.17,app
13791,1437,97.26,web
13792,438,144.62,app
13793,3372,37.45,app
13794,2865,41.06,pos
13795,380,49.56,web
13796,3969,57.06,app
13797,1195,65.33,app
13798,771,82.75,app
13799,959,190.85,web
13800,806,66.71,app
13801,3555,40.38,web
13802,1903,89.88,app
13803,2185,99.34,pos
13804,3498,70.64,web
13805,3130,97.93,web
13806,3679,13.56,app
13807,1204,92.87,app
13808,3368,61.64,app
13809,1998,63.12,web
13810,205,68.02,web
13811,1009,48.15,web
13812,1869,90.16,app
13813,3590,49.14,app
13814,872,60.51,web
13815,704,165.78,web
13816,3693,100.57,app
13817,3387,227.33,web
13818,2086,112.78,pos
13819,1421,87.02,web
13820,638,17.81,web
13821,1708,118.57,app
13822,3332,196.82,app
13823,3614,59.45,app
13824,2164,57.27,app
13825,3107,24.91,web
13826,3267,57.13,web
13827,3149,68.02,web
13828,3027,156.34,web
13829,2152,42.6,app
13830,32,72.86,web
13831,1650,67.31,web
13832,2234,20.47,web
13833,782,161.5,pos
13834,1279,79.33,pos
13835,3680,85.04,app
13836,718,110.93,web
13837,2618,237.75,app
13838,945,65.94,web
13839,2473,14.89,web
13840,3072,45.16,web
13841,3753,156.9,web
13842,3713,60.25,app
13843,3647,54.41,pos
13844,3733,174.72,web
13845,1756,57.11,app
13846,3087,106.04,web
13847,3158,19.43,web
13848,2592,40.34,app
13849,2522,52.43,web
13850,136,16.45,app
13851,206,145.32,web
13852,2058,143.31,web
13853,1474,124.42,web
13854,1709,163.52,web
13855,3036,19.59,app
13856,2861,103.35,web
13857,3180,70.75,web
13858,1936,86.39,web
13859,304,29.26,app
13860,578,98.57,web
13861,3032,114.1,app
13862,2364,146.57,pos
13863,1479,97.5,web
13864,294,227.64,web
13865,3829,19.38,app
13866,727,53.6,pos
13867,1176,131.02,pos
13868,1121,99.74,web
13869,938,46.15,web
13870,3744,17.69,app
13871,1165,69.48,web
13872,165,74.43,web
13873,628,21.57,app
13874,3936,89.75,web
13875,1987,50.26,web
13876,3377,141.0,web
13877,1163,174.07,web
13878,3730,37.85,web
13879,3596,35.74,web
13880,2934,16.83,pos
13881,3847,27.74,pos
13882,1926,126.57,app
13883,3613,40.67,app
13884,3186,38.41,app
13885,3720,68.4,web
13886,3993,23.36,app
13887,2584,35.85,app
13888,3075,69.58,app
13889,486,118.9,web
13890,126,40.79,pos
13891,2871,73.67,app
13892,1754,91.53,web
13893,2816,84.22,web
13894,3680,142.83,app
13895,261,221.4,web
13896,1342,106.57,web
13897,1225,39.02,web
13898,213,37.79,web
13899,526,53.05,app
13900,2296,35.57,web
13901,754,144.16,web
13902,6,15.47,app
13903,2034,355.13,web
13904,1846,188.89,app
13905,3488,120.92,web
13906,998,94.2,app
13907,3765,19.91,web
13908,2340,73.62,web
13909,2735,43.72,web
13910,1226,184.36,pos
13911,3366,52.17,web
13912,2194,55.79,app
13913,2833,59.71,web
13914,2955,88.17,app
13915,3114,85.28,web
13916,325,114.91,web
13917,62,81.23,app
13918,1004,124.89,pos
13919,1436,50.44,web
13920,356,112.48,web
13921,3248,50.32,app
13922,3887,90.67,web
13923,2293,147.29,app
13924,514,21.97,web
13925,929,15.3,web
13926,3763,55.09,web
13927,1558,125.12,web
13928,59,23.35,app
13929,2101,42.23,app
13930,1955,61.34,web
13931,267,71.4,web
13932,2787,94.2,web
13933,2993,95.01,app
13934,347,26.9,app
13935,3510,56.73,app
13936,687,96.82,app
13937,1703,187.85,app
13938,2874,38.66,pos
13939,2241,185.52,web
13940,932,113.1,web
13941,2207,93.02,app
13942,484,74.21,web
13943,725,46.42,app
13944,2762,127.21,web
13945,3464,89.14,web
13946,90,38.96,pos
13947,3384,192.5,app
13948,1601,7.5,app
13949,2435,84.64,app
13950,667,22.12,web
13951,2722,79.19,app
13952,1848,171.25,web
13953,2682,67.38,app
13954,3537,14.52,pos
13955,2942,68.18,pos
13956,1189,207.39,web
13957,2507,189.57,app
13958,1597,51.76,web
13959,3894,111.34,web
13960,1327,203.24,web
13961,2752,58.48,web
13962,1665,212.47,pos
13963,2695,216.9,web
13964,1723,179.27,app
13965,2137,237.4,web
13966,3830,84.91,web
13967,1302,108.01,pos
13968,3085,32.91,web
13969,755,83.64,pos
13970,3513,36.02,app
13971,1673,206.79,pos
13972,2789,98.12,web
13973,2691,37.96,web
13974,937,114.41,web
13975,233,84.71,web
13976,3463,26.54,app
13977,485,97.6,app
13978,1347,284.93,web
13979,18,79.57,app
13980,3682,45.23,web
13981,2597,46.7,app
13982,806,22.6,web
13983,3325,42.64,app
13984,3682,86.33,web
13985,1510,96.57,app
13986,811,34.5,web
13987,787,63.73,web
13988,3230,143.1,web
13989,2282,121.08,app
13990,3663,57.38,app
13991,2980,105.73,web
13992,2302,66.52,web
13993,3341,89.16,app
13994,2723,14.91,web
13995,2796,51.02,app
13996,151,114.95,app
13997,2708,77.6,app
13998,1590,125.36,web
13999,10,12.73,web
14000,1738,44.97,app
14001,257,5.07,web
14002,3926,72.94,web
14003,823,97.89,web
14004,2569,68.65,web
14005,1776,27.04,app
14006,548,162.61,app
14007,56,66.55,web
14008,2213,94.12,web
14009,668,51.07,web
14010,261,176.76,web
14011,1107,152.99,app
14012,3589,58.93,app
14013,3614,105.11,web
14014,1596,62.89,pos
14015,787,45.65,app
14016,3209,34.45,app
14017,1969,165.65,app
14018,2244,34.69,web
14019,528,80.48,web
14020,2501,55.72,app
14021,1617,30.59,app
14022,3693,84.95,web
14023,2273,49.36,pos
14024,1213,50.51,web
14025,1390,128.81,pos
14026,694,74.47,web
14027,1936,108.19,app
14028,768,92.89,web
14029,569,59.07,web
14030,3333,6.59,app
14031,726,48.93,web
14032,788,126.48,web
14033,3124,46.63,web
14034,174,33.67,web
14035,3320,88.0,app
14036,358,29.06,app
14037,388,23.9,app
14038,3621,18.67,app
14039,2933,44.58,app
14040,1475,145.48,web
14041,1708,47.04,app
14042,504,105.75,pos
14043,3516,37.95,app
14044,490,117.33,app
14045,3124,236.86,web
14046,3215,104.12,web
14047,89,1.88,web
14048,2537,82.9,app
14049,3259,47.42,web
14050,1769,36.39,web
14051,403,122.69,web
14052,804,116.62,web
14053,3134,68.08,web
14054,751,188.98,web
14055,2910,53.24,web
14056,1391,82.14,app
14057,2388,52.02,web
14058,3861,37.66,web
14059,224,32.31,web
14060,734,63.08,web
14061,2783,86.16,app
14062,1204,18.82,web
14063,1094,20.48,pos
14064,2157,67.24,app
14065,196,14.34,app
14066,2230,88.69,web
14067,398,33.57,web
14068,1284,99.73,web
14069,1205,158.33,web
14070,2049,21.96,pos
14071,2416,21.25,web
14072,3161,77.36,app
14073,3550,27.28,web
14074,3048,67.25,web
14075,2741,141.3,pos
14076,2745,83.33,web
14077,1270,87.88,app
14078,3696,26.73,web
14079,2954,109.85,web
14080,131,179.57,web
14081,3856,18.56,app
14082,670,193.05,pos
14083,1278,217.2,app
14084,467,67.48,web
14085,119,91.01,web
14086,860,65.87,app
14087,2640,38.19,web
14088,2972,101.24,app
14089,2022,20.81,pos
14090,3837,126.07,app
14091,3512,79.87,pos
14092,1538,71.89,web
14093,799,46.59,web
14094,3684,136.57,app
14095,2843,202.05,app
14096,3087,16.52,web
14097,601,100.57,web
14098,106,63.84,app
14099,1290,47.87,web
14100,484,25.23,web
14101,3951,95.18,web
14102,554,60.05,web
14103,1006,180.88,web
14104,3481,53.77,web
14105,1260,21.7,app
14106,1080,129.43,pos
14107,1469,86.49,app
14108,1683,62.02,web
14109,29,51.96,app
14110,986,177.87,web
14111,1954,92.43,web
14112,1594,48.14,app
14113,451,52.73,web
14114,1166,166.38,web
14115,604,280.14,pos
14116,600,196.13,web
14117,3905,92.08,web
14118,1992,81.61,web
14119,2293,33.82,app
14120,2909,31.65,pos
14121,1752,155.39,web
14122,3959,182.53,pos
14123,73,53.27,web
14124,589,72.83,web
14125,1181,124.97,app
14126,1281,20.43,web
14127,485,19.64,web
14128,1097,75.38,app
14129,3786,59.38,web
14130,3492,84.79,app
14131,95,88.3,web
14132,916,8.84,web
14133,2202,36.05,app
14134,1271,60.33,app
14135,721,133.82,web
14136,2081,86.86,app
14137,598,150.43,web
14138,409,72.82,web
14139,77,87.06,web
14140,3972,71.49,app
14141,968,140.46,web
14142,1545,174.93,app
14143,3457,41.49,app
14144,2365,311.62,web
14145,749,65.73,web
14146,1211,143.97,app
14147,3468,49.73,web
14148,282,44.2,web
14149,3184,54.38,web
14150,2542,100.8,app
14151,2574,25.04,app
14152,2602,49.43,web
14153,1837,138.14,web
14154,3282,91.91,web
14155,3184,53.33,app
14156,1425,114.27,web
14157,461,45.4,web
14158,2463,103.31,app
14159,3682,38.55,web
14160,3011,48.78,app
14161,851,158.56,web
14162,2879,43.56,web
14163,3837,42.65,web
14164,3536,70.95,app
14165,2590,76.43,web
14166,450,65.45,web
14167,3182,23.38,app
14168,2657,109.12,web
14169,3020,67.18,web
14170,402,102.32,pos
14171,3454,68.2,app
14172,2152,77.86,app
14173,2067,133.92,web
14174,374,42.07,app
14175,3893,62.04,app
14176,1434,71.06,app
14177,1477,7.1,web
14178,2395,209.23,web
14179,1894,53.26,pos
14180,1758,241.69,app
14181,453,80.15,web
14182,230,23.6,web
14183,11,163.28,web
14184,1774,72.04,web
14185,1505,48.19,web
14186,3119,117.68,web
14187,3099,136.23,web
14188,313,75.71,web
14189,2140,88.98,web
14190,2740,77.92,app
14191,2315,91.26,app
14192,1410,125.62,pos
14193,3267,90.17,web
14194,288,38.68,pos
14195,688,78.68,app
14196,2027,74.76,web
14197,1145,38.36,app
14198,328,10.5,web
14199,3932,115.58,web
14200,3148,44.32,web
14201,2762,37.26,web
14202,896,35.54,pos
14203,2332,29.06,app
14204,2044,71.53,app
14205,1966,38.0,pos
14206,1060,49.21,web
14207,1598,229.64,pos
14208,2752,40.25,pos
14209,672,56.02,app
14210,539,291.87,web
14211,2703,126.38,web
14212,3786,75.96,app
14213,3467,47.92,web
14214,609,298.55,pos
14215,1580,289.37,app
14216,2539,323.14,pos
14217,1005,54.16,web
14218,1383,82.12,web
14219,877,81.11,app
14220,2269,111.77,app
14221,351,71.48,app
14222,3344,153.51,app
14223,2081,55.63,web
14224,651,11.51,pos
14225,1382,156.88,web
14226,117,40.3,web
14227,2097,18.91,pos
14228,3835,62.97,web
14229,2807,116.98,pos
14230,19,54.21,app
14231,40,74.56,app
14232,2846,85.24,web
14233,3196,84.49,web
14234,2292,119.7,app
14235,2320,141.57,web
14236,2977,42.98,pos
14237,2018,122.52,app
14238,545,48.13,web
14239,3736,22.47,web
14240,3325,88.82,pos
14241,2540,93.86,app
14242,3208,136.13,app
14243,3705,34.91,web
14244,1693,121.42,web
14245,679,60.89,web
14246,642,39.58,web
14247,3816,128.51,pos
14248,502,252.39,pos
14249,2556,102.14,app
14250,127,3.6,app
14251,3515,16.43,web
14252,763,46.59,web
14253,709,135.58,app
14254,3674,127.16,web
14255,1659,101.55,app
14256,2740,103.17,pos
14257,522,45.89,pos
14258,1891,76.87,app
14259,3062,126.17,app
14260,1435,141.56,web
14261,1930,83.67,web
14262,273,68.75,app
14263,1239,188.28,web
14264,2831,117.66,web
14265,2402,294.35,pos
14266,1740,44.18,web
14267,2281,29.2,web
14268,1672,106.11,pos
14269,3636,46.47,pos
14270,1252,94.04,pos
14271,2071,45.82,web
14272,2980,41.11,app
14273,555,90.95,web
14274,1170,112.44,web
14275,2390,87.75,pos
14276,1218,111.04,web
14277,3820,154.66,web
14278,1449,175.09,app
14279,3403,82.61,app
14280,410,420.85,web
14281,2138,124.57,app
14282,3667,68.53,app
14283,1939,96.02,app
14284,2942,82.42,web
14285,3338,62.58,web
14286,3304,34.92,web
14287,795,98.68,pos
14288,413,288.39,web
14289,1869,51.17,pos
14290,2344,68.0,app
14291,1459,33.61,pos
14292,55,71.28,app
14293,1380,86.41,web
14294,275,108.56,app
14295,3580,88.27,pos
14296,354,147.19,app
14297,2034,57.41,web
14298,1872,28.74,web
14299,1772,52.26,web
14300,3322,32.44,web
14301,3607,68.65,pos
14302,2683,70.8,web
14303,135,48.77,web
14304,1456,53.86,web
14305,1537,128.07,web
14306,2248,29.25,pos
14307,3567,45.77,app
14308,3635,68.23,app
14309,3120,80.81,web
14310,785,115.13,pos
14311,2059,101.1,app
14312,1309,34.26,web
14313,2995,223.05,app
14314,3540,80.76,web
14315,3719,150.18,app
14316,1329,12.41,web
14317,3805,27.19,web
14318,1240,182.46,web
14319,3304,78.79,app
14320,954,150.53,app
14321,1160,129.83,web
14322,2108,80.87,app
14323,2154,51.43,web
14324,2876,69.24,web
14325,3970,259.76,web
14326,401,51.94,web
14327,135,133.44,app
14328,172,63.54,web
14329,3857,122.22,web
14330,3361,30.85,web
14331,1941,20.05,web
14332,3037,80.72,app
14333,3960,98.42,pos
14334,602,71.44,app
14335,1305,174.79,web
14336,3737,45.07,web
14337,3450,41.07,web
14338,1112,204.49,web
14339,3350,158.23,web
14340,1190,42.35,app
14341,1488,178.4,app
14342,2772,68.28,web
14343,202,93.01,web
14344,3653,96.9,pos
14345,2131,58.63,pos
14346,2354,61.85,app
14347,720,115.89,web
14348,2879,223.88,web
14349,1792,96.34,app
14350,2116,35.24,web
14351,857,35.93,web
14352,1882,53.71,web
14353,3436,86.4,app
14354,3660,309.5,pos
14355,2755,94.89,app
14356,927,19.8,pos
14357,3055,87.29,app
14358,3814,273.15,app
14359,486,62.06,web
14360,1556,39.21,app
14361,700,60.23,app
14362,3357,253.34,app
14363,3130,67.7,web
14364,3362,108.62,pos
14365,2422,181.13,app
14366,2444,54.18,pos
14367,511,121.13,app
14368,243,91.05,web
14369,849,52.82,web
14370,3515,22.71,pos
14371,2177,114.93,web
14372,2356,111.25,app
14373,105,213.45,app
14374,68,69.88,web
14375,1466,71.51,pos
14376,490,54.57,web
14377,1404,110.49,pos
14378,3648,16.91,web
14379,756,58.68,app
14380,3933,88.87,web
14381,2421,129.48,web
14382,565,29.76,pos
14383,2594,13.02,app
14384,3349,98.63,web
14385,2788,188.97,app
14386,856,102.44,web
14387,1484,115.23,web
14388,3686,40.88,app
14389,2647,36.55,web
14390,1252,84.23,pos
14391,2127,52.3,web
14392,3240,337.57,pos
14393,1917,68.21,app
14394,741,116.49,app
14395,982,71.08,web
14396,3627,49.54,web
14397,2891,98.24,app
14398,2460,211.62,app
14399,438,69.17,web
14400,1168,99.15,web
14401,2350,3.95,web
14402,2362,116.32,pos
14403,427,62.66,app
14404,3954,38.14,web
14405,93,37.24,app
14406,1485,223.35,web
14407,3681,92.43,app
14408,3421,79.22,web
14409,348,229.27,pos
14410,2444,42.43,app
14411,2012,131.56,pos
14412,62,141.04,web
14413,1838,28.27,web
14414,2326,74.46,web
14415,1329,68.76,web
14416,2947,57.97,app
14417,932,27.73,web
14418,2317,50.44,app
14419,1458,26.92,web
14420,3488,34.16,web
14421,1067,124.16,app
14422,1471,33.67,web
14423,3436,73.69,pos
14424,2818,257.1,web
14425,374,87.71,web
14426,3738,60.34,web
14427,495,2.87,web
14428,886,15.61,web
14429,1933,60.39,web
14430,528,43.13,web
14431,232,103.9,web
14432,2271,77.88,web
14433,160,16.64,web
14434,3396,68.32,app
14435,2902,74.69,web
14436,852,216.37,web
14437,2782,85.76,web
14438,3735,94.05,web
14439,2311,94.89,web
14440,2781,163.64,web
14441,780,385.45,web
14442,2800,103.64,web
14443,2692,31.01,pos
14444,3526,43.58,web
14445,3021,54.65,pos
14446,3844,94.0,web
14447,3045,12.05,web
14448,756,141.96,app
14449,2319,2.24,web
14450,3520,200.92,app
14451,1710,88.4,web
14452,2412,60.47,web
14453,1261,218.17,app
14454,3822,54.61,web
14455,2130,81.99,app
14456,300,29.03,web
14457,3355,38.86,pos
14458,3370,351.71,app
14459,1801,102.75,pos
14460,965,74.12,app
14461,351,79.74,pos
14462,652,117.87,app
14463,1554,28.84,web
14464,3814,20.78,app
14465,2648,2.03,app
14466,5,153.91,app
14467,927,39.19,web
14468,2263,54.94,web
14469,1071,143.29,web
14470,3164,243.98,web
14471,2848,132.36,web
14472,1181,114.96,app
14473,2963,123.84,web
14474,1070,123.42,web
14475,3087,48.86,web
14476,1465,88.62,pos
14477,2156,65.7,app
14478,2225,41.33,app
14479,505,176.98,web
14480,2747,25.21,web
14481,2859,74.83,pos
14482,609,33.6,web
14483,2162,5.23,web
14484,1539,204.14,web
14485,1325,298.3,web
14486,1652,175.99,app
14487,2626,25.9,pos
14488,3246,221.72,web
14489,2323,22.07,app
14490,3683,324.31,web
14491,2203,44.54,web
14492,3248,126.77,app
14493,3756,18.37,web
14494,1844,151.21,web
14495,3414,77.94,web
14496,3280,98.16,app
14497,3925,90.93,web
14498,1268,57.62,app
14499,2679,23.52,app
14500,3377,143.42,app
14501,1984,188.64,app
14502,1820,207.74,app
14503,1464,81.63,app
14504,1976,106.53,web
14505,2815,120.47,web
14506,617,49.01,web
14507,2533,113.05,pos
14508,860,21.28,web
14509,1622,154.75,web
14510,2472,36.92,pos
14511,1391,89.81,app
14512,2346,11.7,pos
14513,738,184.99,web
14514,1794,174.29,web
14515,3883,105.17,app
14516,3074,40.91,app
14517,776,62.26,web
14518,3984,17.95,web
14519,1381,54.83,web
14520,2578,29.3,app
14521,1846,86.85,web
14522,929,50.48,pos
14523,3713,125.65,app
14524,2266,226.29,web
14525,2650,57.36,app
14526,1117,70.33,pos
14527,2900,52.41,web
14528,3161,51.4,web
14529,58,115.64,app
14530,701,40.37,web
14531,3,58.83,web
14532,1981,51.98,pos
14533,1546,67.78,pos
14534,2039,62.27,app
14535,3362,53.22,web
14536,2117,212.15,web
14537,3706,117.57,web
14538,2934,95.44,web
14539,1127,138.6,app
14540,859,39.73,pos
14541,117,59.89,web
14542,2458,47.72,web
14543,2675,51.13,pos
14544,1396,68.39,app
14545,1385,139.11,pos
14546,3227,46.36,web
14547,3355,223.45,web
14548,2573,147.95,pos
14549,2083,76.45,app
14550,3900,30.53,web
14551,1809,109.43,app
14552,1093,13.09,app
14553,3301,101.55,web
14554,192,160.57,web
14555,2831,47.62,app
14556,2580,57.08,web
14557,1193,36.97,pos
14558,970,50.96,pos
14559,472,193.3,web
14560,1036,84.02,web
14561,206,138.68,pos
14562,3719,197.44,app
14563,2263,95.75,web
14564,601,110.01,web
14565,411,11.84,app
14566,2274,117.43,web
14567,2701,32.55,app
14568,694,166.81,web
14569,48,131.11,app
14570,2252,25.75,app
14571,2247,7.23,web
14572,279,142.54,web
14573,2187,140.18,app
14574,3358,44.28,web
14575,1988,100.65,web
14576,2939,149.96,app
14577,477,109.68,app
14578,2172,51.82,web
14579,2841,7.49,web
14580,2605,12.68,web
14581,3748,148.76,pos
14582,3805,14.16,app
14583,259,220.36,pos
14584,73,10.41,web
14585,3266,239.93,app
14586,2190,140.87,pos
14587,1899,140.48,app
14588,724,162.56,app
14589,1626,120.09,web
14590,536,72.42,web
14591,1747,18.5,web
14592,2686,29.92,web
14593,3546,66.52,pos
14594,790,216.12,pos
14595,820,40.47,web
14596,233,57.08,web
14597,2602,62.76,app
14598,3422,103.46,pos
14599,1345,94.06,app
14600,1276,42.37,web
14601,2758,90.61,web
14602,1557,138.41,pos
14603,1044,102.94,web
14604,3788,13.94,app
14605,2977,30.58,pos
14606,3287,122.61,app
14607,2263,148.81,web
14608,954,93.21,app
14609,3718,42.25,app
14610,2415,13.07,web
14611,1541,28.09,web
14612,2381,27.52,web
14613,3807,86.67,app
14614,3661,61.66,pos
14615,178,108.43,web
14616,3176,57.31,app
14617,109,297.81,web
14618,1884,86.8,app
14619,1463,267.37,web
14620,3690,96.66,app
14621,1640,2.17,pos
14622,1752,50.89,app
14623,1322,83.42,web
14624,1326,162.06,app
14625,2747,146.53,pos
14626,1743,36.43,pos
14627,1483,205.06,web
14628,868,147.93,web
14629,3190,58.66,pos
14630,1970,37.5,web
14631,3749,15.91,web
14632,2650,9.37,app
14633,3974,150.65,web
14634,445,69.83,app
14635,1253,65.99,app
14636,3980,78.02,web
14637,3658,29.19,web
14638,71,225.55,web
14639,3078,116.09,web
14640,882,121.19,web
14641,1917,21.64,pos
14642,159,74.45,app
14643,1105,18.54,app
14644,3988,107.14,web
14645,810,160.76,app
14646,3017,39.8,web
14647,1496,64.24,app
14648,725,34.77,web
14649,451,219.74,web
14650,1965,24.59,app
14651,1587,74.17,web
14652,2336,47.58,web
14653,2328,113.28,web
14654,3654,49.94,web
14655,1137,73.54,web
14656,736,92.41,app
14657,3602,39.01,web
14658,2217,37.39,web
14659,2998,17.54,web
14660,2096,44.22,web
14661,3702,88.34,pos
14662,1496,93.26,web
14663,151,8.79,web
14664,2190,103.29,web
14665,1360,34.36,web
14666,3687,35.95,pos
14667,1565,88.56,app
14668,2797,154.79,web
14669,501,95.69,app
14670,2112,53.72,web
14671,75,23.98,web
14672,796,207.53,app
14673,1725,30.56,web
14674,879,23.56,web
14675,3784,250.67,pos
14676,2319,161.44,web
14677,3311,14.38,web
14678,2010,32.9,app
14679,3427,82.44,web
14680,3510,94.41,web
14681,1978,85.16,app
14682,2613,185.0,pos
14683,3387,32.1,app
14684,1214,114.45,web
14685,1945,52.18,pos
14686,3249,166.13,app
14687,1187,99.75,app
14688,1393,33.49,web
14689,88,51.66,web
14690,1863,74.74,web
14691,3285,85.72,app
14692,768,36.83,app
14693,1750,107.23,app
14694,1524,91.48,web
14695,343,187.84,app
14696,298,124.49,app
14697,290,67.57,app
14698,3856,173.59,web
14699,2401,14.84,web
14700,1279,75.61,pos
14701,2957,168.87,web
14702,1530,30.37,app
14703,270,54.41,app
14704,2109,135.27,web
14705,1955,30.24,app
14706,883,79.4,web
14707,2093,26.46,app
14708,1924,107.74,web
14709,408,178.95,app
14710,3987,81.59,web
14711,3410,64.36,app
14712,2256,26.55,web
14713,2340,26.58,web
14714,1842,121.09,pos
14715,3772,24.28,web
14716,354,32.57,web
14717,2144,56.12,app
14718,735,117.99,app
14719,2857,117.59,app
14720,297,220.24,web
14721,3622,63.27,app
14722,1155,53.94,web
14723,3079,28.69,web
14724,1608,70.96,web
14725,904,197.82,pos
14726,2828,42.0,app
14727,197,237.36,app
14728,3524,54.49,web
14729,2447,20.07,web
14730,1871,39.75,app
14731,2818,6.83,web
14732,1899,211.99,app
14733,1472,25.31,app
14734,679,143.81,web
14735,979,16.93,app
14736,3768,137.06,web
14737,2248,140.41,app
14738,1438,42.4,app
14739,308,146.42,app
14740,930,46.32,web
14741,3225,53.72,app
14742,587,37.97,app
14743,954,9.44,app
14744,2801,42.96,web
14745,3292,83.23,app
14746,2110,22.62,web
14747,626,120.44,web
14748,1007,105.5,web
14749,1675,78.97,web
14750,2309,143.56,pos
14751,2290,95.0,pos
14752,937,9.22,app
14753,3262,32.02,web
14754,3515,23.0,app
14755,2109,50.08,web
14756,521,89.36,web
14757,1700,106.22,web
14758,1818,32.77,pos
14759,857,63.39,web
14760,3277,29.72,web
14761,3732,118.2,app
14762,799,20.28,web
14763,3176,92.96,web
14764,3392,25.32,app
14765,3369,339.01,web
14766,3394,75.64,web
14767,3533,85.87,web
14768,1374,13.12,app
14769,3140,8.7,web
14770,1655,99.25,web
14771,2758,70.87,web
14772,939,118.49,web
14773,372,46.59,web
14774,1106,57.66,app
14775,416,58.08,pos
14776,1858,99.54,web
14777,2883,25.31,web
14778,1763,59.86,app
14779,3064,153.4,web
14780,615,73.08,app
14781,2658,144.11,app
14782,3324,74.03,web
14783,2435,100.83,app
14784,2808,51.49,app
14785,2100,42.48,app
14786,939,353.32,app
14787,1350,169.83,web
14788,2927,230.25,web
14789,31,19.93,app
14790,354,89.76,app
14791,1938,21.88,web
14792,377,160.51,app
14793,919,80.81,web
14794,2694,136.75,web
14795,2991,44.17,web
14796,2977,47.63,pos
14797,1882,161.02,app
14798,1420,131.78,pos
14799,199,90.92,app
14800,2286,7.97,pos
14801,955,53.27,pos
14802,3246,94.39,web
14803,3432,313.46,web
14804,2387,30.32,web
14805,2159,150.33,web
14806,3930,88.63,web
14807,3985,127.4,app
14808,132,120.22,web
14809,873,105.31,app
14810,2979,141.02,pos
14811,2190,95.52,web
14812,1677,46.71,app
14813,3689,44.4,pos
14814,1692,83.78,app
14815,3830,38.68,web
14816,2820,62.19,web
14817,2735,48.07,web
14818,3931,32.92,web
14819,524,29.18,app
14820,1054,84.76,web
14821,1446,50.54,web
14822,282,24.47,app
14823,2911,82.6,app
14824,3352,43.2,app
14825,3370,57.15,web
14826,992,59.01,web
14827,1157,111.18,web
14828,1440,108.6,pos
14829,765,169.44,pos
14830,1011,66.31,pos
14831,1861,12.26,pos
14832,132,52.15,app
14833,3252,139.57,pos
14834,421,3.79,web
14835,1630,13.05,app
14836,305,51.92,web
14837,415,33.7,web
14838,53,36.02,web
14839,2125,37.66,app
14840,666,94.01,app
14841,3384,105.0,pos
14842,2669,76.65,app
14843,3953,106.41,web
14844,1903,42.95,app
14845,1903,59.28,web
14846,122,28.57,app
14847,3428,44.72,app
14848,3431,80.08,app
14849,3718,176.32,app
14850,3842,88.2,web
14851,1863,61.24,web
14852,3582,6.64,app
14853,2034,282.08,web
14854,1093,116.84,pos
14855,2922,27.36,pos
14856,1134,15.53,web
14857,709,56.24,app
14858,2488,97.21,web
14859,3316,112.05,web
14860,2997,136.45,web
14861,124,51.42,web
14862,2561,76.51,app
14863,3693,233.43,app
14864,1369,73.14,pos
14865,1884,75.24,pos
14866,3685,93.09,app
14867,1134,216.33,app
14868,2936,120.21,pos
14869,1678,124.38,web
14870,2844,9.24,web
14871,1649,151.9,web
14872,1756,166.52,web
14873,2037,15.42,web
14874,924,15.1,app
14875,2288,87.63,app
14876,2802,106.14,web
14877,216,72.62,pos
14878,249,145.4,app
14879,3656,208.51,pos
14880,1045,17.2,pos
14881,3056,225.92,pos
14882,75,105.18,web
14883,2102,17.69,web
14884,420,12.08,app
14885,249,20.67,pos
14886,3482,30.53,web
14887,45,15.22,web
14888,3398,14.3,app
14889,3026,83.9,app
14890,696,51.0,app
14891,1051,117.92,app
14892,978,24.77,web
14893,2211,87.94,pos
14894,1490,190.7,web
14895,3579,61.23,web
14896,127,219.32,app
14897,3617,256.03,app
14898,1138,115.05,pos
14899,3643,88.36,app
14900,102,37.91,app
14901,1167,28.12,pos
14902,1153,102.01,app
14903,3893,56.44,web
14904,845,62.04,app
14905,1175,154.54,app
14906,3534,147.41,pos
14907,538,111.37,web
14908,960,114.92,app
14909,2842,105.01,web
14910,1196,177.55,web
14911,3717,110.11,web
14912,2109,62.15,web
14913,3149,102.49,app
14914,2331,31.19,web
14915,1607,57.35,web
14916,2042,33.52,app
14917,2305,137.57,web
14918,1659,100.15,app
14919,2421,152.23,pos
14920,1038,130.58,web
14921,2354,105.16,web
14922,790,139.98,web
14923,2866,52.34,web
14924,2410,14.15,web
14925,2149,61.52,web
14926,2999,69.51,web
14927,190,14.31,app
14928,995,47.21,web
14929,1320,63.01,web
14930,3842,152.19,pos
14931,3530,40.8,pos
14932,3966,32.06,pos
14933,1601,1.91,web
14934,248,54.81,pos
14935,2973,160.24,pos
14936,1666,257.96,web
14937,3821,214.12,app
14938,3897,65.48,web
14939,3579,232.36,app
14940,1676,100.49,app
14941,1684,56.93,web
14942,3211,26.01,web
14943,3078,112.17,web
14944,873,59.35,web
14945,1983,183.39,web
14946,1131,106.07,web
14947,2874,44.01,app
14948,2918,29.55,web
14949,1279,129.75,app
14950,1370,78.49,app
14951,3464,194.63,app
14952,1563,125.5,web
14953,1404,104.22,pos
14954,911,190.49,app
14955,1149,32.84,pos
14956,63,57.46,web
14957,964,124.55,app
14958,2803,42.26,web
14959,3407,19.79,web
14960,1993,162.42,web
14961,3205,155.79,app
14962,732,12.67,app
14963,1396,43.33,web
14964,3703,22.77,app
14965,1415,21.53,app
14966,116,21.24,pos
14967,2299,189.84,web
14968,3019,250.15,web
14969,3186,217.31,web
14970,1658,89.93,pos
14971,1770,77.38,web
14972,3702,91.93,app
14973,2500,182.79,pos
14974,3249,58.59,app
14975,3647,39.95,app
14976,426,132.88,pos
14977,463,53.66,app
14978,3884,142.97,pos
14979,3281,98.28,web
14980,1179,247.39,web
14981,963,187.39,pos
14982,119,99.7,web
14983,1659,55.04,web
14984,570,49.47,pos
14985,695,175.1,web
14986,1794,54.75,web
14987,506,90.41,web
14988,2740,71.46,web
14989,1980,7.58,web
14990,1592,126.07,pos
14991,308,81.45,web
14992,1989,96.74,app
14993,3365,5.43,app
14994,725,263.14,web
14995,2493,210.17,web
14996,3608,60.59,pos
14997,458,122.13,web
14998,1623,112.57,web
14999,2812,78.94,web
15000,1130,141.47,pos
15001,654,139.54,app
15002,2481,94.56,web
15003,2501,118.4,pos
15004,2161,42.68,web
15005,1070,107.87,web
15006,1245,39.84,pos
15007,2496,221.61,web
15008,818,138.8,web
15009,554,53.19,app
15010,2182,13.06,web
15011,3473,37.26,web
15012,2259,117.34,app
15013,866,13.08,pos
15014,3724,33.11,app
15015,1084,31.89,web
15016,844,72.48,pos
15017,2578,73.56,web
15018,1433,52.52,app
15019,2838,32.78,pos
15020,2329,104.92,web
15021,309,35.44,web
15022,2201,90.63,web
15023,2034,223.4,web
15024,1511,50.55,web
15025,1787,192.75,web
15026,3623,62.69,pos
15027,184,218.98,app
15028,216,47.11,pos
15029,368,61.96,web
15030,1319,100.86,web
15031,1632,21.51,web
15032,2755,66.85,web
15033,364,44.58,web
15034,938,81.73,pos
15035,2991,30.35,web
15036,3690,68.39,pos
15037,3380,93.85,app
15038,1011,350.29,app
15039,3684,3.36,web
15040,223,51.58,web
15041,2166,210.84,web
15042,811,211.36,web
15043,2623,52.79,pos
15044,3069,40.31,web
15045,458,130.27,web
15046,3812,36.5,app
15047,2065,264.19,web
15048,3929,177.66,pos
15049,436,46.33,web
15050,3208,59.09,app
15051,1225,255.99,web
15052,2186,227.22,app
15053,624,68.97,web
15054,1511,130.41,app
15055,1237,193.11,web
15056,758,26.75,app
15057,767,4.29,app
15058,1786,49.12,pos
15059,8,86.3,app
15060,1931,182.39,web
15061,485,39.94,pos
15062,240,38.95,web
15063,1563,10.12,web
15064,977,157.61,pos
15065,1624,159.97,web
15066,3850,92.7,web
15067,2382,223.98,web
15068,1383,107.82,app
15069,1594,47.81,web
15070,430,109.58,app
15071,1610,98.99,pos
15072,230,75.69,pos
15073,3382,134.77,pos
15074,2651,9.2,web
15075,3786,80.24,web
15076,600,167.69,app
15077,1222,43.79,web
15078,2174,80.83,web
15079,2032,56.42,app
15080,3949,80.55,web
15081,318,63.18,app
15082,3093,166.99,app
15083,2123,61.29,web
15084,2928,197.04,web
15085,1142,92.34,app
15086,3922,138.39,web
15087,3590,61.67,web
15088,823,175.44,web
15089,1617,27.75,pos
15090,1230,63.49,web
15091,412,30.23,app
15092,2852,198.73,pos
15093,1401,133.26,web
15094,3469,33.87,app
15095,1475,119.85,web
15096,2382,46.43,web
15097,141,32.21,app
15098,1445,72.13,web
15099,3523,33.54,web
15100,1778,148.74,web
15101,965,14.51,app
15102,2724,17.69,app
15103,1970,121.85,app
15104,3782,93.7,pos
15105,1294,115.19,app
15106,428,67.06,web
15107,3409,31.25,pos
15108,3836,80.69,app
15109,1100,83.01,app
15110,446,81.89,pos
15111,1868,69.44,app
15112,696,145.71,web
15113,2103,344.8,web
15114,1793,32.91,app
15115,1835,49.1,pos
15116,590,39.44,app
15117,3453,86.92,pos
15118,2216,45.37,web
15119,3276,54.57,app
15120,1693,60.73,web
15121,2294,162.49,app
15122,1095,133.08,pos
15123,3883,97.35,web
15124,3447,48.56,app
15125,3809,71.54,web
15126,1566,137.15,pos
15127,3060,31.98,web
15128,3178,21.39,app
15129,3592,23.93,web
15130,1010,237.61,web
15131,1059,161.8,web
15132,3044,121.12,app
15133,346,36.82,web
15134,232,118.22,web
15135,3271,45.97,app
15136,2594,49.24,app
15137,3907,34.24,app
15138,2850,12.84,web
15139,1667,147.5,web
15140,1534,58.1,app
15141,2399,55.04,web
15142,3336,250.53,web
15143,2754,66.87,app
15144,2505,95.96,app
15145,3384,35.06,web
15146,1209,87.89,app
15147,3885,108.47,web
15148,3144,78.94,web
15149,535,55.54,app
15150,1414,118.19,web
15151,1413,77.48,web
15152,1271,46.68,app
15153,917,82.58,web
15154,1547,108.31,app
15155,1488,21.71,pos
15156,3118,31.13,web
15157,1667,62.52,web
15158,2930,99.51,app
15159,1080,168.25,web
15160,2237,92.19,web
15161,2267,38.96,app
15162,3852,119.87,web
15163,1856,153.85,pos
15164,2585,68.72,pos
15165,1593,11.2,pos
15166,1645,45.87,web
15167,1730,44.09,web
15168,3275,18.8,pos
15169,2593,35.49,web
15170,2498,106.57,pos
15171,286,121.75,app
15172,3172,157.71,web
15173,1892,21.26,web
15174,2691,66.16,pos
15175,1904,57.33,web
15176,3570,119.81,app
15177,2509,98.33,app
15178,3788,120.23,web
15179,1445,42.1,web
15180,3887,118.12,app
15181,1879,114.83,pos
15182,3094,192.93,web
15183,1395,83.84,app
15184,3545,175.91,web
15185,3138,66.79,pos
15186,1162,52.8,web
15187,216,96.72,web
15188,3249,272.16,pos
15189,1361,40.24,app
15190,3735,58.13,pos
15191,2870,59.03,pos
15192,1751,54.13,app
15193,2416,224.86,web
15194,675,35.98,app
15195,2248,172.14,web
15196,978,64.65,pos
15197,717,75.37,pos
15198,1862,149.76,web
15199,1069,105.45,app
15200,474,13.06,web
15201,2071,104.91,web
15202,3008,160.89,web
15203,1980,137.35,pos
15204,975,119.41,web
15205,2200,44.08,web
15206,358,100.85,app
15207,2165,41.65,web
15208,1878,18.98,web
15209,2335,48.48,app
15210,1440,66.32,pos
15211,973,133.05,app
15212,240,174.96,pos
15213,657,34.75,app
15214,1828,30.02,pos
15215,2339,53.7,web
15216,864,262.61,pos
15217,1839,42.5,pos
15218,444,176.2,app
15219,1597,116.96,web
15220,371,197.82,web
15221,945,57.25,app
15222,2592,5.27,web
15223,2839,153.93,web
15224,3169,104.58,web
15225,1995,67.2,web
15226,548,58.24,web
15227,3427,66.65,web
15228,2834,127.95,app
15229,979,90.37,app
15230,2632,18.32,web
15231,73,73.28,app
15232,2204,42.6,web
15233,77,26.65,app
15234,2193,25.69,web
15235,1806,110.85,pos
15236,2830,61.06,pos
15237,385,91.75,app
15238,858,37.58,web
15239,2521,46.47,web
15240,1138,19.06,app
15241,409,122.82,app
15242,1989,182.4,web
15243,3997,29.8,web
15244,2850,85.05,web
15245,1642,48.98,web
15246,934,35.82,web
15247,401,148.77,app
15248,808,29.69,pos
15249,945,10.37,web
15250,2034,133.56,app
15251,543,132.94,pos
15252,1566,31.51,web
15253,49,95.71,web
15254,3879,186.59,app
15255,2374,39.49,app
15256,1911,59.99,pos
15257,1218,65.6,web
15258,2935,61.26,app
15259,1603,142.37,app
15260,383,9.03,web
15261,208,142.31,app
15262,1156,53.54,web
15263,676,126.75,web
15264,3973,53.81,web
15265,1322,36.78,web
15266,3162,25.09,web
15267,1589,14.05,app
15268,3282,102.25,web
15269,2904,64.94,app
15270,528,140.29,app
15271,1334,98.43,pos
15272,3225,65.61,web
15273,3791,53.27,app
15274,1683,34.51,web
15275,1169,55.93,web
15276,174,181.4,pos
15277,1835,51.94,app
15278,1560,66.49,web
15279,3858,100.91,app
15280,2730,147.72,web
15281,1638,220.68,app
15282,1735,19.85,app
15283,1161,38.02,pos
15284,2216,13.78,pos
15285,3261,22.88,web
15286,3794,72.21,web
15287,1560,18.31,web
15288,392,89.07,app
15289,3613,21.89,pos
15290,2160,149.82,app
15291,419,49.6,pos
15292,794,127.55,web
15293,548,29.97,pos
15294,2947,133.98,app
15295,1336,106.8,app
15296,1507,27.4,web
15297,2415,63.37,web
15298,3353,21.04,pos
15299,3113,39.22,web
15300,2225,101.05,web
15301,1999,39.6,pos
15302,2290,36.56,pos
15303,3183,104.53,web
15304,3794,100.1,web
15305,1586,62.09,app
15306,2993,40.88,web
15307,364,77.31,web
15308,809,122.68,web
15309,1715,52.88,web
15310,3547,59.22,app
15311,934,87.5,app
15312,1093,64.71,pos
15313,310,60.55,app
15314,1923,46.93,web
15315,1946,11.84,app
15316,985,85.65,web
15317,591,157.09,web
15318,1376,40.72,web
15319,2382,75.01,app
15320,729,60.71,web
15321,3719,123.31,app
15322,2705,30.32,app
15323,3879,57.85,app
15324,3987,43.25,web
15325,1073,63.15,web
15326,3153,146.52,web
15327,3512,121.43,pos
15328,923,48.67,web
15329,2073,79.44,web
15330,2400,56.94,app
15331,1921,14.85,web
15332,2027,64.17,web
15333,275,196.55,web
15334,825,85.51,web
15335,1590,35.14,web
15336,2819,80.33,web
15337,1705,27.67,web
15338,3575,316.07,web
15339,3775,29.28,app
15340,285,93.06,app
15341,1325,72.22,app
15342,3003,113.12,app
15343,3361,13.05,web
15344,1627,23.74,web
15345,833,110.14,app
15346,1294,156.22,web
15347,130,121.46,app
15348,3976,35.3,web
15349,821,58.13,web
15350,1204,90.75,pos
15351,3912,80.51,web
15352,2092,128.64,pos
15353,2337,20.95,web
15354,2491,81.06,app
15355,2425,79.89,web
15356,3289,117.07,web
15357,1548,41.86,web
15358,1471,121.26,web
15359,1988,76.76,pos
15360,3169,180.4,app
15361,181,46.66,app
15362,881,49.63,app
15363,487,102.16,app
15364,3874,160.53,web
15365,1386,70.53,web
15366,2042,19.6,app
15367,1712,114.91,web
15368,636,10.23,pos
15369,672,74.73,app
15370,3995,129.19,pos
15371,3919,29.15,web
15372,3191,54.43,pos
15373,1395,145.06,app
15374,2433,81.52,app
15375,257,156.65,web
15376,2732,4.38,web
15377,620,97.74,app
15378,2982,46.18,web
15379,3770,38.71,web
15380,334,33.22,pos
15381,243,24.54,pos
15382,3425,71.4,web
15383,3443,76.63,web
15384,189,31.41,web
15385,1057,39.64,web
15386,173,146.74,app
15387,3484,65.85,app
15388,17,55.97,web
15389,1320,211.05,web
15390,3953,60.9,web
15391,3434,59.43,web
15392,495,64.01,app
15393,1842,12.55,pos
15394,1019,94.93,app
15395,21,64.72,web
15396,1723,110.58,app
15397,2334,64.89,pos
15398,2141,60.58,app
15399,853,359.29,web
15400,3111,202.53,app
15401,3655,108.86,web
15402,2799,140.47,app
15403,1553,36.19,pos
15404,3154,77.85,web
15405,3952,13.73,app
15406,3660,85.15,pos
15407,28,63.97,app
15408,684,89.35,app
15409,1747,40.63,web
15410,3514,29.66,web
15411,1408,3.44,web
15412,1838,81.15,pos
15413,590,51.06,web
15414,2314,120.41,app
15415,2720,110.64,web
15416,201,19.6,app
15417,2277,28.79,app
15418,1665,91.49,web
15419,3068,66.11,web
15420,3380,76.61,pos
15421,1613,152.12,web
15422,1582,67.51,web
15423,1861,112.55,web
15424,1881,70.31,app
15425,3817,178.22,app
15426,3881,139.06,app
15427,2763,82.0,pos
15428,3734,30.15,pos
15429,928,140.39,web
15430,275,40.81,web
15431,2955,29.96,app
15432,1420,24.67,pos
15433,3904,141.3,app
15434,477,8.06,web
15435,1157,127.01,pos
15436,478,153.4,web
15437,1638,126.91,pos
15438,540,133.78,web
15439,891,59.1,web
15440,3238,93.4,web
15441,2419,31.3,app
15442,2850,135.54,web
15443,3392,17.28,pos
15444,1046,49.26,web
15445,1766,97.39,app
15446,498,191.0,app
15447,1762,134.42,pos
15448,1235,63.65,app
15449,706,236.22,web
15450,1606,129.93,app
15451,1567,193.72,app
15452,1223,71.16,web
15453,3989,77.1,web
15454,951,24.45,web
15455,3116,98.41,app
15456,3916,129.33,web
15457,904,40.69,pos
15458,777,33.93,pos
15459,969,66.15,app
15460,367,50.96,pos
15461,3467,87.33,web
15462,2858,59.83,web
15463,530,55.33,web
15464,486,105.67,app
15465,104,127.89,app
15466,548,47.61,app
15467,2549,33.29,app
15468,744,136.02,web
15469,3199,247.56,web
15470,2338,100.89,web
15471,3315,18.91,web
15472,435,27.42,web
15473,2266,75.43,web
15474,2145,12.87,app
15475,3801,20.09,app
15476,1895,117.52,pos
15477,778,142.27,web
15478,1739,56.93,pos
15479,2739,83.78,web
15480,15,139.18,app
15481,3846,148.5,app
15482,1781,43.53,pos
15483,1725,14.94,app
15484,2866,108.22,app
15485,2265,61.11,app
15486,3874,284.65,web
15487,704,171.17,web
15488,337,111.81,web
15489,1958,63.35,web
15490,2539,61.66,web
15491,704,17.56,app
15492,2471,80.23,app
15493,3981,118.16,web
15494,3680,138.89,app
15495,3913,17.78,web
15496,2524,66.07,web
15497,1360,48.09,app
15498,2172,26.09,web
15499,740,285.22,web
15500,1201,82.83,web
15501,3567,134.69,web
15502,1714,123.13,web
15503,1399,44.71,pos
15504,3275,44.3,app
15505,3190,118.33,web
15506,728,206.44,web
15507,2671,107.46,web
15508,3775,108.13,pos
15509,3104,28.15,web
15510,1999,189.13,app
15511,2987,44.44,web
15512,1504,67.58,web
15513,2215,14.12,web
15514,3850,56.66,app
15515,3087,91.55,app
15516,3298,167.07,app
15517,857,26.27,app
15518,331,80.43,web
15519,2841,29.17,web
15520,1897,54.95,app
15521,1027,193.37,app
15522,39,27.12,web
15523,2128,162.8,web
15524,3749,40.21,web
15525,2522,317.44,web
15526,1261,155.76,pos
15527,1474,48.29,web
15528,3506,160.46,web
15529,113,47.36,app
15530,2385,75.25,web
15531,546,18.56,web
15532,1931,111.82,app
15533,2794,97.27,app
15534,2920,179.53,app
15535,47,49.64,app
15536,497,21.52,web
15537,2114,14.48,web
15538,3435,36.83,app
15539,2331,59.7,web
15540,1405,101.61,app
15541,964,71.03,web
15542,1867,123.52,pos
15543,1103,221.73,app
15544,3164,30.68,web
15545,1657,226.45,app
15546,1866,29.32,pos
15547,1040,113.99,web
15548,2954,158.39,app
15549,3612,28.36,web
15550,3865,108.86,web
15551,1256,44.19,pos
15552,2151,149.13,app
15553,3311,143.85,app
15554,486,220.95,app
15555,1884,22.57,pos
15556,1159,98.77,web
15557,3520,107.01,app
15558,3001,68.94,app
15559,1224,42.9,app
15560,2621,29.1,app
15561,2489,169.54,web
15562,530,112.08,app
15563,1805,96.1,web
15564,1664,106.43,pos
15565,377,78.85,web
15566,1309,9.03,web
15567,790,158.0,app
15568,1461,35.44,app
15569,1943,50.02,web
15570,1578,93.76,web
15571,3069,332.88,pos
15572,3657,184.82,pos
15573,3209,51.24,pos
15574,1046,71.36,app
15575,2357,8.61,web
15576,1414,41.56,web
15577,2815,136.99,pos
15578,822,117.68,web
15579,3060,19.74,web
15580,2100,34.41,web
15581,3690,82.47,pos
15582,3752,76.42,web
15583,1931,89.72,app
15584,1856,238.85,pos
15585,1651,16.67,app
15586,228,6.29,pos
15587,1943,126.76,web
15588,2538,5.22,app
15589,152,190.81,app
15590,436,66.52,app
15591,240,142.91,app
15592,1143,91.88,app
15593,282,189.3,web
15594,101,150.53,pos
15595,448,59.42,app
15596,1101,164.38,pos
15597,2350,88.15,app
15598,314,21.09,app
15599,1024,9.47,app
15600,3673,103.28,app
15601,1738,71.85,web
15602,1716,363.05,web
15603,34,43.33,web
15604,3038,142.99,app
15605,3396,81.49,app
15606,1739,95.16,web
15607,350,78.27,pos
15608,1841,186.71,app
15609,1089,106.09,web
15610,2505,85.36,web
15611,1773,5.79,app
15612,2067,10.52,web
15613,2825,45.66,web
15614,162,274.7,pos
15615,2417,56.67,web
15616,2563,75.93,app
15617,590,48.46,web
15618,472,89.08,app
15619,1078,57.27,web
15620,1382,121.66,pos
15621,3029,85.46,pos
15622,3473,127.26,app
15623,894,33.07,web
15624,1527,24.72,web
15625,3907,6.69,web
15626,3550,36.87,web
15627,1025,61.94,web
15628,745,164.02,web
15629,2665,102.07,web
15630,3044,133.08,app
15631,12,90.09,web
15632,1664,145.2,web
15633,3996,190.52,web
15634,3945,84.52,app
15635,2460,40.17,app
15636,3810,67.03,web
15637,1650,25.27,web
15638,970,51.47,pos
15639,1926,94.83,app
15640,297,159.91,pos
15641,1330,67.76,app
15642,2260,91.07,pos
15643,3535,9.64,web
15644,1025,174.85,web
15645,2545,92.47,web
15646,1755,12.04,web
15647,739,151.33,web
15648,2270,142.79,web
15649,2511,106.62,pos
15650,1997,180.31,app
15651,388,112.22,web
15652,1528,207.37,web
15653,1737,42.24,web
15654,1517,83.39,app
15655,2172,7.99,web
15656,1395,71.28,pos
15657,3084,13.19,web
15658,3502,99.5,web
15659,936,227.1,web
15660,3980,172.62,web
15661,3978,62.31,app
15662,1559,65.04,web
15663,1007,108.33,web
15664,2517,115.74,app
15665,2405,129.18,web
15666,2200,110.13,app
15667,2510,113.46,app
15668,1898,52.65,web
15669,2904,30.38,web
15670,2063,23.12,web
15671,539,35.06,web
15672,1146,53.43,web
15673,651,21.69,pos
15674,1222,86.16,web
15675,31,149.05,pos
15676,2181,101.31,app
15677,2547,161.6,app
15678,636,102.29,web
15679,2707,67.64,web
15680,1341,95.11,web
15681,548,7.27,app
15682,1118,190.85,web
15683,2288,149.59,pos
15684,2395,94.04,pos
15685,2776,128.79,web
15686,2627,114.06,pos
15687,2557,206.11,app
15688,2006,110.36,pos
15689,2727,20.6,app
15690,3826,155.62,app
15691,2770,69.69,pos
15692,1460,32.58,pos
15693,1331,88.01,web
15694,2886,206.18,pos
15695,1053,103.54,web
15696,859,199.36,app
15697,245,85.43,app
15698,3142,14.59,web
15699,1518,71.42,web
15700,3226,137.57,pos
15701,728,69.38,app
15702,875,148.25,app
15703,848,36.03,app
15704,3635,74.8,web
15705,753,192.95,web
15706,3736,99.04,web
15707,1873,46.6,app
15708,3386,208.8,pos
15709,1603,93.88,app
15710,1807,61.42,web
15711,1396,23.11,app
15712,120,77.32,web
15713,863,31.82,web
15714,1651,92.34,app
15715,3775,94.56,app
15716,2278,136.76,app
15717,3943,50.42,pos
15718,317,99.1,web
15719,1949,113.52,web
15720,1171,107.56,pos
15721,3707,164.75,web
15722,449,233.26,web
15723,583,77.98,pos
15724,1335,200.67,web
15725,1765,83.06,pos
15726,1158,178.01,web
15727,2060,276.76,app
15728,743,311.82,web
15729,2831,121.83,pos
15730,167,91.74,web
15731,3131,40.72,web
15732,1345,93.65,app
15733,363,139.52,pos
15734,147,33.48,app
15735,2398,239.57,app
15736,3952,58.84,pos
15737,1544,14.02,pos
15738,3792,88.48,pos
15739,1888,39.32,web
15740,2639,124.81,web
15741,3009,279.67,web
15742,1009,39.98,web
15743,2953,16.25,web
15744,2619,12.24,web
15745,2104,241.28,pos
15746,2905,52.09,app
15747,3445,112.6,web
15748,2451,75.37,web
15749,1983,69.53,web
15750,2994,58.99,pos
15751,2599,14.83,app
15752,1603,150.18,pos
15753,3778,23.22,web
15754,2686,33.6,web
15755,3503,61.09,pos
15756,1889,41.54,web
15757,2041,61.7,web
15758,1610,71.43,web
15759,2361,223.49,app
15760,2651,64.27,web
15761,3030,48.53,web
15762,761,143.46,web
15763,786,160.8,app
15764,3434,70.21,app
15765,761,104.2,pos
15766,2803,128.31,app
15767,3430,72.28,web
15768,1940,2.97,web
15769,3794,137.64,app
15770,1437,57.78,app
15771,568,78.8,web
15772,847,85.63,pos
15773,1995,134.02,app
15774,3863,17.3,web
15775,3868,40.3,web
15776,1777,160.97,web
15777,3266,54.3,app
15778,1121,62.45,pos
15779,3996,26.65,pos
15780,2283,346.44,pos
15781,1740,67.05,app
15782,1883,92.92,app
15783,3849,84.01,web
15784,185,136.92,web
15785,771,13.06,web
15786,1420,149.4,app
15787,263,103.71,web
15788,3461,201.42,web
15789,2744,56.89,app
15790,2717,83.26,web
15791,2025,63.66,app
15792,3641,114.64,pos
15793,2418,85.01,app
15794,2119,19.75,web
15795,2574,29.39,web
15796,2380,36.14,app
15797,3056,61.84,web
15798,1656,158.66,app
15799,2917,151.86,web
15800,3179,85.01,web
15801,2171,111.45,web
15802,1837,139.75,web
15803,613,97.78,web
15804,3752,319.31,web
15805,3215,103.06,web
15806,2881,194.6,web
15807,1385,104.51,web
15808,1211,78.89,app
15809,476,69.43,web
15810,326,141.4,pos
15811,2880,144.91,app
15812,1345,58.08,app
15813,466,122.92,pos
15814,2157,40.84,web
15815,1815,152.25,web
15816,2489,74.76,app
15817,2332,44.96,web
15818,867,130.72,app
15819,3651,50.66,web
15820,3454,35.33,pos
15821,993,102.07,app
15822,1386,64.68,web
15823,1557,67.95,web
15824,2819,91.92,web
15825,2036,111.05,web
15826,593,67.16,app
15827,1743,44.67,app
15828,619,143.92,web
15829,297,59.6,web
15830,1398,178.87,app
15831,3272,29.11,web
15832,683,172.08,web
15833,3590,157.97,app
15834,3587,73.4,web
15835,628,64.8,app
15836,2400,45.82,app
15837,3180,112.56,app
15838,3954,47.4,app
15839,161,84.66,pos
15840,2848,61.46,app
15841,412,81.0,web
15842,1442,67.41,pos
15843,3333,49.88,web
15844,1867,180.51,web
15845,2784,32.83,app
15846,2110,49.71,web
15847,3488,50.42,web
15848,3990,19.85,app
15849,1126,53.53,pos
15850,2429,77.32,pos
15851,2541,52.72,web
15852,3165,34.09,web
15853,1769,65.9,app
15854,1478,90.56,app
15855,3980,235.16,web
15856,2524,58.59,app
15857,1648,21.23,web
15858,940,71.34,app
15859,358,89.02,web
15860,1665,96.14,web
15861,2287,28.72,web
15862,901,102.59,web
15863,3695,65.49,pos
15864,1550,243.21,pos
15865,747,56.14,app
15866,1540,6.08,app
15867,3750,72.22,web
15868,1468,67.29,web
15869,2886,57.88,app
15870,116,60.79,app
15871,3450,18.22,pos
15872,2178,48.64,web
15873,3064,48.28,web
15874,2334,34.37,web
15875,3597,24.91,web
15876,3135,146.13,app
15877,2724,49.19,web
15878,2294,110.68,app
15879,1929,63.29,app
15880,2945,69.43,pos
15881,44,61.24,app
15882,3380,37.82,web
15883,111,77.51,web
15884,677,24.91,pos
15885,540,53.34,web
15886,2817,154.46,app
15887,912,54.22,web
15888,1979,21.4,web
15889,1043,142.24,app
15890,2748,58.23,pos
15891,69,38.38,app
15892,1701,188.51,web
15893,366,23.97,app
15894,296,9.1,web
15895,675,126.32,web
15896,1561,192.73,pos
15897,1653,172.95,app
15898,1301,169.57,web
15899,95,81.39,app
15900,1002,109.42,app
15901,1715,115.64,web
15902,121,98.64,web
15903,2953,31.81,pos
15904,792,127.18,web
15905,2512,168.54,app
15906,3858,75.46,app
15907,1374,10.72,pos
15908,650,49.64,web
15909,3171,38.64,web
15910,1568,142.61,pos
15911,756,90.99,web
15912,1340,161.01,pos
15913,2762,109.51,web
15914,2005,36.63,pos
15915,1527,95.94,app
15916,1935,6.51,pos
15917,473,114.04,web
15918,1875,67.56,app
15919,1531,48.61,app
15920,1061,30.26,app
15921,3748,15.09,web
15922,93,37.55,pos
15923,679,58.37,app
15924,2765,23.38,pos
15925,183,76.2,pos
15926,1014,89.13,web
15927,963,80.51,app
15928,2518,252.68,web
15929,370,107.83,web
15930,274,40.12,pos
15931,104,41.6,pos
15932,1842,195.89,app
15933,2206,103.42,app
15934,1102,95.1,web
15935,879,149.97,web
15936,3812,12.74,web
15937,2406,91.41,web
15938,3217,12.44,web
15939,661,38.18,web
15940,686,111.8,web
15941,645,61.05,pos
15942,2599,93.01,pos
15943,1977,91.57,web
15944,586,50.92,pos
15945,1563,75.68,web
15946,1845,134.17,pos
15947,2869,61.05,web
15948,841,65.67,pos
15949,1238,111.21,web
15950,1778,42.95,web
15951,898,226.78,web
15952,222,71.42,pos
15953,1642,83.96,web
15954,424,17.85,app
15955,2427,54.8,web
15956,2372,58.22,app
15957,3136,50.05,pos
15958,1688,49.51,app
15959,3332,87.69,pos
15960,2181,161.44,web
15961,3140,73.72,app
15962,3709,68.45,app
15963,3466,108.19,app
15964,1107,57.06,app
15965,1919,73.48,app
15966,304,206.47,web
15967,1613,39.69,web
15968,1554,67.48,web
15969,1617,40.28,app
15970,1321,127.13,web
15971,1047,36.18,pos
15972,1697,61.89,app
15973,1350,18.5,web
15974,248,70.0,app
15975,747,44.23,web
15976,2985,193.86,pos
15977,1028,73.98,pos
15978,623,174.39,web
15979,3016,65.48,web
15980,1252,174.28,app
15981,2365,118.67,app
15982,413,157.72,app
15983,171,121.37,web
15984,2474,22.33,web
15985,2511,81.59,web
15986,3151,111.09,web
15987,3937,45.95,web
15988,2591,57.2,web
15989,3400,120.77,web
15990,761,138.27,app
15991,3646,90.17,app
15992,306,124.03,app
15993,1707,79.23,pos
15994,564,29.16,app
15995,3829,156.7,app
15996,332,81.0,web
15997,2275,135.66,app
15998,677,22.22,app
15999,704,43.39,web
16000,3234,215.34,web
16001,213,31.82,app
16002,1801,68.4,web
16003,1315,26.45,web
16004,303,78.56,web
16005,1351,69.39,web
16006,439,57.23,web
16007,3327,145.57,web
16008,2132,68.65,pos
16009,8,40.77,web
16010,3907,38.05,web
16011,3586,46.51,web
16012,3467,110.44,web
16013,3927,22.23,app
16014,448,97.73,app
16015,2384,100.1,app
16016,2634,8.29,web
16017,2444,93.06,web
16018,3296,40.93,app
16019,488,214.99,web
16020,3054,76.54,app
16021,2250,32.54,app
16022,1074,86.38,web
16023,2094,8.91,web
16024,3993,45.5,app
16025,1880,82.5,web
16026,1098,107.72,web
16027,898,47.07,web
16028,3853,111.87,app
16029,2417,70.25,web
16030,1584,273.69,web
16031,2214,90.2,app
16032,1581,58.68,web
16033,672,132.64,pos
16034,2923,111.64,web
16035,1713,62.81,app
16036,2670,36.41,web
16037,2486,244.49,web
16038,3532,158.78,app
16039,1363,33.15,app
16040,3708,52.91,web
16041,1259,72.43,app
16042,1190,168.49,web
16043,1132,71.34,pos
16044,1043,30.31,app
16045,3665,118.24,app
16046,3337,252.13,web
16047,3126,10.66,web
16048,759,62.78,pos
16049,1512,14.65,web
16050,1200,71.19,pos
16051,989,71.05,app
16052,3215,275.43,web
16053,1580,71.65,web
16054,3517,34.63,app
16055,1885,129.85,pos
16056,877,42.98,web
16057,1399,260.21,web
16058,3211,149.29,app
16059,397,45.61,pos
16060,2216,50.4,web
16061,1383,59.24,web
16062,3307,58.99,web
16063,3246,68.7,web
16064,646,166.12,pos
16065,3819,35.27,pos
16066,420,94.29,web
16067,1806,32.72,app
16068,3354,53.51,web
16069,2139,54.6,app
16070,1745,59.53,web
16071,1587,100.06,pos
16072,588,30.47,pos
16073,1710,29.25,web
16074,3105,104.29,web
16075,151,77.8,pos
16076,3564,82.71,web
16077,3906,11.19,pos
16078,3076,116.37,web
16079,3349,89.22,app
16080,334,25.23,pos
16081,3399,61.29,web
16082,2247,197.72,web
16083,3668,107.63,app
16084,2828,179.35,web
16085,68,45.71,app
16086,482,101.78,pos
16087,1418,215.35,app
16088,3809,71.52,app
16089,2063,80.7,app
16090,874,89.17,app
16091,971,64.87,web
16092,2652,152.79,app
16093,2046,57.91,web
16094,1417,20.61,web
16095,2093,173.46,app
16096,3845,175.22,web
16097,2958,42.62,pos
16098,2030,143.76,app
16099,3636,146.11,pos
16100,3271,99.28,web
16101,3467,27.61,web
16102,92,283.08,pos
16103,2833,83.54,app
16104,2330,95.76,app
16105,1166,29.7,web
16106,1252,43.31,pos
16107,127,19.1,web
16108,2528,41.27,web
16109,1546,101.36,pos
16110,1564,50.11,web
16111,1151,46.07,app
16112,1508,70.17,web
16113,3709,45.55,web
16114,1852,149.8,web
16115,3758,143.84,web
16116,1894,96.96,app
16117,2169,74.83,web
16118,2994,302.52,pos
16119,1372,20.14,web
16120,3066,62.07,web
16121,1327,21.94,web
16122,938,91.66,app
16123,3378,65.64,web
16124,3657,77.14,app
16125,491,58.05,app
16126,3738,40.89,app
16127,2065,46.77,app
16128,2608,53.83,web
16129,438,69.74,web
16130,3978,76.93,app
16131,440,20.16,web
16132,780,28.41,web
16133,2813,67.08,web
16134,3848,45.47,web
16135,394,30.27,app
16136,1680,75.32,pos
16137,3967,171.5,app
16138,498,130.82,web
16139,2514,87.92,web
16140,1742,86.2,app
16141,494,44.19,web
16142,3181,36.46,app
16143,2725,93.25,web
16144,2371,30.02,app
16145,1352,67.41,web
16146,3929,97.95,app
16147,2108,98.82,app
16148,2310,64.74,app
16149,1329,70.45,app
16150,2800,72.47,web
16151,716,143.09,web
16152,3264,388.85,web
16153,3535,28.08,web
16154,2712,95.75,web
16155,3996,31.61,web
16156,1085,22.96,app
16157,3955,7.37,pos
16158,2354,73.24,app
16159,2643,45.61,web
16160,3716,54.62,web
16161,1090,54.78,pos
16162,1405,104.03,app
16163,1209,133.91,app
16164,1088,197.09,web
16165,3528,31.6,web
16166,117,37.43,pos
16167,1372,145.28,web
16168,318,89.84,web
16169,3190,89.95,pos
16170,781,48.67,web
16171,228,103.22,web
16172,208,157.9,web
16173,25,72.33,web
16174,2022,36.42,web
16175,479,266.53,pos
16176,2703,57.25,web
16177,1762,102.49,web
16178,1564,196.09,app
16179,534,126.8,web
16180,2842,71.23,pos
16181,2597,37.8,app
16182,3165,59.36,pos
16183,3537,16.97,app
16184,608,189.9,web
16185,1130,44.86,web
16186,2663,156.79,web
16187,1466,66.51,app
16188,404,55.94,app
16189,2254,70.5,web
16190,1563,51.0,web
16191,546,104.23,web
16192,3093,88.8,web
16193,448,55.23,app
16194,1406,68.05,app
16195,2161,319.03,app
16196,1328,70.18,app
16197,1499,37.36,app
16198,1490,41.71,app
16199,3467,92.4,pos
16200,3734,93.86,pos
16201,607,67.86,pos
16202,2636,75.91,web
16203,3385,30.44,web
16204,2675,54.01,app
16205,2936,56.93,app
16206,3192,127.56,app
16207,910,36.12,web
16208,2926,52.34,web
16209,3406,84.94,app
16210,2800,99.42,app
16211,708,52.86,web
16212,2436,194.6,web
16213,3119,94.06,web
16214,915,79.13,app
16215,2168,82.09,app
16216,3385,113.06,pos
16217,2001,24.2,web
16218,484,19.55,app
16219,2053,80.09,app
16220,3178,4.95,pos
16221,1051,63.69,web
16222,557,79.2,pos
16223,833,190.89,app
16224,1860,132.4,app
16225,356,129.29,app
16226,594,88.47,web
16227,1315,131.57,app
16228,3042,19.73,pos
16229,940,41.44,pos
16230,2607,155.25,app
16231,3326,153.22,app
16232,3630,63.52,pos
16233,92,193.49,web
16234,1181,60.32,app
16235,2263,43.16,app
16236,2292,34.58,web
16237,2405,97.43,app
16238,953,50.83,app
16239,2460,31.29,web
16240,1756,33.53,pos
16241,1566,221.68,app
16242,2252,61.37,app
16243,2407,7.39,web
16244,3846,76.28,web
16245,536,56.61,web
16246,356,96.5,app
16247,3025,20.65,pos
16248,1333,178.61,web
16249,1712,203.37,app
16250,510,19.91,web
16251,341,255.85,app
16252,1360,60.65,web
16253,2951,183.72,web
16254,38,179.39,app
16255,3288,97.81,web
16256,615,51.71,app
16257,1996,155.1,web
16258,3929,55.56,web
16259,3340,78.55,app
16260,486,28.19,web
16261,2382,49.7,web
16262,102,173.75,web
16263,2021,172.18,web
16264,1930,61.3,app
16265,1577,15.15,app
16266,3567,15.28,pos
16267,3959,146.32,pos
16268,1768,45.87,app
16269,3983,107.5,web
16270,3564,43.17,pos
16271,42,206.77,pos
16272,2109,59.58,web
16273,15,79.13,app
16274,1311,29.64,pos
16275,321,11.42,app
16276,3231,69.79,web
16277,2919,103.36,web
16278,1295,65.1,app
16279,738,95.62,pos
16280,139,63.26,app
16281,1132,128.11,pos
16282,1579,74.86,web
16283,409,75.69,web
16284,899,121.64,web
16285,1579,78.94,app
16286,353,36.23,web
16287,2376,126.33,web
16288,845,87.39,app
16289,2437,150.99,web
16290,335,72.59,pos
16291,1237,79.22,app
16292,1054,167.54,app
16293,2469,58.53,app
16294,2188,185.67,app
16295,2789,31.62,app
16296,2612,192.03,app
16297,455,102.95,app
16298,3629,222.79,web
16299,1192,83.75,app
16300,418,77.48,app
16301,3906,66.27,web
16302,999,69.61,app
16303,2495,97.87,web
16304,1653,36.7,app
16305,196,52.05,web
16306,3726,149.08,web
16307,803,91.47,web
16308,1077,70.79,web
16309,1361,22.66,web
16310,1928,95.02,web
16311,568,36.33,app
16312,872,151.57,web
16313,137,44.72,pos
16314,3889,87.76,web
16315,2301,54.54,app
16316,2620,105.87,app
16317,3201,100.12,pos
16318,2007,93.67,web
16319,1360,54.54,web
16320,1616,57.53,web
16321,2801,40.3,web
16322,3554,95.78,web
16323,340,37.76,pos
16324,3983,127.51,web
16325,1754,52.12,app
16326,2913,115.7,web
16327,3278,69.86,app
16328,2346,26.73,web
16329,316,304.41,web
16330,3793,33.86,app
16331,2131,147.34,pos
16332,3906,99.7,app
16333,376,92.82,app
16334,495,105.93,web
16335,384,11.1,app
16336,3486,46.1,pos
16337,125,289.43,web
16338,2965,84.0,web
16339,1896,14.05,app
16340,3158,102.16,web
16341,1249,114.74,web
16342,2214,48.0,web
16343,943,147.4,pos
16344,3842,108.83,app
16345,470,93.63,web
16346,2569,81.11,app
16347,1388,151.91,app
16348,2228,124.02,app
16349,2682,62.12,web
16350,3269,48.24,app
16351,2781,99.9,web
16352,216,77.17,app
16353,684,228.42,app
16354,1528,69.74,web
16355,2097,25.32,web
16356,3037,49.9,web
16357,1148,75.89,app
16358,190,349.41,web
16359,1050,179.98,app
16360,1111,65.14,app
16361,257,60.93,pos
16362,1975,114.95,pos
16363,1572,46.06,web
16364,3098,17.69,web
16365,919,93.76,pos
16366,2697,74.92,web
16367,3497,39.1,app
16368,3192,144.19,web
16369,1104,74.53,app
16370,3943,215.31,web
16371,93,226.85,app
16372,2472,63.06,app
16373,2095,61.63,web
16374,2608,254.92,web
16375,313,132.25,web
16376,1027,219.17,web
16377,2141,62.35,web
16378,3441,71.13,web
16379,1531,35.61,web
16380,33,66.28,app
16381,184,36.8,web
16382,2688,103.26,app
16383,1,18.07,web
16384,244,199.94,app
16385,1032,47.17,web
16386,2328,112.01,web
16387,2491,162.12,web
16388,3260,128.56,pos
16389,1826,9.62,app
16390,3811,72.4,web
16391,1464,14.62,pos
16392,1280,39.79,app
16393,1736,30.98,app
16394,3003,89.37,web
16395,2968,61.14,web
16396,219,123.44,app
16397,2699,2.54,web
16398,3377,49.66,web
16399,2943,93.77,web
16400,3786,72.46,web
16401,2992,28.68,web
16402,3547,83.15,pos
16403,427,24.15,pos
16404,2728,44.48,web
16405,184,120.43,pos
16406,2087,52.1,web
16407,3157,37.48,app
16408,1168,13.21,web
16409,1617,111.8,pos
16410,1064,98.32,app
16411,1710,45.93,web
16412,925,46.14,web
16413,3197,53.25,web
16414,1126,110.29,web
16415,2331,105.42,pos
16416,1898,75.01,web
16417,78,87.75,app
16418,3018,28.63,web
16419,363,29.09,app
16420,2939,79.01,app
16421,3386,50.51,web
16422,3207,62.3,web
16423,252,46.07,app
16424,2702,103.53,app
16425,3829,100.34,pos
16426,3032,111.26,app
16427,928,275.16,app
16428,2383,166.81,web
16429,755,69.17,app
16430,1162,128.4,app
16431,131,51.92,app
16432,2812,124.62,web
16433,1620,6.86,web
16434,3936,52.95,app
16435,1897,36.43,app
16436,3446,74.42,app
16437,3106,110.71,web
16438,1163,103.95,web
16439,1670,84.19,app
16440,2563,78.63,web
16441,3202,34.23,web
16442,933,108.27,web
16443,1815,62.45,app
16444,1332,86.57,pos
16445,2320,58.99,web
16446,2244,139.23,web
16447,3503,101.63,web
16448,3981,92.92,web
16449,1134,135.23,pos
16450,3793,68.23,app
16451,1421,134.09,app
16452,44,250.59,web
16453,1732,13.54,web
16454,3510,56.8,web
16455,3067,169.94,web
16456,3819,203.14,web
16457,711,202.72,app
16458,3227,17.11,web
16459,2355,26.78,pos
16460,1085,45.02,web
16461,2693,226.08,web
16462,2404,65.37,app
16463,1130,186.17,web
16464,2496,35.64,web
16465,216,49.46,web
16466,2336,42.15,app
16467,3660,85.16,web
16468,839,175.68,app
16469,2259,129.13,web
16470,1377,25.85,pos
16471,1626,169.54,pos
16472,3269,86.76,pos
16473,3387,53.77,app
16474,1138,172.01,web
16475,2957,73.12,web
16476,775,63.18,app
16477,2492,60.48,app
16478,811,11.93,web
16479,779,16.14,app
16480,2874,39.72,app
16481,2772,163.63,pos
16482,3852,19.7,app
16483,3939,94.63,app
16484,825,26.88,web
16485,2013,6.57,web
16486,1798,42.91,web
16487,244,48.41,web
16488,1174,121.01,pos
16489,3393,65.92,web
16490,1020,69.17,pos
16491,238,51.42,app
16492,28,47.85,pos
16493,1319,59.7,app
16494,3559,110.49,app
16495,1101,227.18,pos
16496,1204,8.66,app
16497,1888,130.43,web
16498,2841,79.02,web
16499,771,100.51,pos
16500,3658,91.18,app
16501,3301,123.42,web
16502,1798,203.26,app
16503,395,123.19,pos
16504,304,101.62,web
16505,1344,67.34,web
16506,3801,49.64,app
16507,2593,17.12,web
16508,3638,27.44,app
16509,3334,40.35,app
16510,444,111.62,web
16511,3116,19.09,web
16512,1482,54.71,pos
16513,2610,148.74,pos
16514,3289,93.33,app
16515,2085,53.07,web
16516,629,75.43,web
16517,2840,143.09,pos
16518,1989,137.14,app
16519,1202,36.19,app
16520,2300,225.03,app
16521,1100,81.99,web
16522,1266,83.65,pos
16523,2593,108.85,app
16524,3343,34.51,web
16525,1334,22.86,app
16526,2284,109.7,web
16527,3350,47.73,app
16528,3403,33.08,web
16529,3045,170.85,web
16530,2812,130.34,web
16531,3433,23.73,web
16532,1676,62.67,web
16533,1678,68.15,app
16534,634,25.81,web
16535,614,119.17,app
16536,2611,42.33,web
16537,1235,22.48,app
16538,1436,51.37,pos
16539,1803,69.29,app
16540,1919,65.09,web
16541,536,86.87,web
16542,509,137.83,app
16543,237,56.41,web
16544,3123,206.61,app
16545,127,61.44,app
16546,3303,94.03,web
16547,3353,115.82,web
16548,3904,6.69,app
16549,1190,63.18,web
16550,2431,103.28,app
16551,445,48.38,pos
16552,885,191.95,web
16553,268,115.96,web
16554,3633,86.64,pos
16555,1049,105.15,app
16556,53,35.33,web
16557,1666,70.71,pos
16558,1661,126.58,pos
16559,3647,45.29,web
16560,1543,56.76,web
16561,2532,73.3,web
16562,2229,67.85,web
16563,2789,82.96,app
16564,1377,98.97,web
16565,122,144.52,app
16566,1816,38.55,web
16567,1758,31.82,web
16568,2696,268.66,pos
16569,3284,7.2,app
16570,2157,99.91,web
16571,1453,113.16,app
16572,55,59.58,web
16573,1942,206.71,app
16574,632,83.11,web
16575,455,143.51,web
16576,107,78.43,web
16577,3145,14.77,pos
16578,3832,34.84,pos
16579,1990,41.11,web
16580,1183,16.77,app
16581,2306,79.17,app
16582,3475,132.14,app
16583,3481,135.35,app
16584,2161,34.29,web
16585,1002,47.31,web
16586,2243,29.19,web
16587,2021,32.62,app
16588,767,192.98,app
16589,62,14.18,web
16590,343,53.61,web
16591,3244,30.18,web
16592,2045,37.2,web
16593,2484,145.54,web
16594,914,134.26,web
16595,2802,38.51,pos
16596,3888,91.27,pos
16597,1930,49.87,web
16598,2999,20.45,web
16599,3421,138.84,web
16600,403,65.24,pos
16601,1466,54.84,web
16602,1332,21.85,app
16603,3530,42.8,app
16604,2823,44.0,app
16605,2277,134.19,app
16606,2748,33.55,web
16607,1340,118.28,app
16608,2465,169.72,web
16609,265,32.64,web
16610,3793,58.12,web
16611,635,191.88,web
16612,227,65.26,app
16613,2596,127.66,app
16614,3522,184.86,web
16615,1323,74.06,web
16616,2344,96.61,web
16617,1768,186.34,app
16618,3264,86.33,app
16619,121,50.66,web
16620,321,73.58,pos
16621,2551,133.53,web
16622,461,17.4,web
16623,2113,62.77,web
16624,3241,21.09,web
16625,2495,74.19,pos
16626,2834,222.97,pos
16627,3104,104.04,web
16628,1176,148.59,app
16629,614,62.72,web
16630,1639,157.82,web
16631,1615,83.31,web
16632,3090,195.07,app
16633,2743,171.94,web
16634,2994,68.67,web
16635,3241,87.09,web
16636,2940,108.56,pos
16637,3294,13.85,app
16638,3841,120.17,web
16639,3743,97.51,web
16640,3472,107.5,pos
16641,1824,219.14,web
16642,2385,86.23,web
16643,265,87.19,web
16644,3291,41.3,web
16645,1406,85.56,web
16646,3020,74.09,app
16647,2103,50.78,app
16648,2318,86.38,app
16649,236,124.31,web
16650,713,75.15,web
16651,3622,84.85,web
16652,2564,40.34,web
16653,1433,121.74,pos
16654,2479,71.2,app
16655,947,93.96,app
16656,729,67.17,app
16657,2786,95.28,pos
16658,3156,82.02,web
16659,3292,120.93,app
16660,3155,100.09,web
16661,1860,116.86,web
16662,3312,43.48,app
16663,134,226.9,web
16664,2369,30.78,app
16665,2622,115.12,web
16666,3813,70.03,app
16667,395,56.04,web
16668,741,39.62,pos
16669,1311,222.81,web
16670,3681,53.22,web
16671,148,30.09,app
16672,844,101.44,web
16673,2961,24.63,app
16674,1456,59.05,app
16675,2639,75.71,pos
16676,351,110.34,web
16677,3858,150.23,web
16678,1232,50.57,app
16679,414,41.41,app
16680,176,102.0,web
16681,1355,239.51,web
16682,2178,38.72,web
16683,2778,88.16,web
16684,1797,48.84,web
16685,1146,217.95,web
16686,2368,156.88,web
16687,2187,37.4,app
16688,3067,117.04,app
16689,1370,26.72,web
16690,683,25.86,web
16691,1432,73.54,app
16692,3639,68.98,web
16693,3484,45.6,app
16694,1013,222.86,web
16695,1736,129.51,pos
16696,2217,89.89,web
16697,3511,164.94,web
16698,3839,140.44,app
16699,2763,70.44,web
16700,1097,44.48,app
16701,1231,48.6,web
16702,3414,22.75,web
16703,853,102.55,web
16704,3869,206.57,web
16705,2993,85.17,app
16706,3123,75.35,app
16707,3605,56.55,web
16708,3715,155.53,pos
16709,297,63.64,app
16710,3925,73.33,app
16711,1364,40.49,web
16712,830,108.8,pos
16713,2730,26.32,app
16714,3321,92.08,app
16715,2932,126.47,app
16716,242,61.2,app
16717,3181,51.48,app
16718,983,102.8,pos
16719,3230,133.82,web
16720,350,131.58,app
16721,160,87.1,app
16722,3191,169.54,app
16723,1091,93.12,app
16724,947,43.78,web
16725,1273,74.76,app
16726,1536,55.23,web
16727,3294,9.58,app
16728,26,58.58,web
16729,860,17.31,web
16730,2569,54.93,web
16731,2822,72.0,web
16732,2387,34.76,web
16733,3877,34.28,app
16734,2808,36.65,pos
16735,1086,90.41,app
16736,2884,66.3,web
16737,2084,80.58,app
16738,258,182.9,app
16739,1184,64.96,app
16740,2127,71.51,web
16741,3710,48.42,app
16742,3146,221.21,web
16743,1003,111.32,app
16744,3136,53.49,web
16745,579,31.51,web
16746,2832,65.89,pos
16747,3540,58.93,web
16748,3834,306.07,app
16749,1521,35.89,app
16750,2583,102.81,web
16751,2530,47.33,web
16752,3228,119.73,app
16753,2056,96.62,web
16754,1814,165.2,web
16755,397,79.57,pos
16756,2093,74.09,web
16757,1047,26.81,app
16758,132,317.82,pos
16759,1419,139.48,app
16760,1876,157.21,web
16761,642,69.15,web
16762,469,63.14,app
16763,3380,172.12,app
16764,2004,163.27,app
16765,34,104.76,app
16766,875,44.32,app
16767,2464,181.6,web
16768,34,59.72,web
16769,1033,57.9,pos
16770,2136,76.33,pos
16771,2904,151.01,app
16772,2370,31.5,app
16773,1793,41.63,app
16774,3999,117.79,app
16775,2225,95.63,web
16776,3852,41.25,app
16777,2244,81.46,app
16778,2346,94.47,pos
16779,2736,90.22,app
16780,2611,42.85,app
16781,3609,83.42,web
16782,3285,66.75,app
16783,970,66.32,web
16784,2666,47.33,web
16785,129,13.12,app
16786,15,28.3,web
16787,2789,60.74,web
16788,1930,102.34,pos
16789,238,16.7,app
16790,2776,20.9,web
16791,1150,41.64,app
16792,1939,61.38,web
16793,1612,65.46,app
16794,2334,46.7,web
16795,2919,218.59,web
16796,3948,150.36,web
16797,1673,17.26,app
16798,1382,219.56,pos
16799,1793,74.3,app
16800,442,108.26,web
16801,2767,31.39,app
16802,1393,67.72,web
16803,1094,29.36,app
16804,494,120.47,app
16805,310,56.08,web
16806,620,38.89,web
16807,790,16.32,app
16808,3073,107.81,pos
16809,2441,50.43,web
16810,2796,67.05,web
16811,3079,119.7,web
16812,1377,40.15,web
16813,3817,21.83,pos
16814,2924,285.76,web
16815,1625,107.43,web
16816,3963,190.96,web
16817,1058,71.73,web
16818,3840,74.96,web
16819,853,98.61,app
16820,2228,107.09,web
16821,1363,37.35,app
16822,1806,45.28,web
16823,3008,189.38,app
16824,2299,119.61,web
16825,1311,82.73,web
16826,2185,152.38,web
16827,1697,3.8,app
16828,1076,10.19,web
16829,2527,13.28,web
16830,3097,151.4,web
16831,2320,82.96,pos
16832,3188,18.23,app
16833,1374,44.52,web
16834,2346,128.4,web
16835,2406,22.89,web
16836,2279,31.88,web
16837,3353,10.32,pos
16838,3430,27.13,app
16839,3976,95.73,web
16840,492,67.35,web
16841,1256,78.15,app
16842,647,158.56,web
16843,1837,29.48,pos
16844,1883,19.48,web
16845,1257,104.96,web
16846,2675,109.31,web
16847,2974,54.59,web
16848,3738,211.09,app
16849,2379,56.75,pos
16850,2755,34.08,web
16851,2135,85.33,pos
16852,1594,50.08,app
16853,3888,11.72,app
16854,435,63.39,pos
16855,123,26.84,app
16856,928,63.31,web
16857,3589,164.02,web
16858,1275,57.99,web
16859,419,66.77,app
16860,3871,38.34,web
16861,3014,61.73,app
16862,3701,52.15,web
16863,114,35.71,web
16864,2690,86.29,web
16865,3242,146.41,web
16866,3520,99.17,web
16867,3612,147.15,web
16868,3809,55.86,web
16869,3909,190.68,web
16870,3183,101.08,web
16871,2612,102.32,web
16872,2216,114.02,web
16873,2371,140.72,web
16874,3586,141.41,app
16875,1857,54.3,pos
16876,2135,47.96,web
16877,959,60.69,web
16878,115,79.56,pos
16879,2216,45.44,app
16880,1991,108.07,web
16881,24,99.68,app
16882,3121,171.74,web
16883,2241,123.84,web
16884,2335,82.86,pos
16885,2190,285.85,web
16886,2853,42.59,web
16887,1662,29.63,web
16888,3554,184.71,web
16889,3975,133.37,app
16890,320,165.32,web
16891,3464,162.83,web
16892,266,142.63,pos
16893,2949,70.94,pos
16894,2276,219.26,web
16895,1312,3.77,web
16896,1674,29.7,app
16897,1532,31.47,pos
16898,1531,17.49,pos
16899,2453,94.54,pos
16900,1025,147.58,app
16901,3112,223.65,app
16902,3523,88.2,web
16903,2525,25.86,app
16904,3833,57.73,pos
16905,3182,172.01,app
16906,1755,9.15,web
16907,3216,101.96,web
16908,1965,12.76,pos
16909,3507,102.79,app
16910,1507,30.2,web
16911,3461,68.03,app
16912,494,87.19,web
16913,2040,13.65,web
16914,2386,117.17,web
16915,358,220.39,web
16916,1658,72.98,pos
16917,2732,9.75,app
16918,3497,44.09,web
16919,449,6.88,pos
16920,338,47.95,web
16921,824,76.61,pos
16922,2630,166.26,web
16923,2397,18.23,pos
16924,256,103.84,web
16925,179,62.24,app
16926,2439,31.36,web
16927,3292,367.07,app
16928,2651,58.53,web
16929,2986,102.49,pos
16930,1091,100.31,web
16931,438,121.03,web
16932,621,106.95,web
16933,2677,157.65,pos
16934,1248,33.98,web
16935,892,69.32,web
16936,1428,56.91,app
16937,1540,47.95,web
16938,3412,24.48,pos
16939,3607,119.07,pos
16940,927,39.4,web
16941,2983,26.23,web
16942,1970,26.98,web
16943,3573,143.24,app
16944,3818,84.24,app
16945,222,21.57,app
16946,2620,163.89,web
16947,2235,200.41,app
16948,3125,45.65,web
16949,3378,101.92,web
16950,23,164.8,pos
16951,3800,203.77,web
16952,1654,104.87,web
16953,3343,21.36,app
16954,197,17.88,web
16955,1835,51.82,web
16956,2763,79.91,app
16957,3951,58.07,web
16958,3899,120.57,app
16959,3765,33.45,web
16960,212,140.64,web
16961,2806,99.26,web
16962,2655,169.8,web
16963,1496,38.8,web
16964,2462,126.59,app
16965,353,99.61,web
16966,704,166.32,web
16967,2784,178.75,pos
16968,3694,46.06,app
16969,1260,22.85,web
16970,3728,53.07,app
16971,580,157.73,app
16972,750,56.68,web
16973,3892,139.77,web
16974,1670,59.13,app
16975,1605,380.78,web
16976,2387,9.34,pos
16977,1727,226.56,app
16978,3588,124.62,app
16979,881,84.52,web
16980,2410,59.27,web
16981,2605,56.05,web
16982,205,23.92,web
16983,3569,42.56,web
16984,24,111.69,app
16985,3752,49.34,web
16986,3758,111.12,app
16987,1856,68.91,app
16988,3952,61.91,web
16989,237,130.9,pos
16990,3181,56.21,app
16991,3937,172.29,pos
16992,2399,132.17,app
16993,3729,67.46,web
16994,1402,66.97,pos
16995,1381,43.87,app
16996,64,31.67,web
16997,3538,9.78,pos
16998,1628,112.33,app
16999,840,163.24,app
17000,2638,50.51,web
17001,3302,116.38,pos
17002,1132,135.97,app
17003,11,23.65,web
17004,2311,69.16,web
17005,2633,47.52,web
17006,59,77.96,app
17007,734,82.4,web
17008,192,58.3,pos
17009,343,74.88,web
17010,243,212.23,web
17011,2123,28.94,app
17012,2642,51.83,web
17013,1222,95.01,web
17014,2138,79.18,web
17015,1337,144.96,app
17016,638,56.41,web
17017,1936,150.13,web
17018,3372,76.04,app
17019,889,49.83,web
17020,2831,26.44,app
17021,416,201.93,web
17022,791,42.92,web
17023,3030,171.48,app
17024,1045,44.56,web
17025,3362,156.86,web
17026,3316,103.93,web
17027,1282,83.74,app
17028,634,57.55,pos
17029,2400,159.73,web
17030,137,21.51,web
17031,2847,35.06,web
17032,1217,45.11,web
17033,48,161.7,web
17034,482,20.87,web
17035,17,48.72,web
17036,2577,166.33,web
17037,2503,47.16,web
17038,1269,18.1,web
17039,1422,15.54,app
17040,2396,36.44,app
17041,1625,30.79,app
17042,3076,43.27,pos
17043,3500,169.31,web
17044,1295,28.26,app
17045,2990,35.83,app
17046,3696,130.5,web
17047,3019,34.57,web
17048,3925,165.65,app
17049,830,103.33,web
17050,2323,91.64,pos
17051,3098,32.36,web
17052,2001,126.56,web
17053,1419,44.58,app
17054,318,76.66,web
17055,3066,63.25,web
17056,2616,44.04,web
17057,3002,195.5,app
17058,3995,52.46,app
17059,2829,72.48,web
17060,2189,180.24,web
17061,3080,162.85,app
17062,1011,48.7,pos
17063,1459,116.72,app
17064,617,124.6,web
17065,293,85.93,web
17066,2335,75.36,pos
17067,780,65.7,web
17068,14,26.65,app
17069,1830,26.55,app
17070,639,135.48,app
17071,57,56.71,app
17072,591,101.68,web
17073,1674,27.12,app
17074,3663,37.59,web
17075,3121,49.41,app
17076,2859,49.78,app
17077,456,113.93,app
17078,3103,36.0,web
17079,3010,160.47,web
17080,2006,109.7,app
17081,953,57.96,web
17082,2840,87.68,app
17083,3218,114.09,web
17084,2004,66.3,web
17085,2922,133.99,web
17086,1602,58.88,pos
17087,2717,267.81,web
17088,576,94.7,pos
17089,1251,91.11,web
17090,2436,4.03,app
17091,286,71.46,web
17092,1882,74.56,pos
17093,1898,132.69,app
17094,1964,26.96,web
17095,1475,39.02,web
17096,3628,87.19,web
17097,2083,48.38,app
17098,3667,44.95,pos
17099,3860,129.23,web
17100,1614,16.2,pos
17101,1852,230.6,app
17102,1493,25.37,web
17103,1500,13.88,app
17104,1921,215.5,web
17105,2854,51.2,app
17106,1462,154.04,web
17107,1724,60.02,web
17108,1751,88.44,app
17109,912,24.12,app
17110,477,84.05,web
17111,159,240.15,pos
17112,61,102.87,web
17113,2663,147.35,pos
17114,2663,22.77,web
17115,1409,87.44,web
17116,1969,89.9,web
17117,74,84.48,web
17118,1787,132.57,app
17119,3684,25.59,app
17120,2481,54.25,app
17121,1076,20.8,web
17122,587,13.94,app
17123,1192,28.36,web
17124,3513,41.8,app
17125,1768,171.78,pos
17126,284,138.57,app
17127,288,27.1,pos
17128,2493,77.95,app
17129,3422,178.09,web
17130,587,93.9,web
17131,495,149.16,pos
17132,3507,53.57,web
17133,3933,60.05,pos
17134,3889,62.74,web
17135,2324,369.26,web
17136,1472,14.15,app
17137,2741,9.84,app
17138,1066,24.38,app
17139,2587,78.95,web
17140,3646,21.89,web
17141,3567,41.37,web
17142,3943,74.41,web
17143,3057,103.94,app
17144,3156,89.64,pos
17145,1542,89.21,web
17146,1384,157.15,web
17147,1862,43.94,app
17148,842,240.22,web
17149,3129,46.4,app
17150,2923,24.42,pos
17151,645,48.22,app
17152,3018,124.13,pos
17153,39,34.69,web
17154,381,78.93,web
17155,209,43.7,web
17156,2217,155.29,app
17157,3059,33.2,pos
17158,1869,56.81,web
17159,2117,48.37,web
17160,2026,168.33,pos
17161,716,18.07,web
17162,2243,29.55,web
17163,93,121.77,web
17164,2214,116.0,web
17165,1801,53.83,web
17166,2228,79.27,web
17167,458,104.12,web
17168,2366,64.52,pos
17169,1750,39.86,web
17170,471,85.55,web
17171,3006,131.13,web
17172,1870,10.8,web
17173,3296,42.5,web
17174,2744,95.27,web
17175,2294,61.4,app
17176,2581,97.12,pos
17177,343,38.95,web
17178,3315,49.03,pos
17179,2522,62.81,app
17180,1625,112.83,web
17181,1192,178.62,web
17182,2194,153.03,web
17183,1214,73.13,app
17184,249,54.65,web
17185,527,229.05,web
17186,1444,75.44,pos
17187,3341,37.74,web
17188,2505,45.12,app
17189,367,40.73,app
17190,3285,16.67,app
17191,2187,75.06,app
17192,1581,34.56,web
17193,1203,102.16,app
17194,1971,109.47,web
17195,2446,148.79,app
17196,437,164.75,web
17197,3711,147.28,web
17198,255,56.94,web
17199,1977,27.9,web
17200,283,66.27,web
17201,1463,35.83,web
17202,890,297.58,pos
17203,3057,74.32,web
17204,333,116.7,app
17205,50,66.58,web
17206,1684,63.78,app
17207,3072,9.31,app
17208,943,42.29,app
17209,644,62.08,app
17210,427,201.65,web
17211,3120,112.57,app
17212,1186,8.78,web
17213,2780,162.43,app
17214,2075,119.36,app
17215,1095,23.95,web
17216,1667,170.66,web
17217,771,204.56,app
17218,3328,78.45,app
17219,2460,93.46,app
17220,800,142.54,web
17221,2397,46.18,web
17222,117,190.36,app
17223,858,12.79,web
17224,2534,35.45,web
17225,2633,32.09,web
17226,3538,145.89,app
17227,784,12.83,app
17228,1186,63.48,app
17229,1460,66.8,pos
17230,1257,187.31,app
17231,3293,151.83,app
17232,2341,155.66,app
17233,2849,20.98,app
17234,277,25.15,app
17235,486,71.85,app
17236,2293,156.04,pos
17237,3688,132.46,app
17238,3742,29.09,app
17239,3525,81.87,app
17240,2668,141.55,app
17241,3,26.2,web
17242,1391,138.45,web
17243,3011,51.74,app
17244,766,37.14,pos
17245,3256,42.19,web
17246,1884,43.92,app
17247,3420,25.09,app
17248,2519,29.04,app
17249,1501,62.19,web
17250,32,123.27,pos
17251,3004,268.94,app
17252,2744,184.83,app
17253,1856,76.73,web
17254,1215,17.51,web
17255,2212,315.36,pos
17256,380,128.9,app
17257,1614,59.19,web
17258,3445,99.48,app
17259,2157,2.45,app
17260,1234,23.91,web
17261,1287,54.13,pos
17262,2069,231.09,web
17263,3058,88.13,app
17264,1531,69.1,app
17265,3802,144.67,web
17266,3926,53.38,pos
17267,2224,35.11,app
17268,2975,33.87,app
17269,403,49.6,web
17270,763,39.73,pos
17271,389,37.92,pos
17272,247,52.86,app
17273,1040,19.74,web
17274,2282,46.32,web
17275,763,87.91,web
17276,2538,113.0,app
17277,48,69.86,app
17278,2985,229.96,app
17279,1972,21.18,pos
17280,2378,139.88,app
17281,2403,50.68,app
17282,2502,15.96,web
17283,1505,99.33,web
17284,3112,45.3,app
17285,1966,59.37,app
17286,412,119.08,app
17287,1217,41.99,web
17288,195,109.94,pos
17289,677,29.03,pos
17290,3791,63.17,web
17291,2220,102.24,app
17292,3022,40.68,web
17293,2914,14.56,app
17294,491,21.1,web
17295,2637,65.96,app
17296,2875,51.75,web
17297,1719,51.73,web
17298,722,59.1,web
17299,50,41.44,app
17300,88,74.49,app
17301,1523,41.63,app
17302,1872,96.05,web
17303,1245,174.67,app
17304,1145,6.07,app
17305,2328,29.87,web
17306,3799,112.6,web
17307,3735,20.37,web
17308,79,204.68,app
17309,812,150.64,web
17310,1553,8.76,web
17311,984,44.52,web
17312,339,102.57,web
17313,2619,32.32,app
17314,930,144.72,web
17315,2412,106.99,app
17316,150,21.2,web
17317,1384,16.7,app
17318,454,26.34,web
17319,2298,98.53,app
17320,3616,71.95,pos
17321,2601,66.35,web
17322,1153,42.15,web
17323,885,76.43,web
17324,3608,11.33,web
17325,2787,124.57,app
17326,1215,54.87,pos
17327,2995,48.71,web
17328,2022,130.85,web
17329,37,64.49,pos
17330,1180,43.21,app
17331,2958,32.97,app
17332,3667,113.33,web
17333,1978,46.44,web
17334,3928,33.0,app
17335,3998,163.77,pos
17336,394,43.82,web
17337,2283,170.85,web
17338,3553,50.37,app
17339,821,83.59,web
17340,1630,43.88,web
17341,2216,57.03,web
17342,986,162.81,app
17343,596,91.25,web
17344,2134,80.55,app
17345,3289,90.77,pos
17346,952,114.58,web
17347,2523,28.14,app
17348,444,38.33,pos
17349,3818,71.79,app
17350,437,38.84,app
17351,2240,47.82,pos
17352,478,141.31,app
17353,2490,67.83,app
17354,619,97.0,web
17355,1835,86.83,pos
17356,2801,79.99,web
17357,621,160.57,app
17358,166,61.74,app
17359,1449,9.65,web
17360,2712,90.48,web
17361,3035,24.53,app
17362,348,104.71,web
17363,3593,144.39,web
17364,1215,96.41,pos
17365,3225,62.03,app
17366,1658,94.66,app
17367,2241,61.69,web
17368,3613,76.25,app
17369,1193,42.49,app
17370,878,58.08,web
17371,43,86.6,web
17372,3707,13.9,web
17373,2235,181.53,web
17374,3375,132.12,app
17375,2078,113.54,web
17376,1861,54.49,app
17377,2885,97.36,web
17378,1959,13.22,web
17379,1406,114.71,app
17380,1192,87.45,app
17381,2296,133.69,app
17382,1047,50.77,web
17383,3694,41.66,web
17384,313,216.86,app
17385,1196,234.43,web
17386,140,301.52,app
17387,1249,69.8,web
17388,1438,180.39,web
17389,950,135.0,pos
17390,3383,75.86,app
17391,1106,19.13,web
17392,825,23.5,web
17393,1168,101.51,web
17394,3027,141.34,web
17395,2336,137.35,web
17396,175,82.81,app
17397,2146,39.36,app
17398,2225,29.71,web
17399,427,41.12,web
17400,2407,50.64,app
17401,2173,87.28,app
17402,2610,113.2,app
17403,3347,103.36,pos
17404,1486,113.44,web
17405,290,27.99,web
17406,2483,141.12,web
17407,2419,126.74,web
17408,1016,17.85,web
17409,1913,9.79,pos
17410,2858,167.35,pos
17411,1995,62.12,web
17412,2263,64.13,web
17413,2357,22.83,pos
17414,1708,80.87,app
17415,2565,143.55,pos
17416,1969,11.1,pos
17417,3332,80.29,app
17418,3669,237.32,pos
17419,627,100.49,web
17420,1308,176.31,pos
17421,3653,27.82,app
17422,1354,215.35,web
17423,2576,90.55,pos
17424,1302,17.16,web
17425,496,129.06,web
17426,150,41.41,app
17427,2638,32.44,web
17428,248,157.08,web
17429,2879,214.28,app
17430,108,169.17,web
17431,2385,18.89,app
17432,2537,161.55,app
17433,3235,140.07,web
17434,1136,130.57,app
17435,528,48.85,web
17436,1753,116.64,app
17437,2316,110.55,web
17438,3494,23.46,app
17439,258,36.75,web
17440,1625,85.41,app
17441,863,65.02,web
17442,3215,83.58,app
17443,2324,130.6,pos
17444,1874,120.14,app
17445,3482,21.41,app
17446,1661,53.56,pos
17447,817,76.67,app
17448,1143,41.57,web
17449,3252,82.01,web
17450,3294,137.46,pos
17451,1602,52.6,web
17452,1513,41.48,web
17453,2559,137.7,web
17454,2876,59.75,web
17455,660,50.09,web
17456,348,242.22,web
17457,1856,132.01,web
17458,805,49.68,web
17459,1192,92.79,web
17460,3727,105.4,web
17461,1875,69.56,web
17462,3993,146.18,app
17463,1195,32.76,pos
17464,1769,24.95,app
17465,2632,71.82,web
17466,3676,30.66,app
17467,3003,82.1,web
17468,2348,89.2,web
17469,3392,61.52,web
17470,3642,28.74,web
17471,991,114.12,app
17472,3307,274.29,web
17473,2249,30.45,app
17474,3904,28.86,pos
17475,1997,279.19,web
17476,2157,22.37,web
17477,435,186.54,web
17478,3769,23.62,app
17479,993,14.34,web
17480,1286,145.11,app
17481,3037,30.04,web
17482,3395,74.39,web
17483,2370,23.48,pos
17484,2311,16.7,app
17485,198,111.22,web
17486,3417,40.9,pos
17487,1529,189.37,app
17488,2690,112.16,app
17489,3250,12.21,web
17490,1191,191.12,app
17491,2384,45.01,web
17492,2943,141.87,app
17493,2053,82.61,web
17494,1771,12.35,app
17495,523,154.69,pos
17496,1,108.72,web
17497,3637,186.71,pos
17498,3835,188.68,web
17499,3381,115.44,web
17500,3876,195.59,app
17501,1628,142.52,web
17502,156,19.61,app
17503,1751,40.73,web
17504,145,38.13,web
17505,2309,27.72,web
17506,560,39.16,web
17507,3163,115.6,web
17508,2610,74.65,web
17509,2368,63.96,app
17510,1408,24.72,app
17511,2563,24.25,web
17512,1856,95.87,app
17513,3612,76.41,app
17514,471,136.28,app
17515,3098,104.19,app
17516,1211,101.99,app
17517,1237,58.77,web
17518,3910,62.02,web
17519,3713,279.97,pos
17520,1761,45.73,pos
17521,3123,54.89,pos
17522,3037,48.63,app
17523,3746,60.54,web
17524,2451,3.57,app
17525,2940,180.52,app
17526,3785,129.51,web
17527,100,126.28,app
17528,399,62.7,pos
17529,556,41.73,web
17530,262,107.56,web
17531,1548,130.2,app
17532,3174,53.98,pos
17533,3383,85.64,web
17534,735,23.42,web
17535,2317,7.63,app
17536,575,94.85,web
17537,3862,62.72,pos
17538,1908,51.32,web
17539,2846,115.39,web
17540,2022,15.73,pos
17541,3412,71.24,app
17542,1154,49.98,web
17543,2156,39.64,web
17544,2655,72.9,app
17545,3440,125.43,app
17546,3170,163.43,web
17547,1595,4.1,web
17548,196,186.73,app
17549,3446,156.21,web
17550,3276,178.79,web
17551,1522,24.42,pos
17552,3344,57.57,web
17553,2235,210.86,web
17554,2756,127.67,web
17555,1941,43.7,web
17556,2780,82.54,web
17557,2864,47.2,app
17558,725,14.73,web
17559,821,125.68,pos
17560,3860,51.84,web
17561,2784,86.75,pos
17562,3892,7.47,web
17563,3674,12.51,app
17564,1654,7.56,pos
17565,98,351.44,app
17566,2169,71.52,web
17567,929,111.94,web
17568,3170,67.48,pos
17569,3153,58.89,app
17570,3134,114.54,web
17571,1079,96.27,app
17572,2738,29.03,web
17573,2468,221.37,app
17574,1033,53.12,app
17575,1808,87.48,app
17576,59,74.26,web
17577,2690,95.0,app
17578,3597,50.4,app
17579,369,52.85,web
17580,1108,134.04,web
17581,463,94.33,web
17582,915,36.33,web
17583,2199,66.18,pos
17584,1907,140.4,web
17585,2074,158.57,web
17586,1880,170.03,web
17587,2405,23.01,app
17588,3099,72.22,app
17589,3419,93.76,web
17590,775,70.49,web
17591,3345,142.34,pos
17592,3247,22.23,pos
17593,3191,11.1,pos
17594,3217,39.2,app
17595,1479,203.07,web
17596,1027,75.07,web
17597,1517,140.88,web
17598,2053,90.56,app
17599,3576,84.7,web
17600,3567,138.64,app
17601,261,39.72,web
17602,1884,18.2,app
17603,2462,81.28,web
17604,1256,103.86,pos
17605,3153,38.87,app
17606,1965,183.03,web
17607,3841,168.34,web
17608,3379,105.42,web
17609,635,78.43,app
17610,783,152.1,web
17611,336,113.55,web
17612,2383,32.05,app
17613,2786,75.22,app
17614,3157,69.91,app
17615,2104,141.19,pos
17616,2850,45.15,pos
17617,2365,34.5,app
17618,76,105.56,app
17619,482,103.27,app
17620,749,109.68,app
17621,237,121.49,app
17622,2226,138.87,app
17623,3058,71.0,pos
17624,2185,96.97,web
17625,3491,63.44,app
17626,24,10.28,app
17627,2531,107.88,web
17628,2072,146.62,web
17629,1479,156.47,app
17630,1311,50.94,app
17631,585,18.87,pos
17632,1090,154.07,pos
17633,3104,103.68,web
17634,52,34.87,web
17635,3101,106.19,app
17636,2410,13.24,web
17637,2206,180.73,web
17638,329,193.75,web
17639,3996,64.07,web
17640,2968,125.07,web
17641,3553,89.47,app
17642,406,74.66,app
17643,2425,70.04,app
17644,453,111.32,pos
17645,1024,123.13,web
17646,3649,208.28,web
17647,1515,38.11,web
17648,2604,93.73,app
17649,2016,23.63,app
17650,2021,52.8,app
17651,22,103.2,web
17652,2240,62.9,app
17653,2760,113.82,app
17654,1243,187.41,web
17655,37,171.61,app
17656,1521,17.89,web
17657,832,26.51,web
17658,2893,86.89,app
17659,1432,42.09,app
17660,1410,208.7,app
17661,2557,64.26,pos
17662,2340,73.9,web
17663,896,49.91,app
17664,2754,233.89,pos
17665,1862,39.56,web
17666,1361,48.6,pos
17667,1580,265.6,app
17668,2543,159.67,web
17669,827,137.36,web
17670,1419,43.62,app
17671,2363,105.3,pos
17672,38,220.76,app
17673,3241,39.59,web
17674,713,83.2,web
17675,962,190.36,pos
17676,3626,160.58,web
17677,3697,38.5,app
17678,1384,36.06,web
17679,977,37.43,web
17680,2087,5.74,pos
17681,1341,32.6,app
17682,3236,113.97,web
17683,1582,81.8,web
17684,3173,115.58,app
17685,2206,24.23,web
17686,3108,58.8,app
17687,3552,176.46,pos
17688,1206,109.11,app
17689,1887,153.76,web
17690,2491,220.14,pos
17691,293,65.61,pos
17692,3011,191.3,pos
17693,1662,71.0,web
17694,2427,30.19,web
17695,1995,46.22,web
17696,1510,25.3,web
17697,564,158.05,app
17698,2694,23.73,web
17699,35,83.39,pos
17700,1182,130.37,app
17701,624,78.56,web
17702,2339,45.65,app
17703,2564,66.99,web
17704,2862,204.89,web
17705,1805,28.38,web
17706,2120,45.84,app
17707,2783,78.15,web
17708,3147,33.51,pos
17709,1868,210.16,web
17710,1535,78.67,pos
17711,2545,363.61,app
17712,2295,125.63,web
17713,2347,42.02,web
17714,1681,1.63,app
17715,164,83.36,app
17716,3849,107.71,pos
17717,684,230.59,app
17718,769,41.69,web
17719,2844,86.17,pos
17720,1552,90.66,app
17721,3883,47.12,web
17722,2800,97.49,web
17723,185,270.53,app
17724,3310,253.14,web
17725,2435,131.65,pos
17726,3282,12.0,web
17727,3531,95.01,web
17728,964,51.35,web
17729,245,185.83,web
17730,2789,56.43,web
17731,2619,210.11,web
17732,137,92.3,app
17733,720,27.44,web
17734,2805,60.1,pos
17735,1434,68.71,web
17736,1896,37.33,pos
17737,2278,30.91,pos
17738,3042,15.51,app
17739,365,61.3,pos
17740,517,216.76,pos
17741,3560,10.47,app
17742,1490,458.6,web
17743,3971,62.99,web
17744,3061,93.08,app
17745,1033,14.8,web
17746,317,144.93,app
17747,2124,65.93,web
17748,3170,8.68,web
17749,45,32.1,app
17750,1009,27.14,app
17751,2635,33.86,app
17752,3983,23.1,app
17753,3443,5.02,web
17754,3203,48.34,app
17755,62,91.1,pos
17756,3047,152.2,pos
17757,3211,34.08,web
17758,253,101.2,pos
17759,464,222.81,web
17760,1347,50.86,app
17761,586,15.88,web
17762,2844,121.3,web
17763,2957,90.34,app
17764,692,92.12,pos
17765,2548,247.56,pos
17766,3539,54.93,app
17767,3491,35.63,app
17768,3817,96.72,app
17769,2779,193.73,web
17770,267,77.79,pos
17771,2797,90.3,web
17772,2689,173.82,app
17773,2405,69.81,web
17774,3721,20.28,app
17775,3410,27.9,pos
17776,722,27.12,app
17777,3557,114.54,pos
17778,1290,84.97,web
17779,770,61.63,app
17780,2579,106.06,web
17781,1514,39.33,web
17782,2832,109.32,web
17783,2231,120.67,app
17784,2999,116.43,web
17785,2881,70.52,pos
17786,1661,210.18,app
17787,339,136.54,web
17788,1180,267.41,pos
17789,3110,75.17,web
17790,3885,187.67,pos
17791,2351,64.37,pos
17792,469,25.5,web
17793,1281,105.91,web
17794,2069,100.05,pos
17795,381,29.73,app
17796,2329,151.9,web
17797,3030,122.74,web
17798,2660,75.81,web
17799,3635,103.91,app
17800,3963,33.3,app
17801,3920,84.54,web
17802,2695,61.9,app
17803,3685,32.66,web
17804,3515,64.93,web
17805,165,62.83,pos
17806,2573,48.28,app
17807,3948,215.07,app
17808,1019,93.59,web
17809,1018,65.61,app
17810,890,35.35,web
17811,1150,55.44,web
17812,3880,54.28,app
17813,2136,70.4,app
17814,2625,45.07,web
17815,3651,88.21,web
17816,849,90.65,app
17817,1904,60.74,web
17818,1598,178.17,app
17819,924,91.7,pos
17820,3187,164.1,pos
17821,132,96.72,app
17822,2316,127.67,app
17823,1056,36.38,pos
17824,1056,150.15,app
17825,2781,162.82,app
17826,3145,90.26,web
17827,878,40.05,pos
17828,924,88.59,app
17829,2093,75.22,app
17830,1562,1.55,web
17831,1027,110.88,web
17832,613,34.5,web
17833,775,142.4,web
17834,1300,70.76,web
17835,1109,30.81,pos
17836,3182,75.79,web
17837,1380,135.11,web
17838,2961,60.69,app
17839,3142,88.4,web
17840,3349,69.22,pos
17841,2116,151.15,web
17842,476,18.23,web
17843,3996,60.13,web
17844,1876,264.47,app
17845,1235,100.81,web
17846,725,101.78,web
17847,481,43.31,web
17848,762,61.37,web
17849,1083,66.48,app
17850,1572,97.95,pos
17851,2860,35.63,app
17852,442,33.18,app
17853,1100,54.87,app
17854,389,26.23,web
17855,3265,33.49,app
17856,2216,50.63,app
17857,137,150.27,web
17858,1622,251.09,pos
17859,391,31.7,web
17860,2867,67.24,web
17861,242,30.29,app
17862,1785,102.16,app
17863,3538,85.18,web
17864,1775,60.79,web
17865,2672,157.71,pos
17866,2476,193.75,web
17867,499,3.6,web
17868,3544,25.26,app
17869,692,68.87,web
17870,2779,92.44,app
17871,2119,157.55,web
17872,3945,125.94,app
17873,1247,49.2,pos
17874,3054,65.29,app
17875,496,23.44,web
17876,2280,60.79,web
17877,3440,65.09,app
17878,1522,26.96,pos
17879,1351,49.63,app
17880,1228,93.4,app
17881,2847,14.36,web
17882,1218,134.29,web
17883,2999,158.66,web
17884,650,45.05,app
17885,466,92.54,app
17886,2325,72.2,web
17887,289,54.37,web
17888,202,126.45,app
17889,3630,41.51,web
17890,1808,17.07,app
17891,975,56.88,web
17892,595,199.18,web
17893,2054,55.07,app
17894,606,34.88,web
17895,2714,168.72,app
17896,486,53.89,app
17897,499,124.85,web
17898,3287,194.36,web
17899,1387,157.74,web
17900,824,58.76,web
17901,3097,30.08,app
17902,3422,17.55,web
17903,1161,62.63,web
17904,3545,27.84,app
17905,2743,31.56,app
17906,1217,47.17,web
17907,3087,105.15,app
17908,1683,69.98,app
17909,648,42.65,app
17910,2212,80.89,app
17911,302,63.74,web
17912,936,29.95,app
17913,736,80.99,app
17914,2170,129.65,pos
17915,2066,171.42,web
17916,3578,46.43,web
17917,2320,12.11,app
17918,1602,206.41,web
17919,3673,158.71,app
17920,3717,165.24,web
17921,712,215.82,web
17922,1230,252.82,web
17923,2300,161.39,app
17924,3917,45.04,app
17925,1719,80.05,web
17926,3017,14.84,web
17927,293,42.31,app
17928,3665,109.42,web
17929,755,20.9,web
17930,158,33.19,web
17931,469,43.5,web
17932,1894,72.87,pos
17933,3156,53.13,app
17934,2167,52.42,web
17935,3529,44.65,app
17936,3548,84.74,pos
17937,3528,172.6,web
17938,3223,25.49,web
17939,3927,41.79,web
17940,2418,60.55,web
17941,170,33.84,pos
17942,3535,61.81,app
17943,715,318.31,web
17944,3107,65.45,web
17945,1426,127.52,web
17946,643,11.33,web
17947,2698,32.92,app
17948,3263,114.11,app
17949,3527,84.9,app
17950,637,43.71,web
17951,2861,76.85,pos
17952,1518,140.33,web
17953,110,16.59,pos
17954,2692,109.81,web
17955,1686,75.81,web
17956,2885,209.17,app
17957,432,40.45,web
17958,3214,20.4,web
17959,2865,57.44,app
17960,3163,29.26,app
17961,1113,142.47,app
17962,3644,38.93,web
17963,1042,136.14,web
17964,1997,148.28,web
17965,3519,65.74,app
17966,2721,51.91,app
17967,3741,19.71,app
17968,3881,94.78,app
17969,3852,36.55,app
17970,1307,138.8,web
17971,1263,57.54,web
17972,993,102.18,web
17973,3326,94.09,pos
17974,1087,31.46,web
17975,3389,47.03,app
17976,2842,44.39,pos
17977,3050,97.23,app
17978,765,192.47,pos
17979,361,58.97,web
17980,3026,36.1,web
17981,2832,11.51,pos
17982,1591,96.48,app
17983,3757,34.19,app
17984,3866,208.33,pos
17985,165,60.04,web
17986,1805,173.71,app
17987,702,28.06,web
17988,242,170.37,web
17989,3792,79.92,app
17990,897,8.09,web
17991,655,88.65,app
17992,2848,63.96,web
17993,316,151.45,app
17994,915,68.49,web
17995,3685,140.34,app
17996,1308,112.55,web
17997,1834,98.02,web
17998,823,46.96,web
17999,2307,68.3,pos
18000,3353,90.77,web
18001,2533,11.75,web
18002,2197,145.55,web
18003,251,78.24,web
18004,3004,144.32,app
18005,3498,113.09,app
18006,3775,49.85,web
18007,3246,26.44,web
18008,2789,204.95,web
18009,2141,42.12,app
18010,3308,14.32,app
18011,885,87.06,web
18012,667,53.54,web
18013,392,90.24,web
18014,2090,94.05,web
18015,2989,35.88,app
18016,3739,147.29,app
18017,2780,20.04,pos
18018,1289,37.72,pos
18019,496,201.06,web
18020,701,227.13,app
18021,3265,72.7,web
18022,2399,89.97,app
18023,2147,102.09,app
18024,3709,115.16,web
18025,442,44.97,app
18026,259,54.25,app
18027,1432,97.95,web
18028,2958,61.6,web
18029,2976,100.77,app
18030,3516,24.57,web
18031,3717,79.6,web
18032,3343,218.6,web
18033,375,56.01,web
18034,1676,169.14,app
18035,3166,74.48,web
18036,3917,158.84,app
18037,2128,43.92,web
18038,3709,121.45,pos
18039,2118,143.39,web
18040,609,23.82,app
18041,3875,74.11,web
18042,2580,14.4,web
18043,2852,25.18,app
18044,1303,104.69,web
18045,1765,97.15,web
18046,1235,61.15,web
18047,2563,51.05,app
18048,1195,103.0,web
18049,3190,285.71,web
18050,928,91.78,web
18051,625,124.45,web
18052,2870,157.6,web
18053,1265,44.68,web
18054,1470,126.59,app
18055,3114,130.92,web
18056,1996,113.67,pos
18057,3811,169.61,web
18058,2722,126.27,app
18059,2059,76.89,app
18060,1061,79.9,pos
18061,2007,153.4,pos
18062,125,53.48,web
18063,3965,27.84,app
18064,2692,114.29,app
18065,252,27.75,app
18066,1522,70.0,app
18067,827,32.36,web
18068,84,73.41,web
18069,3518,39.82,web
18070,953,232.6,app
18071,3807,189.64,pos
18072,910,17.36,web
18073,1712,174.48,web
18074,3269,41.8,app
18075,2212,55.59,app
18076,403,36.05,web
18077,1628,65.25,web
18078,2075,21.44,app
18079,323,15.92,app
18080,3323,108.8,web
18081,367,66.73,pos
18082,3086,69.34,pos
18083,1672,36.31,app
18084,1525,128.23,app
18085,782,138.33,app
18086,3711,128.24,web
18087,3429,34.72,web
18088,3132,226.32,web
18089,2554,206.74,web
18090,332,131.89,web
18091,3327,39.94,web
18092,3675,9.73,app
18093,1252,109.83,web
18094,3611,80.12,app
18095,3613,30.34,app
18096,3275,56.21,web
18097,53,15.8,app
18098,2957,140.12,app
18099,3484,195.72,web
18100,583,158.68,web
18101,918,179.37,web
18102,2005,234.61,web
18103,3569,130.83,pos
18104,567,89.54,app
18105,1701,36.03,app
18106,1002,77.3,app
18107,3821,30.75,web
18108,2529,33.28,web
18109,1336,17.5,app
18110,3100,36.03,web
18111,2641,47.09,app
18112,1327,28.05,pos
18113,3322,101.05,app
18114,614,138.33,web
18115,1521,84.57,web
18116,3902,222.63,web
18117,3510,16.84,pos
18118,808,201.17,pos
18119,2540,36.44,app
18120,211,175.27,web
18121,1725,14.67,web
18122,861,142.8,web
18123,1772,170.1,app
18124,693,178.66,app
18125,1322,27.49,app
18126,2572,38.17,app
18127,891,137.91,app
18128,3426,66.63,web
18129,757,20.97,web
18130,2298,32.78,app
18131,1257,121.11,app
18132,3444,99.13,app
18133,517,80.27,app
18134,2457,149.69,web
18135,205,72.45,web
18136,430,20.33,web
18137,2241,75.0,app
18138,1483,41.68,web
18139,44,15.99,web
18140,3900,169.62,pos
18141,1222,13.3,app
18142,1935,125.39,app
18143,1129,85.96,pos
18144,551,162.04,web
18145,2449,40.01,web
18146,341,226.71,web
18147,2541,147.56,pos
18148,2495,148.9,web
18149,3321,202.84,web
18150,3465,69.27,app
18151,3799,152.13,app
18152,2696,131.96,pos
18153,987,53.74,web
18154,3617,267.05,app
18155,2302,66.62,pos
18156,1621,172.05,web
18157,2946,57.09,app
18158,737,223.3,web
18159,154,13.73,web
18160,1705,56.15,web
18161,2383,316.12,web
18162,2340,51.12,web
18163,2335,94.56,app
18164,1676,132.77,web
18165,885,22.97,web
18166,3758,88.25,web
18167,3422,49.39,app
18168,1598,101.98,pos
18169,3645,75.89,web
18170,1025,145.9,app
18171,3119,99.09,web
18172,874,26.32,web
18173,3689,115.08,pos
18174,3363,26.42,pos
18175,1507,88.79,app
18176,2309,156.18,app
18177,2506,95.78,web
18178,2364,157.2,web
18179,1875,98.83,web
18180,1374,74.56,app
18181,2339,6.57,web
18182,2329,113.92,pos
18183,199,217.46,web
18184,1145,58.68,web
18185,2385,86.98,app
18186,38,38.91,web
18187,1461,21.98,pos
18188,3236,83.86,app
18189,3061,206.97,web
18190,2653,9.61,app
18191,2727,47.9,web
18192,1744,27.14,app
18193,1326,108.22,app
18194,1383,25.56,web
18195,2556,84.62,web
18196,1887,116.37,app
18197,3001,90.69,web
18198,3778,94.01,app
18199,3134,148.78,web
18200,795,52.19,web
18201,2806,157.65,app
18202,2960,19.95,app
18203,2258,52.57,app
18204,2796,24.38,pos
18205,2109,141.1,app
18206,2922,94.71,app
18207,3862,45.73,web
18208,1521,103.68,pos
18209,854,17.34,web
18210,340,74.99,app
18211,1994,47.07,app
18212,2894,71.91,app
18213,2158,41.7,app
18214,2702,43.23,app
18215,3645,117.86,web
18216,3764,248.14,web
18217,1689,11.95,web
18218,3396,59.6,web
18219,3002,185.49,web
18220,2760,150.43,web
18221,3589,16.28,pos
18222,1609,53.8,web
18223,1818,13.51,pos
18224,2633,40.31,app
18225,3528,20.67,app
18226,1914,13.64,app
18227,3266,467.58,app
18228,1931,109.15,app
18229,681,150.5,web
18230,1744,30.38,pos
18231,3625,43.48,web
18232,2523,7.7,app
18233,633,157.43,app
18234,1558,163.29,web
18235,2156,84.28,pos
18236,335,2.94,web
18237,3242,33.69,web
18238,1864,38.85,web
18239,3807,26.82,app
18240,1112,214.56,app
18241,34,117.41,app
18242,1696,16.56,app
18243,3963,113.07,web
18244,1554,15.73,pos
18245,1003,128.69,app
18246,3068,66.57,pos
18247,3388,28.92,web
18248,3927,70.76,web
18249,1302,56.78,web
18250,794,37.81,web
18251,1033,282.32,web
18252,1063,174.16,web
18253,1108,107.03,app
18254,287,315.99,app
18255,807,31.38,web
18256,3261,6.7,pos
18257,741,37.11,web
18258,1633,146.53,pos
18259,3376,144.1,app
18260,277,254.33,web
18261,1941,344.58,app
18262,3540,105.22,app
18263,2086,75.72,app
18264,1967,134.11,web
18265,862,120.29,app
18266,3685,102.27,web
18267,2218,53.57,web
18268,796,83.28,app
18269,2919,92.61,pos
18270,1863,90.14,pos
18271,437,14.93,pos
18272,879,5.24,web
18273,1766,44.28,web
18274,2326,30.68,web
18275,3341,111.47,web
18276,3765,92.24,web
18277,2532,134.47,web
18278,2934,66.44,pos
18279,3722,48.74,app
18280,1423,252.4,web
18281,983,65.28,app
18282,2189,104.46,web
18283,1103,245.62,app
18284,690,149.61,web
18285,2330,179.85,web
18286,1852,58.13,web
18287,3954,176.23,web
18288,2261,33.54,web
18289,1473,81.02,web
18290,3752,311.7,web
18291,1122,101.53,web
18292,3053,108.06,web
18293,1391,93.07,web
18294,3170,22.39,web
18295,1705,233.42,app
18296,1934,123.63,app
18297,619,19.78,web
18298,1748,71.4,web
18299,3436,39.97,web
18300,1336,125.54,app
18301,475,98.32,web
18302,206,218.97,web
18303,2633,21.01,web
18304,1161,84.34,app
18305,566,87.36,app
18306,812,69.47,app
18307,2950,76.34,web
18308,2100,93.69,pos
18309,178,279.33,pos
18310,2680,116.71,web
18311,902,64.95,app
18312,3238,120.73,web
18313,3325,11.08,app
18314,1909,65.82,pos
18315,3388,241.93,web
18316,3803,71.96,app
18317,2471,139.23,web
18318,1797,143.28,app
18319,3070,105.24,web
18320,2834,127.64,web
18321,1996,45.25,web
18322,359,4.05,web
18323,3712,77.77,app
18324,860,145.71,web
18325,532,77.48,app
18326,2261,109.14,web
18327,3403,155.83,web
18328,777,22.41,web
18329,2902,168.38,web
18330,3123,31.34,web
18331,3796,46.53,web
18332,1722,186.22,pos
18333,335,89.68,web
18334,540,79.01,pos
18335,2568,132.12,web
18336,3080,53.64,web
18337,1835,40.33,app
18338,3270,38.05,web
18339,75,45.43,web
18340,295,53.72,web
18341,2741,49.04,app
18342,1110,91.06,web
18343,2361,160.97,web
18344,2854,14.43,web
18345,2011,129.08,web
18346,3206,113.37,pos
18347,2241,318.83,pos
18348,565,68.26,pos
18349,2815,66.33,web
18350,3766,35.4,app
18351,2730,24.77,web
18352,3673,146.35,app
18353,748,66.83,web
18354,1000,327.83,web
18355,465,68.23,web
18356,2774,131.01,web
18357,1694,122.95,web
18358,3142,67.77,app
18359,3609,82.77,pos
18360,737,60.94,web
18361,2474,179.71,web
18362,2880,42.02,web
18363,3577,91.71,web
18364,3730,258.55,pos
18365,827,251.26,web
18366,2319,91.71,app
18367,79,61.98,app
18368,2881,147.95,web
18369,904,92.96,app
18370,1192,74.15,app
18371,1970,144.66,web
18372,2951,31.27,pos
18373,1948,50.68,web
18374,61,97.19,pos
18375,468,70.16,app
18376,532,209.99,web
18377,3820,10.28,pos
18378,850,124.56,app
18379,3467,67.11,pos
18380,1816,48.12,web
18381,1492,158.09,web
18382,2657,139.13,web
18383,1708,18.76,web
18384,416,21.59,web
18385,2694,114.87,app
18386,1902,99.45,pos
18387,3853,78.04,app
18388,2556,459.08,pos
18389,2582,13.3,web
18390,1864,61.01,web
18391,1295,7.57,web
18392,2515,76.84,web
18393,1655,185.2,web
18394,3195,30.2,app
18395,1528,22.69,web
18396,548,206.29,pos
18397,1300,82.79,web
18398,3510,167.64,web
18399,3715,41.7,web
18400,3308,89.43,web
18401,1826,32.7,web
18402,831,101.47,web
18403,2952,14.58,pos
18404,1942,47.83,web
18405,1712,237.34,app
18406,2308,139.07,web
18407,2020,66.64,web
18408,2577,110.92,pos
18409,1177,52.62,pos
18410,1773,55.7,app
18411,544,37.36,app
18412,1084,43.51,app
18413,1229,6.27,app
18414,3827,47.21,app
18415,1303,110.96,web
18416,1202,116.85,pos
18417,3710,61.83,web
18418,1071,40.96,pos
18419,3064,8.44,web
18420,2031,26.55,pos
18421,1903,47.7,web
18422,2536,96.8,web
18423,2250,84.53,app
18424,3069,100.37,web
18425,3958,49.67,web
18426,2892,191.27,web
18427,617,109.4,web
18428,1543,135.02,pos
18429,1983,81.41,app
18430,844,44.98,web
18431,2380,44.58,pos
18432,574,223.17,web
18433,542,97.98,app
18434,2218,242.51,app
18435,973,44.82,app
18436,252,120.28,pos
18437,1316,163.04,app
18438,3424,73.96,web
18439,973,24.4,web
18440,3385,149.72,app
18441,1965,20.95,pos
18442,3613,82.94,pos
18443,558,17.77,app
18444,2849,137.49,web
18445,3793,83.73,app
18446,1870,112.79,app
18447,129,171.7,web
18448,2252,22.8,web
18449,2528,181.23,pos
18450,852,104.08,web
18451,3352,212.15,app
18452,1196,131.66,web
18453,2174,105.79,web
18454,1341,116.99,app
18455,1104,38.04,app
18456,2072,16.4,web
18457,129,45.31,app
18458,3267,2.31,app
18459,2874,96.72,app
18460,3753,14.87,app
18461,1082,116.78,app
18462,3044,99.39,web
18463,2890,140.53,web
18464,3071,6.99,pos
18465,481,47.28,app
18466,3602,133.19,web
18467,3201,172.25,pos
18468,1381,94.1,pos
18469,1710,100.2,app
18470,2126,8.14,app
18471,1840,141.02,web
18472,3685,114.75,web
18473,2458,306.55,web
18474,3430,86.82,web
18475,3217,111.78,app
18476,1524,47.22,web
18477,1927,30.5,web
18478,3256,35.7,app
18479,3447,163.78,app
18480,1306,89.35,web
18481,3288,41.34,web
18482,1814,169.37,web
18483,1394,120.94,web
18484,3938,68.57,app
18485,442,40.09,web
18486,3689,48.9,app
18487,2847,22.59,app
18488,3960,26.44,pos
18489,1793,62.53,app
18490,2468,128.28,web
18491,69,249.99,pos
18492,794,60.99,web
18493,1182,43.11,web
18494,1669,97.07,web
18495,3748,174.66,app
18496,3429,174.11,app
18497,3020,48.71,pos
18498,916,209.89,app
18499,3514,152.78,app
18500,681,184.05,web
18501,673,91.03,app
18502,2722,10.52,app
18503,185,51.12,pos
18504,987,215.51,web
18505,2896,15.26,app
18506,112,191.3,web
18507,3636,41.35,web
18508,453,29.83,app
18509,471,59.12,web
18510,3864,30.67,app
18511,889,39.2,pos
18512,1475,19.59,app
18513,2653,57.55,app
18514,1325,102.85,web
18515,1385,89.75,app
18516,2366,40.59,web
18517,2768,5.4,pos
18518,2463,57.06,web
18519,2176,136.42,pos
18520,3990,55.21,web
18521,1836,87.57,app
18522,1275,75.82,app
18523,3601,117.9,web
18524,2410,14.08,web
18525,63,200.39,web
18526,1212,96.99,web
18527,908,54.52,app
18528,3955,44.72,app
18529,1796,123.39,web
18530,2230,76.77,app
18531,3666,83.97,app
18532,1186,84.96,app
18533,345,88.58,pos
18534,3967,16.75,pos
18535,2700,46.87,app
18536,2771,75.65,pos
18537,3944,46.31,web
18538,2562,3.3,app
18539,7,32.24,app
18540,2222,61.56,app
18541,440,142.7,web
18542,3293,36.39,web
18543,3856,27.15,web
18544,3814,9.55,app
18545,3718,134.78,app
18546,2565,111.08,web
18547,2622,7.56,web
18548,3973,103.65,web
18549,2669,69.88,web
18550,3835,49.68,web
18551,2832,55.24,web
18552,675,96.44,web
18553,2974,258.11,pos
18554,3055,92.64,pos
18555,3284,10.41,pos
18556,3623,66.8,web
18557,3847,42.16,web
18558,465,112.19,web
18559,2208,66.39,web
18560,770,173.47,pos
18561,1871,137.5,web
18562,684,75.68,web
18563,956,52.74,web
18564,2125,40.64,app
18565,3342,11.31,web
18566,324,86.1,pos
18567,3256,34.29,web
18568,741,57.89,app
18569,86,131.47,web
18570,1054,40.5,pos
18571,985,45.73,pos
18572,2997,57.96,web
18573,3763,160.76,app
18574,855,2.62,pos
18575,3322,41.65,app
18576,3706,145.91,app
18577,2867,32.36,web
18578,427,16.4,web
18579,3297,110.02,web
18580,2543,88.87,web
18581,690,76.88,web
18582,1935,140.72,web
18583,1119,35.29,web
18584,580,41.4,web
18585,3975,58.26,app
18586,1327,238.59,web
18587,1380,74.56,web
18588,2783,37.4,pos
18589,850,33.63,web
18590,2301,117.42,web
18591,88,64.93,web
18592,1042,155.0,app
18593,2863,72.03,app
18594,1978,66.03,pos
18595,47,33.11,web
18596,566,310.01,web
18597,2262,57.5,web
18598,617,73.84,app
18599,1952,37.65,web
18600,1258,40.36,web
18601,3723,241.18,app
18602,1027,54.9,app
18603,305,31.25,web
18604,1358,116.46,web
18605,2921,68.99,app
18606,2999,56.43,pos
18607,632,211.52,web
18608,78,94.05,web
18609,3498,191.1,app
18610,2601,133.59,app
18611,1844,23.85,web
18612,420,106.5,web
18613,325,173.61,app
18614,3948,25.71,web
18615,1530,110.45,web
18616,390,22.31,web
18617,904,21.57,web
18618,2327,42.61,web
18619,3752,241.93,app
18620,3042,182.89,web
18621,3031,109.2,pos
18622,276,117.23,web
18623,93,131.84,web
18624,1337,261.01,web
18625,1845,168.1,app
18626,2178,20.18,web
18627,3043,56.38,web
18628,3345,70.36,web
18629,340,120.29,web
18630,1734,60.34,app
18631,3758,146.68,web
18632,948,35.93,web
18633,2386,95.14,web
18634,2838,103.52,web
18635,3992,163.84,web
18636,113,105.72,web
18637,1944,102.54,app
18638,2879,107.82,app
18639,1819,40.82,web
18640,626,58.33,web
18641,3719,99.81,app
18642,1921,138.08,app
18643,1720,46.98,app
18644,1532,222.38,pos
18645,1645,139.07,web
18646,1303,133.95,web
18647,1322,45.89,web
18648,2305,66.46,pos
18649,365,31.66,web
18650,1902,101.69,web
18651,2600,112.06,web
18652,3446,141.45,pos
18653,3736,81.29,app
18654,2686,99.98,app
18655,2554,37.66,app
18656,1761,113.59,pos
18657,153,168.35,app
18658,269,106.73,web
18659,1601,50.67,app
18660,93,183.91,web
18661,2510,54.96,web
18662,418,99.81,web
18663,3355,176.64,web
18664,3372,144.0,app
18665,715,52.92,web
18666,1078,29.87,web
18667,2283,54.98,app
18668,2167,91.85,web
18669,2670,82.63,web
18670,2059,69.1,web
18671,1920,59.5,web
18672,1526,150.21,web
18673,919,111.77,app
18674,2239,105.94,app
18675,2780,75.48,web
18676,3297,45.54,app
18677,2064,173.2,web
18678,2502,82.94,app
18679,3334,159.01,app
18680,2663,111.56,app
18681,2218,78.44,app
18682,3806,79.96,app
18683,1777,120.64,pos
18684,2353,143.06,web
18685,1309,46.65,app
18686,1225,26.61,web
18687,3184,114.25,web
18688,52,96.18,web
18689,1618,60.77,app
18690,1086,207.44,web
18691,2969,111.04,app
18692,2231,85.12,app
18693,3758,45.48,web
18694,3532,34.68,web
18695,822,121.99,web
18696,349,228.78,web
18697,1767,57.59,pos
18698,599,36.25,web
18699,3119,140.72,app
18700,1600,103.9,app
18701,7,145.21,web
18702,1216,28.51,pos
18703,1700,79.67,web
18704,1417,23.69,app
18705,3961,25.95,web
18706,1752,65.95,web
18707,1229,55.98,app
18708,2689,25.67,app
18709,1952,66.48,app
18710,820,56.2,pos
18711,886,21.36,app
18712,2944,146.0,web
18713,898,13.81,web
18714,2158,121.45,web
18715,70,58.38,web
18716,240,137.54,web
18717,3260,105.08,pos
18718,3564,42.8,app
18719,1799,159.79,web
18720,1514,179.76,web
18721,2603,59.74,app
18722,2996,43.79,app
18723,1546,15.43,app
18724,2667,273.35,app
18725,1874,106.99,web
18726,1111,183.47,web
18727,726,71.57,web
18728,2763,110.79,app
18729,99,58.41,app
18730,266,126.41,app
18731,1205,15.98,app
18732,865,30.97,app
18733,1731,103.26,app
18734,3612,129.21,web
18735,1551,134.7,pos
18736,401,50.56,app
18737,3277,32.92,pos
18738,2834,77.34,pos
18739,285,99.24,web
18740,3412,41.04,app
18741,2895,41.19,web
18742,1816,111.93,app
18743,128,61.28,web
18744,202,93.34,web
18745,1649,75.83,app
18746,3428,107.6,web
18747,3394,12.38,web
18748,2885,32.83,web
18749,3132,41.3,app
18750,2203,55.68,app
18751,3856,100.75,web
18752,668,55.98,web
18753,922,19.33,app
18754,2977,28.34,web
18755,2811,69.32,web
18756,3072,84.96,pos
18757,419,139.91,app
18758,925,164.2,web
18759,21,28.9,app
18760,354,111.94,web
18761,918,51.11,app
18762,3148,10.72,app
18763,2469,48.34,web
18764,3605,102.55,app
18765,287,19.83,app
18766,2019,95.74,pos
18767,1220,27.38,app
18768,572,40.76,app
18769,301,76.83,app
18770,2577,92.52,web
18771,1063,78.97,web
18772,1901,95.42,app
18773,1655,74.84,app
18774,2033,39.11,pos
18775,1245,172.21,web
18776,1637,159.36,web
18777,1969,133.25,pos
18778,243,14.52,web
18779,3841,85.85,web
18780,1533,37.19,app
18781,399,113.77,pos
18782,1239,73.68,pos
18783,2330,17.36,app
18784,3105,15.4,web
18785,652,12.95,app
18786,3713,54.45,web
18787,1072,55.45,web
18788,1472,20.43,web
18789,1322,166.48,app
18790,2852,51.32,app
18791,2625,33.19,app
18792,985,8.79,web
18793,3379,125.44,web
18794,501,60.16,app
18795,2002,159.91,web
18796,151,19.38,web
18797,1774,88.32,web
18798,2091,97.05,app
18799,2896,157.08,web
18800,3425,24.04,web
18801,2436,178.08,pos
18802,1216,24.86,web
18803,2181,46.1,web
18804,3155,35.95,pos
18805,2180,112.95,web
18806,2802,176.7,web
18807,349,251.85,pos
18808,2488,115.77,web
18809,725,109.78,app
18810,2418,165.43,web
18811,3665,188.6,app
18812,955,59.9,web
18813,3275,15.9,app
18814,3528,128.58,web
18815,265,32.05,app
18816,2478,15.54,web
18817,2535,35.07,app
18818,3994,136.99,pos
18819,2440,63.95,app
18820,2590,38.8,web
18821,2622,27.16,app
18822,608,131.96,app
18823,676,71.75,app
18824,2568,76.03,web
18825,18,7.08,pos
18826,671,247.19,web
18827,958,164.68,app
18828,1723,128.48,web
18829,3276,87.22,pos
18830,1759,88.95,web
18831,3298,270.62,app
18832,706,91.58,web
18833,73,46.18,pos
18834,3360,57.25,web
18835,1881,200.66,app
18836,542,34.55,web
18837,2926,18.25,web
18838,3006,54.77,app
18839,2873,96.68,web
18840,2087,34.49,app
18841,3085,30.89,app
18842,2854,75.18,app
18843,2102,77.81,web
18844,1931,471.12,web
18845,3079,127.68,web
18846,592,76.73,web
18847,1532,49.58,web
18848,2466,129.2,web
18849,3411,223.59,app
18850,2368,148.13,pos
18851,1076,45.09,web
18852,1511,27.02,web
18853,252,204.66,pos
18854,933,46.27,app
18855,1193,144.53,app
18856,974,160.51,app
18857,761,62.94,web
18858,274,137.26,app
18859,2640,96.0,web
18860,1632,105.33,app
18861,2872,123.26,web
18862,3583,120.85,app
18863,3136,188.44,app
18864,2458,105.07,app
18865,1665,128.17,app
18866,202,114.58,app
18867,12,134.82,web
18868,2137,72.29,app
18869,1520,311.5,web
18870,3957,18.86,pos
18871,3817,43.96,web
18872,2469,74.85,app
18873,3721,158.49,pos
18874,1141,8.36,web
18875,2570,51.97,app
18876,543,15.86,web
18877,1333,23.65,web
18878,2667,29.78,web
18879,811,52.77,pos
18880,471,215.21,web
18881,3280,31.91,web
18882,486,95.37,web
18883,1404,71.09,web
18884,1201,131.75,web
18885,2679,117.32,web
18886,1131,109.18,app
18887,2220,167.84,web
18888,3856,235.52,app
18889,2014,96.49,app
18890,2660,155.47,web
18891,1524,90.73,app
18892,1463,129.15,web
18893,1046,156.58,pos
18894,3749,30.71,web
18895,2880,46.92,web
18896,3370,37.02,web
18897,2608,258.1,web
18898,3894,32.98,pos
18899,1192,22.79,app
18900,2994,112.95,web
18901,3641,95.1,app
18902,415,45.75,app
18903,2419,123.06,app
18904,2185,63.99,app
18905,3518,88.65,app
18906,1600,172.72,web
18907,1059,120.63,web
18908,3035,154.85,pos
18909,2881,12.89,app
18910,63,42.4,web
18911,1509,47.58,web
18912,2915,32.64,web
18913,3352,137.83,app
18914,3562,61.17,web
18915,571,53.88,app
18916,3655,106.47,web
18917,2158,160.58,web
18918,1376,33.42,web
18919,2490,118.79,web
18920,895,16.07,web
18921,3499,136.37,web
18922,3205,34.48,app
18923,1075,264.38,pos
18924,3113,78.91,pos
18925,1285,51.33,pos
18926,1881,4.56,pos
18927,3574,131.95,web
18928,2993,18.24,web
18929,3432,243.69,web
18930,2831,12.1,web
18931,1219,160.67,web
18932,219,260.9,web
18933,3374,41.05,web
18934,3578,26.66,pos
18935,1740,272.13,web
18936,1313,131.39,pos
18937,368,61.3,pos
18938,98,133.36,web
18939,3341,102.56,pos
18940,2858,95.57,web
18941,3778,150.08,web
18942,3471,187.06,web
18943,945,90.3,web
18944,2942,28.97,web
18945,1772,75.4,app
18946,3942,28.91,web
18947,563,103.44,web
18948,2998,16.61,web
18949,1642,274.41,app
18950,1576,52.47,app
18951,3760,65.88,app
18952,2096,112.11,web
18953,1818,191.13,app
18954,200,191.18,pos
18955,862,61.31,app
18956,3285,75.71,web
18957,1530,54.34,app
18958,1655,39.25,web
18959,986,90.67,pos
18960,1711,72.97,web
18961,1598,163.03,web
18962,2580,25.17,app
18963,356,88.0,app
18964,1492,34.01,app
18965,2639,47.31,pos
18966,2385,51.51,web
18967,539,54.53,app
18968,3476,141.63,app
18969,1204,32.83,app
18970,1176,23.88,web
18971,3638,129.8,pos
18972,2402,90.43,web
18973,3226,191.17,app
18974,972,96.48,app
18975,1642,11.2,web
18976,2450,46.87,app
18977,2207,99.62,pos
18978,3672,42.25,web
18979,3148,104.53,pos
18980,1575,148.15,app
18981,1163,175.26,web
18982,101,108.24,web
18983,3168,30.45,web
18984,903,55.87,app
18985,1042,102.55,web
18986,2143,158.08,app
18987,386,112.91,pos
18988,1429,41.47,pos
18989,2764,38.74,web
18990,2146,16.89,web
18991,807,13.79,web
18992,2559,155.52,web
18993,1449,73.83,web
18994,561,114.59,web
18995,3480,147.45,web
18996,986,16.92,web
18997,466,68.89,pos
18998,2181,101.38,web
18999,3146,129.01,web
19000,577,91.32,web
19001,2577,105.95,web
19002,2894,18.23,web
19003,2998,7.63,web
19004,2064,65.15,web
19005,1994,20.58,app
19006,2590,101.38,app
19007,289,37.47,app
19008,635,27.76,web
19009,3130,129.87,web
19010,3744,46.88,pos
19011,818,89.04,web
19012,3906,32.94,web
19013,868,58.01,app
19014,2619,153.37,app
19015,1750,62.59,web
19016,1473,67.08,app
19017,3416,60.41,app
19018,2865,105.83,app
19019,1195,109.9,web
19020,1321,52.46,app
19021,2849,79.62,app
19022,2630,76.73,web
19023,3076,33.85,pos
19024,1691,49.26,pos
19025,1666,302.69,web
19026,2563,339.69,pos
19027,863,23.06,app
19028,3616,34.61,app
19029,2036,12.79,web
19030,1027,15.48,pos
19031,2334,73.75,pos
19032,2122,39.19,web
19033,1481,207.94,pos
19034,1252,60.16,pos
19035,2090,77.8,web
19036,3607,38.92,pos
19037,16,225.88,pos
19038,3797,203.61,pos
19039,3954,64.7,app
19040,1301,62.7,web
19041,2089,210.44,app
19042,2927,70.29,web
19043,1621,98.86,web
19044,964,97.08,web
19045,3348,65.43,pos
19046,2010,75.28,app
19047,1095,108.06,pos
19048,2659,66.52,web
19049,720,12.09,app
19050,2893,206.01,pos
19051,1540,100.75,pos
19052,3751,36.23,web
19053,1134,98.98,web
19054,2011,34.97,web
19055,2921,75.45,web
19056,1765,111.09,web
19057,1548,141.35,app
19058,2597,58.14,web
19059,2732,89.85,pos
19060,1726,46.25,web
19061,2764,128.57,app
19062,3727,104.11,web
19063,1796,68.01,web
19064,3225,106.82,web
19065,1177,77.19,web
19066,1850,105.84,web
19067,3182,211.51,app
19068,2381,170.41,app
19069,558,99.53,app
19070,720,147.84,web
19071,38,133.04,web
19072,2444,25.99,app
19073,32,66.31,web
19074,3711,28.6,web
19075,3883,79.58,app
19076,3083,23.12,app
19077,450,35.11,app
19078,2284,53.13,web
19079,3544,35.97,app
19080,3769,183.53,web
19081,1198,70.27,app
19082,2500,162.0,app
19083,1315,119.7,pos
19084,3207,37.61,pos
19085,2157,184.1,web
19086,3704,192.44,app
19087,2016,86.77,app
19088,841,158.67,web
19089,1963,64.96,web
19090,3018,55.16,app
19091,214,38.75,app
19092,2416,134.85,web
19093,2434,88.31,web
19094,3581,100.11,web
19095,1705,76.42,web
19096,3511,536.5,app
19097,2785,10.67,web
19098,3577,165.89,web
19099,1573,62.8,app
19100,14,56.18,app
19101,107,54.1,app
19102,658,309.57,web
19103,3129,42.57,pos
19104,3037,86.82,app
19105,3674,130.33,web
19106,344,40.87,web
19107,3461,39.18,web
19108,3308,34.9,web
19109,3441,20.24,pos
19110,71,68.56,app
19111,3361,260.12,web
19112,1935,183.71,web
19113,3457,205.43,app
19114,3228,49.36,app
19115,3458,127.67,app
19116,3504,79.75,app
19117,919,175.83,app
19118,1582,88.79,app
19119,3614,66.97,app
19120,3939,323.13,web
19121,1886,257.36,web
19122,2399,64.42,pos
19123,1730,48.96,app
19124,3725,74.85,pos
19125,1744,17.09,web
19126,1494,39.21,app
19127,1263,129.62,web
19128,1596,53.47,web
19129,3547,129.41,app
19130,1200,14.12,app
19131,3813,31.24,app
19132,2759,162.25,web
19133,1963,81.1,app
19134,358,6.27,web
19135,2812,173.0,app
19136,1682,148.03,web
19137,1398,148.92,pos
19138,3371,54.15,app
19139,1384,113.46,app
19140,1128,273.05,web
19141,2067,57.77,pos
19142,1650,85.47,app
19143,2122,52.09,app
19144,1630,157.96,app
19145,300,20.07,app
19146,478,19.92,web
19147,3154,13.75,app
19148,958,200.84,web
19149,594,65.69,web
19150,3913,49.19,web
19151,412,14.26,web
19152,1453,70.34,web
19153,2285,34.9,web
19154,689,80.55,web
19155,3293,163.66,web
19156,684,173.98,app
19157,3166,48.43,web
19158,2534,89.27,app
19159,1210,152.35,web
19160,1703,197.97,web
19161,961,60.59,app
19162,135,71.39,pos
19163,55,215.3,web
19164,2686,60.43,app
19165,2859,176.33,app
19166,2503,59.44,web
19167,3695,119.93,web
19168,3685,44.58,web
19169,2806,98.74,web
19170,1314,91.37,app
19171,50,246.97,app
19172,2738,161.35,web
19173,2257,58.21,app
19174,192,57.89,app
19175,1615,69.37,web
19176,2213,74.19,app
19177,1384,43.92,app
19178,3379,77.22,pos
19179,820,175.31,web
19180,515,104.65,pos
19181,1608,41.22,web
19182,3883,125.06,web
19183,85,125.05,app
19184,2029,205.77,app
19185,999,45.16,app
19186,500,55.94,web
19187,2251,121.71,app
19188,2218,203.7,web
19189,1743,141.16,web
19190,922,66.9,web
19191,1287,50.52,web
19192,2777,124.02,web
19193,2782,112.0,web
19194,952,26.61,app
19195,2323,133.39,app
19196,3856,109.45,app
19197,208,69.61,web
19198,3098,23.93,app
19199,3048,54.96,app
19200,3432,211.42,pos
19201,1307,68.09,pos
19202,2228,67.94,app
19203,1522,103.08,web
19204,3664,165.97,app
19205,301,130.3,web
19206,528,35.66,app
19207,666,132.4,web
19208,898,25.79,app
19209,330,177.68,app
19210,1109,108.34,pos
19211,1712,63.81,web
19212,2756,16.02,web
19213,2284,61.54,app
19214,910,81.43,pos
19215,2292,35.66,web
19216,1591,83.38,web
19217,3724,138.12,app
19218,2540,95.73,web
19219,1528,117.46,web
19220,381,85.23,pos
19221,2179,141.6,pos
19222,1260,91.67,web
19223,3353,27.86,app
19224,2335,117.22,web
19225,2703,72.04,web
19226,2751,73.58,web
19227,2666,39.99,web
19228,538,52.66,web
19229,1078,34.39,web
19230,2758,71.0,pos
19231,1052,48.93,web
19232,1940,20.04,web
19233,1077,159.22,pos
19234,3165,48.41,app
19235,584,55.34,web
19236,2553,87.54,pos
19237,2010,26.78,app
19238,2929,82.48,web
19239,3756,78.54,pos
19240,259,5.64,web
19241,3740,49.06,pos
19242,2576,83.7,pos
19243,3612,32.62,web
19244,746,184.61,web
19245,3865,123.75,app
19246,3043,121.1,web
19247,3792,24.21,web
19248,436,65.52,app
19249,3576,204.4,app
19250,2735,219.13,app
19251,770,24.65,pos
19252,3938,141.0,web
19253,1898,47.31,pos
19254,475,81.14,web
19255,228,2.35,app
19256,66,22.25,app
19257,2986,13.49,app
19258,2932,65.11,web
19259,3918,79.31,app
19260,627,125.99,web
19261,68,53.4,web
19262,1400,11.48,web
19263,828,50.86,pos
19264,1211,69.97,web
19265,641,45.78,app
19266,10,339.6,pos
19267,1203,137.68,web
19268,3304,68.49,web
19269,379,38.83,pos
19270,3269,19.52,web
19271,3050,142.17,app
19272,2584,105.81,app
19273,1586,144.5,web
19274,1094,25.22,pos
19275,921,215.55,web
19276,3481,22.35,web
19277,2830,25.13,app
19278,1676,97.88,app
19279,3024,57.71,app
19280,1609,16.56,web
19281,1150,137.28,app
19282,3233,116.55,web
19283,3701,51.07,web
19284,1199,207.96,web
19285,1398,237.54,app
19286,1910,154.94,web
19287,3610,69.4,web
19288,3772,140.77,web
19289,2216,121.31,web
19290,779,66.18,web
19291,1545,55.44,app
19292,3,79.77,app
19293,1845,168.96,web
19294,3239,44.27,pos
19295,1853,149.88,web
19296,393,36.41,pos
19297,152,167.12,app
19298,719,48.54,web
19299,666,69.96,app
19300,1165,125.85,pos
19301,3229,52.92,web
19302,255,166.2,app
19303,3973,27.26,app
19304,2216,54.52,web
19305,3515,64.61,app
19306,3492,131.63,web
19307,1177,64.0,pos
19308,975,137.4,app
19309,2501,111.25,pos
19310,1812,63.55,web
19311,789,51.98,web
19312,3961,179.29,app
19313,140,102.54,app
19314,3912,97.53,web
19315,1092,76.07,app
19316,418,95.84,app
19317,1649,141.81,app
19318,2866,37.91,web
19319,883,14.75,web
19320,3588,43.78,app
19321,1231,86.9,app
19322,2442,160.67,app
19323,2148,81.0,pos
19324,3714,105.95,app
19325,2352,26.69,app
19326,3915,70.73,web
19327,3514,16.79,web
19328,3571,136.36,app
19329,572,130.71,pos
19330,3640,74.57,app
19331,1493,220.83,web
19332,2974,114.37,web
19333,2121,49.38,app
19334,1527,227.41,web
19335,293,34.33,web
19336,329,24.7,web
19337,747,43.67,app
19338,2159,315.65,web
19339,726,25.19,app
19340,2033,111.02,pos
19341,2208,11.56,web
19342,882,106.29,web
19343,2862,200.85,web
19344,2983,120.61,app
19345,1693,54.66,app
19346,3694,60.84,app
19347,1763,114.79,web
19348,1938,184.93,app
19349,1597,74.58,app
19350,3510,80.77,web
19351,3393,76.88,web
19352,2566,99.95,web
19353,2311,8.98,app
19354,3985,124.09,web
19355,2232,38.8,web
19356,2424,58.49,pos
19357,3679,98.95,app
19358,3307,115.15,app
19359,3694,106.69,pos
19360,1363,131.16,pos
19361,1473,258.65,web
19362,532,11.0,web
19363,2549,72.77,pos
19364,1548,29.86,web
19365,757,59.73,web
19366,2722,48.9,web
19367,157,101.1,web
19368,1784,51.78,app
19369,1361,28.15,web
19370,2591,174.16,web
19371,1292,77.95,web
19372,2014,55.54,app
19373,3565,76.69,app
19374,3972,112.7,app
19375,3682,74.71,pos
19376,581,30.13,app
19377,2035,160.19,web
19378,533,259.64,web
19379,425,20.78,web
19380,322,71.15,web
19381,3331,30.22,web
19382,1577,31.49,web
19383,10,110.86,web
19384,2945,72.58,web
19385,3224,107.28,web
19386,3150,125.85,pos
19387,3565,63.28,app
19388,2033,142.45,pos
19389,3134,94.61,web
19390,734,58.08,app
19391,2004,15.43,web
19392,233,26.07,app
19393,3062,127.53,pos
19394,1427,18.68,app
19395,639,57.81,web
19396,2183,48.23,web
19397,2740,63.58,app
19398,742,47.11,web
19399,2349,95.33,web
19400,1739,130.0,web
19401,2560,89.74,web
19402,1696,85.5,app
19403,3625,111.67,web
19404,2417,15.91,web
19405,364,12.91,app
19406,2659,50.46,web
19407,232,151.62,app
19408,1837,137.72,web
19409,3613,54.02,web
19410,1155,31.13,app
19411,1743,143.92,app
19412,1673,215.75,app
19413,3567,109.25,pos
19414,2276,80.73,web
19415,3511,136.97,pos
19416,1599,95.65,app
19417,137,24.81,web
19418,2761,298.2,web
19419,312,220.08,pos
19420,1721,75.35,pos
19421,1588,68.6,web
19422,947,35.36,app
19423,352,47.81,web
19424,2423,77.38,app
19425,2634,63.03,web
19426,1621,185.66,pos
19427,3580,85.21,app
19428,3879,81.73,web
19429,3977,38.0,app
19430,168,84.61,app
19431,3597,195.31,web
19432,31,76.52,app
19433,1691,56.92,web
19434,2346,31.22,app
19435,1321,50.61,web
19436,1998,21.54,web
19437,2583,75.2,web
19438,1273,60.33,app
19439,3640,117.33,web
19440,1338,21.48,web
19441,2249,22.37,pos
19442,386,78.22,web
19443,2930,129.87,web
19444,1602,98.44,app
19445,3503,134.53,web
19446,1741,113.15,web
19447,861,71.34,web
19448,2758,86.33,app
19449,553,163.27,web
19450,3991,14.8,app
19451,2954,144.35,app
19452,345,39.2,web
19453,3334,151.59,app
19454,1155,74.8,web
19455,3993,79.88,pos
19456,231,78.22,web
19457,2300,74.06,web
19458,1739,209.13,web
19459,945,44.12,web
19460,3968,108.19,app
19461,3735,31.71,web
19462,617,66.54,app
19463,3289,52.73,web
19464,3458,313.12,web
19465,3487,233.01,web
19466,2219,100.13,web
19467,3110,50.86,web
19468,619,73.96,web
19469,2356,45.47,app
19470,1416,110.62,web
19471,769,42.3,web
19472,498,79.45,web
19473,3886,53.85,pos
19474,2026,58.38,app
19475,3898,95.47,app
19476,1515,125.59,pos
19477,2177,70.21,app
19478,3541,103.94,web
19479,1535,43.05,pos
19480,2196,39.4,web
19481,3736,88.91,web
19482,1300,178.63,web
19483,2546,85.97,app
19484,568,192.52,web
19485,2303,91.57,web
19486,539,135.36,web
19487,263,59.06,web
19488,1649,88.43,pos
19489,374,123.66,web
19490,1238,50.71,web
19491,2809,174.46,web
19492,3136,96.58,pos
19493,3545,137.83,web
19494,3224,31.04,app
19495,41,125.81,web
19496,991,111.56,app
19497,3490,34.64,app
19498,3358,44.28,pos
19499,660,180.97,web
19500,190,76.77,web
19501,3056,42.92,pos
19502,421,73.2,app
19503,3164,97.06,pos
19504,1447,19.52,app
19505,3149,39.9,web
19506,401,101.24,web
19507,3197,59.12,pos
19508,3032,180.45,pos
19509,1822,78.23,pos
19510,3222,51.75,app
19511,1466,93.36,app
19512,3910,194.53,web
19513,1421,8.05,app
19514,2750,95.41,web
19515,110,27.97,app
19516,608,16.84,web
19517,2601,68.18,web
19518,3701,104.32,web
19519,2417,36.19,web
19520,2856,131.29,app
19521,421,107.92,app
19522,2719,173.3,web
19523,814,52.71,web
19524,1193,20.39,web
19525,1361,36.72,web
19526,1220,236.12,web
19527,1311,20.98,app
19528,2384,49.32,web
19529,3563,174.88,pos
19530,3251,97.1,app
19531,770,116.1,web
19532,1833,39.14,web
19533,2958,90.91,app
19534,1027,69.82,web
19535,1555,38.94,app
19536,1407,57.91,app
19537,1983,34.71,web
19538,1018,134.77,app
19539,686,105.86,app
19540,3485,34.72,pos
19541,2533,163.18,web
19542,3867,124.13,web
19543,1732,146.09,pos
19544,1835,61.77,web
19545,2947,48.27,pos
19546,2146,341.79,web
19547,1482,30.25,web
19548,858,166.12,web
19549,1249,95.48,web
19550,2263,39.17,pos
19551,1353,59.34,web
19552,2248,170.21,app
19553,2729,45.84,app
19554,419,172.47,web
19555,1993,93.28,web
19556,3660,51.81,pos
19557,650,166.65,web
19558,400,45.26,app
19559,3570,187.16,web
19560,1581,9.56,app
19561,2311,71.36,app
19562,236,73.11,web
19563,1273,97.91,app
19564,570,137.0,app
19565,3930,72.05,pos
19566,1933,87.13,web
19567,3288,178.51,web
19568,127,38.27,web
19569,3865,276.51,web
19570,3831,208.17,web
19571,3062,11.82,web
19572,2933,99.87,pos
19573,3222,1.76,web
19574,113,41.01,web
19575,3972,57.0,web
19576,3046,21.42,web
19577,3735,164.72,app
19578,3465,156.05,web
19579,3074,8.27,web
19580,463,9.63,pos
19581,43,101.56,web
19582,2942,136.5,app
19583,3779,124.48,app
19584,2213,126.02,pos
19585,2864,21.84,web
19586,2976,13.97,pos
19587,3371,8.82,web
19588,1384,85.8,web
19589,2320,29.25,web
19590,3012,9.77,pos
19591,1871,48.79,app
19592,1223,31.86,app
19593,3898,65.69,web
19594,2876,107.28,app
19595,3781,119.89,web
19596,2603,54.32,web
19597,1774,113.63,app
19598,1657,68.4,app
19599,2621,52.67,web
19600,1354,70.52,app
19601,2731,22.84,app
19602,2220,35.95,app
19603,3208,68.77,web
19604,3990,44.77,web
19605,2655,39.32,web
19606,628,37.68,web
19607,3370,28.93,web
19608,1184,154.78,app
19609,1677,159.71,web
19610,698,29.7,app
19611,1870,96.25,app
19612,1925,84.8,app
19613,2983,56.09,web
19614,833,18.12,web
19615,2970,42.48,web
19616,851,84.61,web
19617,2115,203.27,web
19618,3948,29.1,web
19619,1582,20.06,web
19620,329,46.14,web
19621,2661,83.35,web
19622,2641,177.9,web
19623,2752,36.31,app
19624,1913,150.79,web
19625,1346,53.23,web
19626,3775,40.49,pos
19627,2398,93.09,app
19628,3114,82.87,web
19629,2411,33.59,web
19630,884,80.89,app
19631,569,33.74,web
19632,3854,75.31,web
19633,954,106.4,web
19634,1339,8.74,app
19635,2950,32.05,web
19636,65,35.61,app
19637,3743,36.33,web
19638,2592,50.85,web
19639,2325,150.35,app
19640,3418,29.99,web
19641,967,72.5,pos
19642,3975,286.15,web
19643,3738,77.79,pos
19644,161,52.52,pos
19645,1083,97.7,app
19646,3626,82.14,pos
19647,1061,75.05,app
19648,731,88.75,web
19649,2059,155.63,web
19650,3099,88.0,pos
19651,716,127.16,web
19652,2404,17.94,web
19653,1528,66.89,app
19654,2006,28.09,web
19655,3576,153.49,web
19656,607,283.9,web
19657,3439,83.79,web
19658,1262,18.61,web
19659,2221,143.09,pos
19660,561,59.92,web
19661,3581,168.66,app
19662,3908,106.71,web
19663,2059,61.17,app
19664,577,15.75,web
19665,400,49.88,web
19666,1725,35.66,web
19667,34,7.15,web
19668,156,98.78,web
19669,75,120.89,app
19670,2347,140.06,app
19671,574,42.26,pos
19672,3451,80.14,app
19673,838,43.18,web
19674,2938,23.25,app
19675,801,48.69,web
19676,516,70.28,web
19677,2448,131.86,web
19678,1096,100.07,app
19679,2954,131.09,app
19680,3304,44.92,app
19681,2407,182.92,web
19682,3520,161.24,web
19683,631,188.41,web
19684,2159,60.21,web
19685,2296,22.56,web
19686,59,40.12,pos
19687,251,95.62,web
19688,3023,56.64,web
19689,3059,57.86,web
19690,131,52.8,web
19691,122,72.86,web
19692,288,83.05,web
19693,2464,142.19,web
19694,2779,195.43,web
19695,2509,12.08,web
19696,2201,80.22,app
19697,1876,63.44,web
19698,831,59.91,web
19699,2882,37.67,app
19700,1333,95.03,web
19701,3925,35.49,app
19702,2750,16.99,web
19703,3859,26.25,pos
19704,3561,120.97,web
19705,2573,81.8,app
19706,2362,51.17,app
19707,3902,92.04,app
19708,1188,64.07,app
19709,185,128.64,app
19710,1949,46.83,app
19711,1024,11.57,web
19712,3690,31.64,web
19713,2091,241.32,pos
19714,3927,49.98,web
19715,427,123.86,pos
19716,2876,66.58,web
19717,3946,50.96,pos
19718,3270,113.46,web
19719,1495,89.81,web
19720,1603,29.76,web
19721,2242,207.71,web
19722,1681,124.09,web
19723,2150,49.49,web
19724,3248,37.03,web
19725,1699,77.9,web
19726,1043,9.66,web
19727,2040,94.98,app
19728,1404,56.23,app
19729,3172,51.46,app
19730,2088,27.45,pos
19731,73,115.71,app
19732,1529,13.84,web
19733,3156,67.65,app
19734,3609,152.81,pos
19735,3501,45.22,web
19736,3804,42.89,app
19737,3178,44.35,pos
19738,2720,38.77,web
19739,2219,177.82,app
19740,3884,59.92,web
19741,3126,51.59,web
19742,1959,112.87,web
19743,211,126.87,pos
19744,2778,67.6,pos
19745,3787,126.82,pos
19746,3394,31.29,web
19747,1925,114.92,app
19748,3878,144.57,web
19749,452,106.5,app
19750,3352,9.45,web
19751,2480,107.72,app
19752,2445,91.85,web
19753,1521,148.54,pos
19754,3794,152.33,web
19755,1532,69.47,web
19756,3877,49.55,web
19757,3782,68.95,web
19758,2121,117.66,web
19759,1348,101.64,app
19760,1249,19.1,pos
19761,3253,52.1,app
19762,2662,133.06,app
19763,2397,53.1,app
19764,1315,82.82,web
19765,2910,102.73,web
19766,754,106.61,web
19767,3548,37.09,web
19768,2769,54.81,app
19769,1541,36.62,web
19770,1686,32.14,pos
19771,2479,307.23,web
19772,3643,15.35,web
19773,2280,22.77,web
19774,3935,124.51,app
19775,1964,84.31,web
19776,813,145.78,app
19777,2048,86.23,pos
19778,1309,129.77,app
19779,984,77.9,web
19780,1457,93.03,web
19781,197,218.53,web
19782,1504,118.58,web
19783,2433,132.75,web
19784,2148,34.47,web
19785,2812,51.67,web
19786,3939,79.41,app
19787,2777,39.84,app
19788,1698,68.02,app
19789,1692,51.97,pos
19790,865,14.47,pos
19791,2464,29.12,web
19792,967,83.0,web
19793,356,38.72,web
19794,2816,56.63,pos
19795,493,42.92,web
19796,256,141.95,web
19797,1912,37.28,app
19798,3223,49.8,web
19799,1660,61.84,pos
19800,2912,33.9,web
19801,2420,14.95,web
19802,783,85.98,web
19803,1922,178.87,web
19804,1445,54.99,app
19805,1876,30.25,pos
19806,1028,136.64,web
19807,3538,90.65,web
19808,3100,67.75,app
19809,1553,20.45,web
19810,2221,47.84,app
19811,2212,106.96,web
19812,3855,160.49,pos
19813,2754,78.18,web
19814,2517,152.8,pos
19815,3399,123.13,web
19816,543,51.39,web
19817,483,63.82,web
19818,832,49.5,web
19819,179,284.22,web
19820,1236,98.16,app
19821,757,52.28,app
19822,2279,218.55,app
19823,2416,23.29,web
19824,3608,56.44,pos
19825,1605,177.87,web
19826,2632,73.36,app
19827,2290,74.88,pos
19828,3656,91.93,app
19829,3212,29.55,web
19830,779,130.66,web
19831,1712,22.07,app
19832,1138,78.08,web
19833,1483,26.85,web
19834,2415,101.26,web
19835,98,98.38,web
19836,517,117.42,pos
19837,3633,22.39,web
19838,2569,150.79,app
19839,2755,51.54,app
19840,3554,83.89,pos
19841,2975,122.09,web
19842,3318,71.67,app
19843,317,82.21,web
19844,2766,46.97,app
19845,3646,135.73,app
19846,2815,90.48,app
19847,1525,41.41,pos
19848,1840,39.65,web
19849,3450,79.51,web
19850,155,82.53,app
19851,1118,20.0,web
19852,3235,111.41,web
19853,3879,35.35,web
19854,1793,272.31,web
19855,868,146.17,web
19856,1905,46.04,app
19857,1298,22.22,web
19858,1763,14.2,pos
19859,3201,17.79,app
19860,2031,235.77,app
19861,1427,219.97,web
19862,2591,74.21,app
19863,2864,67.49,web
19864,1969,39.4,app
19865,2515,14.2,pos
19866,1764,64.27,web
19867,3999,106.16,pos
19868,2122,112.23,web
19869,2342,133.58,web
19870,1526,440.94,web
19871,2509,192.66,web
19872,3165,150.75,web
19873,3995,143.59,app
19874,3297,27.92,web
19875,3971,51.56,web
19876,418,25.42,pos
19877,3763,42.95,app
19878,2464,37.26,app
19879,642,313.4,app
19880,719,204.85,app
19881,3431,17.94,web
19882,636,117.36,pos
19883,920,41.01,web
19884,1197,36.83,pos
19885,3008,36.02,web
19886,1615,42.34,web
19887,915,53.8,web
19888,110,46.71,pos
19889,819,81.88,web
19890,954,116.03,pos
19891,3053,126.21,web
19892,332,35.58,web
19893,3576,103.87,app
19894,606,135.73,web
19895,1453,148.64,pos
19896,1343,94.81,web
19897,3370,30.04,pos
19898,2160,17.22,web
19899,2000,99.68,pos
19900,3520,18.6,pos
19901,1483,32.57,web
19902,3487,404.61,app
19903,1091,140.5,web
19904,3930,4.89,app
19905,2696,27.08,web
19906,3331,148.29,web
19907,1897,26.77,app
19908,138,130.14,app
19909,1772,40.28,web
19910,3724,72.17,app
19911,414,51.01,web
19912,1602,14.59,app
19913,3830,83.41,app
19914,3518,101.29,pos
19915,998,42.27,app
19916,3520,184.56,app
19917,1233,115.86,app
19918,73,60.26,app
19919,470,147.73,pos
19920,2029,80.45,pos
19921,2081,22.55,app
19922,3593,80.43,app
19923,3105,88.68,pos
19924,2697,342.02,app
19925,3588,37.47,web
19926,2005,151.0,app
19927,1000,79.78,app
19928,233,19.84,app
19929,2580,274.7,pos
19930,2909,91.36,web
19931,1016,479.44,web
19932,962,80.89,app
19933,2255,6.04,app
19934,3602,46.44,web
19935,317,188.45,web
19936,1737,85.49,app
19937,3854,75.81,web
19938,1080,84.69,web
19939,2243,10.37,app
19940,3852,125.99,web
19941,1636,126.53,app
19942,2765,40.36,pos
19943,2326,49.66,app
19944,601,41.93,app
19945,3434,50.35,web
19946,1123,53.71,app
19947,3459,105.93,web
19948,1159,78.45,pos
19949,2252,70.57,app
19950,373,127.28,web
19951,2992,34.23,pos
19952,1501,72.18,app
19953,2452,175.85,app
19954,779,60.16,pos
19955,3522,95.84,app
19956,3074,46.26,web
19957,2906,40.03,app
19958,957,32.23,pos
19959,2149,27.75,app
19960,3947,34.15,web
19961,2528,60.36,pos
19962,1672,76.73,web
19963,476,25.02,app
19964,1290,85.89,pos
19965,798,38.73,web
19966,3773,110.86,web
19967,1945,3.89,pos
19968,3330,82.0,web
19969,324,155.94,app
19970,2050,45.87,app
19971,1393,50.33,web
19972,1281,78.83,app
19973,2507,29.03,web
19974,3819,189.71,pos
19975,2524,33.43,web
19976,1763,24.83,pos
19977,938,300.74,web
19978,2527,24.31,web
19979,3013,4.6,web
19980,712,129.57,app
19981,2007,82.19,app
19982,3371,85.78,app
19983,226,16.2,web
19984,1492,73.07,app
19985,3076,8.38,web
19986,3334,23.37,web
19987,2634,143.09,web
19988,970,31.51,app
19989,178,33.05,web
19990,619,47.3,app
19991,2254,63.8,web
19992,910,59.3,app
19993,3320,86.91,app
19994,3676,223.51,web
19995,2955,163.56,web
19996,2406,114.55,app
19997,994,105.88,app
19998,2156,164.57,web
19999,3135,12.69,web
20000,787,124.19,app
